event_id,appliance_name,appliance_id,original_start_time,original_end_time,optimized_start_time,optimized_end_time,duration_minutes,original_cost_reported,optimized_cost_reported,original_cost_calculated,optimized_cost_calculated,cost_savings_calculated,savings_percentage_calculated,is_shifted,original_low_price_power,original_high_price_power,original_missing_minutes,optimized_low_price_power,optimized_high_price_power,optimized_missing_minutes
Dishwasher_2014-03-07_01,Dishwasher,Appliance6,2014-03-07 19:19:00,2014-03-07 19:57:00,2014-03-07 20:04:00,2014-03-07 20:42:00,38,0.233395212121212,0.116697606060606,0.23339521212121206,0.11669760606060603,0.11669760606060603,50.0,True,0.0,46.67904242424241,0,46.67904242424241,0.0,0
Dishwasher_2014-03-09_01,Dishwasher,Appliance6,2014-03-09 09:18:00,2014-03-09 10:28:00,2014-03-09 13:03:00,2014-03-09 14:13:00,70,0.4383263176406927,0.2191631588203463,0.4383263176406927,0.21916315882034634,0.21916315882034634,50.0,True,0.0,87.6652635281385,3,87.6652635281385,0.0,3
Dishwasher_2014-03-10_02,Dishwasher,Appliance6,2014-03-10 18:59:00,2014-03-10 20:08:00,2014-03-10 20:14:00,2014-03-10 21:23:00,69,0.4084120266955265,0.2137590102813853,0.4084120266955265,0.21375901028138525,0.19465301641414126,47.66094132660207,True,7.642397546897546,77.86120656565657,0,85.50360411255411,0.0,0
Dishwasher_2014-03-13_01,Dishwasher,Appliance6,2014-03-13 08:44:00,2014-03-13 08:54:00,2014-03-13 13:14:00,2014-03-13 13:24:00,10,0.003696,0.001848,0.003696,0.001848,0.001848,50.0,True,0.0,0.7392000000000001,0,0.7392000000000001,0.0,0
Dishwasher_2014-03-16_01,Dishwasher,Appliance6,2014-03-16 09:44:00,2014-03-16 10:55:00,2014-03-16 13:14:00,2014-03-16 14:25:00,71,0.435232111111111,0.2176160555555555,0.43523211111111104,0.21761605555555552,0.21761605555555552,50.0,True,0.0,87.04642222222222,0,87.04642222222222,0.0,0
Dishwasher_2014-03-17_01,Dishwasher,Appliance6,2014-03-17 18:49:00,2014-03-17 19:27:00,2014-03-17 20:04:00,2014-03-17 20:42:00,38,0.241087647005772,0.120543823502886,0.24108764700577198,0.12054382350288599,0.12054382350288599,50.0,True,0.0,48.217529401154394,0,48.217529401154394,0.0,0
Dishwasher_2014-03-21_01,Dishwasher,Appliance6,2014-03-21 09:22:00,2014-03-21 10:35:00,2014-03-21 13:07:00,2014-03-21 14:20:00,73,0.449908152236652,0.224954076118326,0.4499081522366521,0.22495407611832605,0.22495407611832605,50.0,True,0.0,89.98163044733046,0,89.98163044733046,0.0,0
Dishwasher_2014-03-27_02,Dishwasher,Appliance6,2014-03-27 18:57:00,2014-03-27 19:04:00,2014-03-27 20:12:00,2014-03-27 20:19:00,7,0.0031676818181818,0.0015838409090909,0.0031676818181818178,0.0015838409090909089,0.0015838409090909089,50.0,True,0.0,0.6335363636363637,0,0.6335363636363637,0.0,0
Dishwasher_2014-03-28_05,Dishwasher,Appliance6,2014-03-28 22:51:00,2014-03-29 00:00:00,2014-03-29 12:51:00,2014-03-29 14:00:00,69,0.4383186666666666,0.2221088333333332,0.4383186666666666,0.22210883333333328,0.2162098333333333,49.327087750464656,True,0.0,87.66373333333334,0,86.48393333333334,1.1798000000000002,0
Dishwasher_2014-03-31_01,Dishwasher,Appliance6,2014-03-31 17:43:00,2014-03-31 18:54:00,2014-03-31 20:13:00,2014-03-31 21:24:00,71,0.4400268749999999,0.2200134374999999,0.4400268749999998,0.2200134374999999,0.2200134374999999,50.0,True,0.0,88.005375,0,88.005375,0.0,0
Dishwasher_2014-04-03_02,Dishwasher,Appliance6,2014-04-03 17:50:00,2014-04-03 18:58:00,2014-04-03 20:05:00,2014-04-03 21:13:00,68,0.4284905317460317,0.2142452658730158,0.4284905317460317,0.21424526587301584,0.21424526587301584,50.0,True,0.0,85.69810634920633,0,85.69810634920633,0.0,0
Dishwasher_2014-04-05_01,Dishwasher,Appliance6,2014-04-05 12:17:00,2014-04-05 12:53:00,2014-04-05 13:02:00,2014-04-05 13:38:00,36,0.2322194204545454,0.1161097102272727,0.23221942045454547,0.11610971022727273,0.11610971022727273,50.0,True,0.0,46.44388409090908,0,46.44388409090908,0.0,0
Dishwasher_2014-04-07_01,Dishwasher,Appliance6,2014-04-07 17:54:00,2014-04-07 18:32:00,2014-04-07 20:09:00,2014-04-07 20:47:00,38,0.2265320575396825,0.1132660287698412,0.2265320575396825,0.11326602876984125,0.11326602876984125,50.0,True,0.0,45.3064115079365,0,45.3064115079365,0.0,0
Dishwasher_2014-04-10_01,Dishwasher,Appliance6,2014-04-10 07:37:00,2014-04-10 07:47:00,2014-04-10 13:07:00,2014-04-10 13:17:00,10,0.0035182023809523,0.0017591011904761,0.0035182023809523814,0.0017591011904761907,0.0017591011904761907,50.0,True,0.0,0.7036404761904761,0,0.7036404761904761,0.0,0
Dishwasher_2014-04-12_01,Dishwasher,Appliance6,2014-04-12 18:51:00,2014-04-12 19:59:00,2014-04-12 20:06:00,2014-04-12 21:14:00,68,0.4196649047619046,0.2098324523809523,0.41966490476190466,0.20983245238095233,0.20983245238095233,50.0,True,0.0,83.93298095238094,0,83.93298095238094,0.0,0
Dishwasher_2014-04-14_02,Dishwasher,Appliance6,2014-04-14 18:04:00,2014-04-14 18:39:00,2014-04-14 20:04:00,2014-04-14 20:39:00,35,0.2421052956349206,0.1210526478174603,0.24210529563492064,0.12105264781746032,0.12105264781746032,50.0,True,0.0,48.42105912698412,0,48.42105912698412,0.0,0
Dishwasher_2014-04-16_01,Dishwasher,Appliance6,2014-04-16 08:14:00,2014-04-16 09:23:00,2014-04-16 13:14:00,2014-04-16 14:23:00,69,0.4216908979076478,0.2108454489538239,0.4216908979076478,0.2108454489538239,0.2108454489538239,50.0,True,0.0,84.33817958152957,0,84.33817958152957,0.0,0
Dishwasher_2014-04-21_01,Dishwasher,Appliance6,2014-04-21 17:47:00,2014-04-21 18:55:00,2014-04-21 20:02:00,2014-04-21 21:10:00,68,0.4246160595238095,0.2123080297619047,0.42461605952380954,0.21230802976190477,0.21230802976190477,50.0,True,0.0,84.9232119047619,0,84.9232119047619,0.0,0
Dishwasher_2014-04-23_02,Dishwasher,Appliance6,2014-04-23 17:50:00,2014-04-23 18:55:00,2014-04-23 20:05:00,2014-04-23 21:10:00,65,0.4266480833333331,0.2133240416666665,0.42664808333333315,0.21332404166666658,0.21332404166666658,50.0,True,0.0,85.32961666666664,0,85.32961666666664,0.0,0
Dishwasher_2014-04-24_01,Dishwasher,Appliance6,2014-04-24 18:20:00,2014-04-24 19:26:00,2014-04-24 20:05:00,2014-04-24 21:11:00,66,0.4026656785714285,0.2013328392857142,0.4026656785714285,0.20133283928571424,0.20133283928571424,50.0,True,0.0,80.53313571428572,0,80.53313571428572,0.0,0
Dishwasher_2014-04-25_01,Dishwasher,Appliance6,2014-04-25 17:59:00,2014-04-25 18:09:00,2014-04-25 20:14:00,2014-04-25 20:24:00,10,0.0037084999999999,0.0018542499999999,0.0037084999999999996,0.0018542499999999998,0.0018542499999999998,50.0,True,0.0,0.7417,0,0.7417,0.0,0
Dishwasher_2014-04-26_01,Dishwasher,Appliance6,2014-04-26 11:58:00,2014-04-26 12:35:00,2014-04-26 13:13:00,2014-04-26 13:50:00,37,0.2388636289682539,0.1194318144841269,0.23886362896825394,0.11943181448412697,0.11943181448412697,50.0,True,0.0,47.772725793650785,0,47.772725793650785,0.0,0
Dishwasher_2014-04-27_02,Dishwasher,Appliance6,2014-04-27 19:00:00,2014-04-27 19:33:00,2014-04-27 20:00:00,2014-04-27 20:33:00,33,0.2251406904761904,0.1125703452380952,0.22514069047619042,0.11257034523809521,0.11257034523809521,50.0,True,0.0,45.02813809523809,0,45.02813809523809,0.0,0
Dishwasher_2014-04-29_02,Dishwasher,Appliance6,2014-04-29 17:43:00,2014-04-29 18:46:00,2014-04-29 20:13:00,2014-04-29 21:16:00,63,0.405586515873016,0.202793257936508,0.405586515873016,0.202793257936508,0.202793257936508,50.0,True,0.0,81.11730317460318,0,81.11730317460318,0.0,0
Dishwasher_2014-05-01_02,Dishwasher,Appliance6,2014-05-01 12:34:00,2014-05-01 12:40:00,2014-05-01 13:04:00,2014-05-01 13:10:00,6,0.0034382638888888,0.0017191319444444,0.003438263888888889,0.0017191319444444446,0.0017191319444444446,50.0,True,0.0,0.6876527777777778,0,0.6876527777777778,0.0,0
Dishwasher_2014-05-02_01,Dishwasher,Appliance6,2014-05-02 08:04:00,2014-05-02 08:45:00,2014-05-02 13:04:00,2014-05-02 13:45:00,41,0.2302811626984127,0.1151405813492063,0.2302811626984127,0.11514058134920635,0.11514058134920635,50.0,True,0.0,46.05623253968254,0,46.05623253968254,0.0,0
Dishwasher_2014-05-03_01,Dishwasher,Appliance6,2014-05-03 18:43:00,2014-05-03 19:31:00,2014-05-03 20:13:00,2014-05-03 21:01:00,48,0.2397682364718615,0.1198841182359307,0.2397682364718615,0.11988411823593075,0.11988411823593075,50.0,True,0.0,47.95364729437228,0,47.95364729437228,0.0,0
Dishwasher_2014-05-04_02,Dishwasher,Appliance6,2014-05-04 17:56:00,2014-05-04 18:38:00,2014-05-04 20:11:00,2014-05-04 20:53:00,42,0.2413253207070706,0.1206626603535353,0.24132532070707066,0.12066266035353533,0.12066266035353533,50.0,True,0.0,48.26506414141416,0,48.26506414141416,0.0,0
Dishwasher_2014-05-24_02,Dishwasher,Appliance6,2014-05-24 19:50:00,2014-05-24 20:56:00,2014-05-24 20:05:00,2014-05-24 21:11:00,66,0.2074820198412698,0.2055393521825396,0.2074820198412698,0.20553935218253963,0.0019426676587301628,0.9363065099406512,True,81.43867380952379,0.7770670634920636,0,82.21574087301586,0.0,0
Dishwasher_2014-05-26_01,Dishwasher,Appliance6,2014-05-26 18:04:00,2014-05-26 18:52:00,2014-05-26 20:04:00,2014-05-26 20:52:00,48,0.2259281646825398,0.1129640823412699,0.2259281646825398,0.1129640823412699,0.1129640823412699,50.0,True,0.0,45.18563293650795,0,45.18563293650795,0.0,0
Dishwasher_2014-05-28_01,Dishwasher,Appliance6,2014-05-28 18:00:00,2014-05-28 18:09:00,2014-05-28 20:00:00,2014-05-28 20:09:00,9,0.0036058015873015,0.0018029007936507,0.003605801587301587,0.0018029007936507936,0.0018029007936507936,50.0,True,0.0,0.7211603174603175,0,0.7211603174603175,0.0,0
Dishwasher_2014-05-29_02,Dishwasher,Appliance6,2014-05-29 18:05:00,2014-05-29 18:52:00,2014-05-29 20:05:00,2014-05-29 20:52:00,47,0.2364050277777778,0.1182025138888889,0.2364050277777778,0.1182025138888889,0.1182025138888889,50.0,True,0.0,47.28100555555554,0,47.28100555555554,0.0,0
Dishwasher_2014-06-01_02,Dishwasher,Appliance6,2014-06-01 19:04:00,2014-06-01 20:12:00,2014-06-01 20:04:00,2014-06-01 21:12:00,68,0.3774011904761905,0.2115690148809524,0.3774011904761905,0.2115690148809524,0.16583217559523808,43.940554449761365,True,18.29473571428571,66.33287023809525,0,84.62760595238095,0.0,0
Dishwasher_2014-06-03_02,Dishwasher,Appliance6,2014-06-03 21:50:00,2014-06-03 22:08:00,2014-06-04 13:05:00,2014-06-04 13:23:00,18,0.1060408244047619,0.0881042291666666,0.1060408244047619,0.08810422916666666,0.017936595238095238,16.914801765054715,True,28.067053571428573,7.1746380952380955,0,35.24169166666667,0.0,0
Dishwasher_2014-06-07_01,Dishwasher,Appliance6,2014-06-07 11:58:00,2014-06-07 13:05:00,2014-06-07 13:13:00,2014-06-07 14:20:00,67,0.4048232702020201,0.2057545378787878,0.4048232702020201,0.2057545378787878,0.19906873232323227,49.17423156625617,True,2.674322222222222,79.62749292929293,0,82.30181515151513,0.0,0
Dishwasher_2014-06-11_01,Dishwasher,Appliance6,2014-06-11 17:17:00,2014-06-11 17:54:00,2014-06-11 20:02:00,2014-06-11 20:39:00,37,0.2204776626984126,0.1102388313492063,0.22047766269841262,0.11023883134920631,0.11023883134920631,50.0,True,0.0,44.095532539682544,0,44.095532539682544,0.0,0
Dishwasher_2014-06-13_01,Dishwasher,Appliance6,2014-06-13 18:10:00,2014-06-13 18:56:00,2014-06-13 20:10:00,2014-06-13 20:56:00,46,0.2135832896825396,0.1067916448412698,0.21358328968253967,0.10679164484126984,0.10679164484126984,50.0,True,0.0,42.71665793650793,0,42.71665793650793,0.0,0
Dishwasher_2014-06-15_02,Dishwasher,Appliance6,2014-06-15 07:12:00,2014-06-15 07:50:00,2014-06-15 13:12:00,2014-06-15 13:50:00,38,0.2069686502525252,0.1034843251262626,0.2069686502525252,0.1034843251262626,0.1034843251262626,50.0,True,0.0,41.39373005050505,0,41.39373005050505,0.0,0
Dishwasher_2014-06-22_02,Dishwasher,Appliance6,2014-06-22 12:03:00,2014-06-22 12:50:00,2014-06-22 13:03:00,2014-06-22 13:50:00,47,0.2180727797619047,0.1090363898809523,0.21807277976190476,0.10903638988095238,0.10903638988095238,50.0,True,0.0,43.614555952380954,0,43.614555952380954,0.0,0
Dishwasher_2014-06-24_01,Dishwasher,Appliance6,2014-06-24 18:06:00,2014-06-24 19:12:00,2014-06-24 20:06:00,2014-06-24 21:12:00,66,0.3796676897546898,0.1898338448773449,0.37966768975468984,0.18983384487734492,0.18983384487734492,50.0,True,0.0,75.93353795093795,0,75.93353795093795,0.0,0
Dishwasher_2014-06-26_01,Dishwasher,Appliance6,2014-06-26 17:29:00,2014-06-26 17:34:00,2014-06-26 20:14:00,2014-06-26 20:19:00,5,0.0003081349206349,0.0001540674603174,0.0003081349206349207,0.00015406746031746034,0.00015406746031746034,50.0,True,0.0,0.06162698412698415,0,0.06162698412698415,0.0,0
Dishwasher_2014-06-27_01,Dishwasher,Appliance6,2014-06-27 12:19:00,2014-06-27 12:24:00,2014-06-27 13:04:00,2014-06-27 13:09:00,5,0.0005055357142857,0.0002527678571428,0.0005055357142857144,0.0002527678571428572,0.0002527678571428572,50.0,True,0.0,0.10110714285714288,0,0.10110714285714288,0.0,0
Dishwasher_2014-06-29_02,Dishwasher,Appliance6,2014-06-29 08:26:00,2014-06-29 09:05:00,2014-06-29 13:11:00,2014-06-29 13:50:00,39,0.2063778769841269,0.1031889384920634,0.20637787698412693,0.10318893849206347,0.10318893849206347,50.0,True,0.0,41.275575396825374,0,41.275575396825374,0.0,0
Dishwasher_2014-07-01_01,Dishwasher,Appliance6,2014-07-01 17:57:00,2014-07-01 18:33:00,2014-07-01 20:12:00,2014-07-01 20:48:00,36,0.2251768928571429,0.1125884464285714,0.22517689285714287,0.11258844642857144,0.11258844642857144,50.0,True,0.0,45.035378571428566,0,45.035378571428566,0.0,0
Dishwasher_2014-07-03_01,Dishwasher,Appliance6,2014-07-03 18:01:00,2014-07-03 18:40:00,2014-07-03 20:01:00,2014-07-03 20:40:00,39,0.1995281666666666,0.0997640833333333,0.19952816666666662,0.09976408333333331,0.09976408333333331,50.0,True,0.0,39.90563333333332,0,39.90563333333332,0.0,0
Dishwasher_2014-07-05_01,Dishwasher,Appliance6,2014-07-05 12:31:00,2014-07-05 13:35:00,2014-07-05 13:01:00,2014-07-05 14:05:00,64,0.2898145972222223,0.1882364424603174,0.28981459722222236,0.18823644246031743,0.10157815476190493,35.0493576705584,True,34.663315079365084,40.63126190476191,0,75.29457698412699,0.0,0
Dishwasher_2014-07-07_01,Dishwasher,Appliance6,2014-07-07 17:24:00,2014-07-07 18:29:00,2014-07-07 20:09:00,2014-07-07 21:14:00,65,0.3924428432539684,0.1962214216269842,0.3924428432539684,0.1962214216269842,0.1962214216269842,50.0,True,0.0,78.48856865079365,0,78.48856865079365,0.0,0
Dishwasher_2014-07-09_02,Dishwasher,Appliance6,2014-07-09 17:36:00,2014-07-09 17:45:00,2014-07-09 20:06:00,2014-07-09 20:15:00,9,0.003683988095238,0.001841994047619,0.003683988095238095,0.0018419940476190476,0.0018419940476190476,50.0,True,0.0,0.7367976190476191,0,0.7367976190476191,0.0,0
Dishwasher_2014-07-11_01,Dishwasher,Appliance6,2014-07-11 18:20:00,2014-07-11 19:25:00,2014-07-11 20:05:00,2014-07-11 21:10:00,65,0.3807169146825397,0.1903584573412698,0.38071691468253965,0.19035845734126983,0.19035845734126983,50.0,True,0.0,76.14338293650792,0,76.14338293650792,0.0,0
Dishwasher_2014-07-13_02,Dishwasher,Appliance6,2014-07-13 08:23:00,2014-07-13 09:00:00,2014-07-13 13:08:00,2014-07-13 13:45:00,37,0.2102950714285714,0.1051475357142857,0.21029507142857146,0.10514753571428573,0.10514753571428573,50.0,True,0.0,42.05901428571429,0,42.05901428571429,0.0,0
Dishwasher_2014-07-14_01,Dishwasher,Appliance6,2014-07-14 17:38:00,2014-07-14 18:24:00,2014-07-14 20:08:00,2014-07-14 20:54:00,46,0.2176438492063492,0.1088219246031746,0.2176438492063492,0.1088219246031746,0.1088219246031746,50.0,True,0.0,43.52876984126984,0,43.52876984126984,0.0,0
Dishwasher_2014-07-15_02,Dishwasher,Appliance6,2014-07-15 17:53:00,2014-07-15 18:36:00,2014-07-15 20:08:00,2014-07-15 20:51:00,43,0.2160600575396825,0.1080300287698412,0.21606005753968255,0.10803002876984127,0.10803002876984127,50.0,True,0.0,43.21201150793651,0,43.21201150793651,0.0,0
Dishwasher_2014-07-17_02,Dishwasher,Appliance6,2014-07-17 18:01:00,2014-07-17 19:05:00,2014-07-17 20:01:00,2014-07-17 21:05:00,64,0.3780068551587302,0.1890034275793651,0.37800685515873017,0.18900342757936509,0.18900342757936509,50.0,True,0.0,75.60137103174603,0,75.60137103174603,0.0,0
Dishwasher_2014-08-21_01,Dishwasher,Appliance6,2014-08-21 18:30:00,2014-08-21 19:13:00,2014-08-21 20:00:00,2014-08-21 20:43:00,43,0.2287560416666667,0.1143780208333333,0.22875604166666672,0.11437802083333336,0.11437802083333336,50.0,True,0.0,45.75120833333333,0,45.75120833333333,0.0,0
Dishwasher_2014-08-22_01,Dishwasher,Appliance6,2014-08-22 19:01:00,2014-08-22 20:07:00,2014-08-22 20:01:00,2014-08-22 21:07:00,66,0.3686182261904761,0.1899859732142857,0.3686182261904761,0.1899859732142857,0.17863225297619037,48.45996217340749,True,4.541488095238096,71.45290119047618,0,75.99438928571428,0.0,0
Dishwasher_2014-08-24_02,Dishwasher,Appliance6,2014-08-24 08:05:00,2014-08-24 08:37:00,2014-08-24 13:05:00,2014-08-24 13:37:00,32,0.2077517777777777,0.1038758888888888,0.20775177777777776,0.10387588888888888,0.10387588888888888,50.0,True,0.0,41.55035555555555,0,41.55035555555555,0.0,0
Dishwasher_2014-08-27_03,Dishwasher,Appliance6,2014-08-27 12:04:00,2014-08-27 12:38:00,2014-08-27 13:04:00,2014-08-27 13:38:00,34,0.2258373134920634,0.1129186567460317,0.22583731349206346,0.11291865674603173,0.11291865674603173,50.0,True,0.0,45.167462698412685,0,45.167462698412685,0.0,0
Dishwasher_2014-08-29_01,Dishwasher,Appliance6,2014-08-29 18:13:00,2014-08-29 18:19:00,2014-08-29 20:13:00,2014-08-29 20:19:00,6,0.0004714444444444,0.0002357222222222,0.0004714444444444444,0.0002357222222222222,0.0002357222222222222,50.0,True,0.0,0.0942888888888889,0,0.0942888888888889,0.0,0
Dishwasher_2014-09-03_01,Dishwasher,Appliance6,2014-09-03 09:09:00,2014-09-03 10:17:00,2014-09-03 13:09:00,2014-09-03 14:17:00,68,0.3840075793650794,0.1920037896825397,0.3840075793650794,0.1920037896825397,0.1920037896825397,50.0,True,0.0,76.80151587301587,0,76.80151587301587,0.0,0
Dishwasher_2014-09-07_01,Dishwasher,Appliance6,2014-09-07 08:10:00,2014-09-07 09:18:00,2014-09-07 13:10:00,2014-09-07 14:18:00,68,0.3961696607142857,0.1980848303571428,0.3961696607142857,0.19808483035714286,0.19808483035714286,50.0,True,0.0,79.23393214285714,0,79.23393214285714,0.0,0
Dishwasher_2014-09-10_01,Dishwasher,Appliance6,2014-09-10 18:09:00,2014-09-10 18:57:00,2014-09-10 20:09:00,2014-09-10 20:57:00,48,0.2258985099206349,0.1129492549603174,0.2258985099206349,0.11294925496031745,0.11294925496031745,50.0,True,0.0,45.17970198412699,0,45.17970198412699,0.0,0
Dishwasher_2014-09-12_01,Dishwasher,Appliance6,2014-09-12 18:10:00,2014-09-12 19:17:00,2014-09-12 20:10:00,2014-09-12 21:17:00,67,0.3751814642857142,0.1875907321428571,0.3751814642857142,0.1875907321428571,0.1875907321428571,50.0,True,0.0,75.03629285714284,0,75.03629285714284,0.0,0
Dishwasher_2014-09-14_02,Dishwasher,Appliance6,2014-09-14 18:42:00,2014-09-14 19:46:00,2014-09-14 20:12:00,2014-09-14 21:16:00,64,0.3917462440476191,0.1958731220238095,0.3917462440476191,0.19587312202380955,0.19587312202380955,50.0,True,0.0,78.34924880952383,0,78.34924880952383,0.0,0
Dishwasher_2014-09-17_02,Dishwasher,Appliance6,2014-09-17 17:42:00,2014-09-17 18:45:00,2014-09-17 20:12:00,2014-09-17 21:15:00,63,0.3925670119047619,0.1962835059523809,0.3925670119047619,0.19628350595238095,0.19628350595238095,50.0,True,0.0,78.51340238095237,0,78.51340238095237,0.0,0
Dishwasher_2014-09-20_01,Dishwasher,Appliance6,2014-09-20 19:02:00,2014-09-20 20:09:00,2014-09-20 20:02:00,2014-09-20 21:09:00,67,0.3726261597222221,0.1976053938492063,0.372626159722222,0.1976053938492063,0.1750207658730157,46.969532682162395,True,9.03385119047619,70.00830634920635,0,79.04215753968253,0.0,0
Dishwasher_2014-09-22_03,Dishwasher,Appliance6,2014-09-22 18:03:00,2014-09-22 18:09:00,2014-09-22 20:03:00,2014-09-22 20:09:00,6,0.0033685019841269,0.0016842509920634,0.003368501984126984,0.001684250992063492,0.001684250992063492,50.0,True,0.0,0.6737003968253968,0,0.6737003968253968,0.0,0
Dishwasher_2014-09-24_01,Dishwasher,Appliance6,2014-09-24 17:58:00,2014-09-24 18:15:00,2014-09-24 20:13:00,2014-09-24 20:30:00,17,0.0123966944444444,0.0061983472222222,0.012396694444444443,0.006198347222222221,0.006198347222222221,50.0,True,0.0,2.479338888888889,0,2.479338888888889,0.0,0
Dishwasher_2014-09-26_01,Dishwasher,Appliance6,2014-09-26 08:11:00,2014-09-26 08:21:00,2014-09-26 13:11:00,2014-09-26 13:21:00,10,0.0038363095238095,0.0019181547619047,0.0038363095238095235,0.0019181547619047618,0.0019181547619047618,50.0,True,0.0,0.7672619047619047,0,0.7672619047619047,0.0,0
Dishwasher_2014-09-27_02,Dishwasher,Appliance6,2014-09-27 18:28:00,2014-09-27 19:10:00,2014-09-27 20:13:00,2014-09-27 20:55:00,42,0.2261776717171717,0.1130888358585858,0.22617767171717174,0.11308883585858587,0.11308883585858587,50.0,True,0.0,45.23553434343434,0,45.23553434343434,0.0,0
Dishwasher_2014-09-28_01,Dishwasher,Appliance6,2014-09-28 19:17:00,2014-09-28 19:58:00,2014-09-28 20:02:00,2014-09-28 20:43:00,41,0.2045504583333333,0.1022752291666666,0.20455045833333335,0.10227522916666668,0.10227522916666668,50.0,True,0.0,40.91009166666665,0,40.91009166666665,0.0,0
Dishwasher_2014-09-30_01,Dishwasher,Appliance6,2014-09-30 17:26:00,2014-09-30 17:32:00,2014-09-30 20:11:00,2014-09-30 20:17:00,6,0.0004445753968253,0.0002222876984126,0.00044457539682539677,0.00022228769841269838,0.00022228769841269838,50.0,True,0.0,0.08891507936507936,0,0.08891507936507936,0.0,0
Dishwasher_2014-10-02_01,Dishwasher,Appliance6,2014-10-02 19:07:00,2014-10-02 19:13:00,2014-10-02 20:07:00,2014-10-02 20:13:00,6,0.0003216964285714,0.0001608482142857,0.00032169642857142857,0.00016084821428571428,0.00016084821428571428,50.0,True,0.0,0.06433928571428571,0,0.06433928571428571,0.0,0
Dishwasher_2014-10-03_02,Dishwasher,Appliance6,2014-10-03 19:42:00,2014-10-03 20:50:00,2014-10-03 20:12:00,2014-10-03 21:20:00,68,0.2418517410714285,0.2003724107142857,0.24185174107142857,0.20037241071428571,0.04147933035714285,17.15072638029607,True,63.55723214285715,16.591732142857143,0,80.14896428571429,0.0,0
Dishwasher_2014-10-05_01,Dishwasher,Appliance6,2014-10-05 19:57:00,2014-10-05 21:07:00,2014-10-05 20:12:00,2014-10-05 21:22:00,70,0.2058887053571429,0.2057723660714286,0.2058887053571429,0.2057723660714286,0.0001163392857143064,0.05650590959445763,True,82.2624107142857,0.046535714285714284,0,82.30894642857142,0.0,0
Dishwasher_2014-10-08_02,Dishwasher,Appliance6,2014-10-08 09:29:00,2014-10-08 10:39:00,2014-10-08 13:14:00,2014-10-08 14:24:00,70,0.4146311726190476,0.2073155863095238,0.4146311726190475,0.20731558630952376,0.20731558630952376,50.0,True,0.0,82.92623452380951,0,82.92623452380951,0.0,0
Dishwasher_2014-10-16_01,Dishwasher,Appliance6,2014-10-16 19:06:00,2014-10-16 20:19:00,2014-10-16 20:06:00,2014-10-16 21:19:00,73,0.3356055694444444,0.2143163611111111,0.3356055694444444,0.21431636111111116,0.12128920833333326,36.1404039075136,True,37.210861111111114,48.51568333333332,0,85.72654444444441,0.0,0
Dishwasher_2014-10-21_01,Dishwasher,Appliance6,2014-10-21 18:51:00,2014-10-21 19:03:00,2014-10-21 20:06:00,2014-10-21 20:18:00,12,0.0060957718253968,0.0030478859126984,0.006095771825396826,0.003047885912698413,0.003047885912698413,50.0,True,0.0,1.2191543650793655,0,1.2191543650793655,0.0,0
Dishwasher_2014-10-22_01,Dishwasher,Appliance6,2014-10-22 19:07:00,2014-10-22 20:20:00,2014-10-22 20:07:00,2014-10-22 21:20:00,73,0.327015451388889,0.208831361111111,0.32701545138888904,0.20883136111111106,0.11818409027777799,36.140215936534645,True,36.25890833333333,47.273636111111095,0,83.53254444444441,0.0,0
Dishwasher_2014-10-25_01,Dishwasher,Appliance6,2014-10-25 23:29:00,2014-10-26 00:38:00,2014-10-26 12:44:00,2014-10-26 13:53:00,69,0.4237593333333332,0.2369720138888889,0.42375933333333327,0.23697201388888894,0.18678731944444432,44.07863255191493,True,0.0,84.75186666666664,0,74.71492777777777,10.036938888888889,0
Dishwasher_2014-10-29_01,Dishwasher,Appliance6,2014-10-29 19:05:00,2014-10-29 20:17:00,2014-10-29 20:05:00,2014-10-29 21:17:00,72,0.3269640625000001,0.2036226388888889,0.32696406250000015,0.20362263888888896,0.1233414236111112,37.723235595994936,True,32.11248611111112,49.33656944444445,0,81.44905555555555,0.0,0
Dishwasher_2014-11-07_01,Dishwasher,Appliance6,2014-11-07 19:09:00,2014-11-07 19:26:00,2014-11-07 20:09:00,2014-11-07 20:26:00,17,0.0057177222222222,0.0028588611111111,0.005717722222222221,0.0028588611111111106,0.0028588611111111106,50.0,True,0.0,1.1435444444444447,0,1.1435444444444447,0.0,0
Dishwasher_2014-11-11_02,Dishwasher,Appliance6,2014-11-11 19:11:00,2014-11-11 19:21:00,2014-11-11 20:11:00,2014-11-11 20:21:00,10,0.0034266666666666,0.0017133333333333,0.003426666666666667,0.0017133333333333334,0.0017133333333333334,50.0,True,0.0,0.6853333333333335,0,0.6853333333333335,0.0,0
Dishwasher_2014-11-13_02,Dishwasher,Appliance6,2014-11-13 19:02:00,2014-11-13 19:14:00,2014-11-13 20:02:00,2014-11-13 20:14:00,12,0.0094809722222222,0.0047404861111111,0.00948097222222222,0.00474048611111111,0.00474048611111111,50.0,True,0.0,1.8961944444444447,0,1.8961944444444447,0.0,0
Dishwasher_2014-11-18_01,Dishwasher,Appliance6,2014-11-18 19:17:00,2014-11-18 19:22:00,2014-11-18 20:02:00,2014-11-18 20:07:00,5,0.0004998611111111,0.0002499305555555,0.0004998611111111111,0.00024993055555555554,0.00024993055555555554,50.0,True,0.0,0.09997222222222221,0,0.09997222222222221,0.0,0
Dishwasher_2014-11-20_01,Dishwasher,Appliance6,2014-11-20 18:59:00,2014-11-20 19:10:00,2014-11-20 20:14:00,2014-11-20 20:25:00,11,0.00357125,0.001785625,0.00357125,0.001785625,0.001785625,50.0,True,0.0,0.7142499999999999,0,0.7142499999999999,0.0,0
Dishwasher_2014-11-21_02,Dishwasher,Appliance6,2014-11-21 19:12:00,2014-11-21 20:26:00,2014-11-21 20:12:00,2014-11-21 21:26:00,74,0.3380848234126983,0.2184681220238095,0.3380848234126983,0.21846812202380952,0.11961670138888877,35.380677600802365,True,39.54056825396826,47.84668055555556,0,87.38724880952383,0.0,0
Dishwasher_2014-11-24_01,Dishwasher,Appliance6,2014-11-24 19:00:00,2014-11-24 19:14:00,2014-11-24 20:00:00,2014-11-24 20:14:00,14,0.0039314583333333,0.0019657291666666,0.003931458333333333,0.0019657291666666664,0.0019657291666666664,50.0,True,0.0,0.7862916666666666,0,0.7862916666666666,0.0,0
Dishwasher_2014-11-27_01,Dishwasher,Appliance6,2014-11-27 18:51:00,2014-11-27 20:07:00,2014-11-27 20:06:00,2014-11-27 21:22:00,76,0.4376588194444443,0.2240174999999999,0.43765881944444435,0.22401750000000004,0.2136413194444443,48.81458111952056,True,4.150472222222222,85.45652777777778,0,89.60700000000001,0.0,0
Dishwasher_2014-12-02_01,Dishwasher,Appliance6,2014-12-02 18:46:00,2014-12-02 20:02:00,2014-12-02 20:01:00,2014-12-02 21:17:00,76,0.4373080297619047,0.2218638759920635,0.43730802976190475,0.2218638759920635,0.21544415376984125,49.26599538708247,True,2.5678888888888887,86.1776615079365,0,88.7455503968254,0.0,0
Dishwasher_2014-12-04_01,Dishwasher,Appliance6,2014-12-04 19:03:00,2014-12-04 19:49:00,2014-12-04 20:03:00,2014-12-04 20:49:00,46,0.2489347361111111,0.1244673680555555,0.2489347361111111,0.12446736805555556,0.12446736805555556,50.0,True,0.0,49.78694722222222,0,49.78694722222222,0.0,0
Dishwasher_2014-12-07_01,Dishwasher,Appliance6,2014-12-07 09:35:00,2014-12-07 10:52:00,2014-12-07 13:05:00,2014-12-07 14:22:00,77,0.4425530972222222,0.2212765486111111,0.4425530972222222,0.2212765486111111,0.2212765486111111,50.0,True,0.0,88.51061944444444,0,88.51061944444444,0.0,0
Dishwasher_2014-12-08_01,Dishwasher,Appliance6,2014-12-08 18:49:00,2014-12-08 20:06:00,2014-12-08 20:04:00,2014-12-08 21:21:00,77,0.4449343402777776,0.2259881249999999,0.4449343402777776,0.22598812499999996,0.21894621527777766,49.20865742596695,True,2.8167638888888886,87.57848611111113,0,90.39525000000002,0.0,0
Dishwasher_2014-12-11_01,Dishwasher,Appliance6,2014-12-11 18:55:00,2014-12-11 19:06:00,2014-12-11 20:10:00,2014-12-11 20:21:00,11,0.003680625,0.0018403125,0.0036806250000000003,0.0018403125000000002,0.0018403125000000002,50.0,True,0.0,0.7361250000000001,0,0.7361250000000001,0.0,0
Dishwasher_2014-12-14_01,Dishwasher,Appliance6,2014-12-14 19:27:00,2014-12-14 20:08:00,2014-12-14 20:12:00,2014-12-14 20:53:00,41,0.2548204216269841,0.1287937698412699,0.25482042162698404,0.12879376984126986,0.12602665178571418,49.45704546796365,True,1.106847222222222,50.4106607142857,0,51.517507936507926,0.0,0
Dishwasher_2014-12-17_01,Dishwasher,Appliance6,2014-12-17 09:02:00,2014-12-17 10:26:00,2014-12-17 13:02:00,2014-12-17 14:26:00,84,0.4839358055555555,0.2419679027777777,0.48393580555555554,0.24196790277777777,0.24196790277777777,50.0,True,0.0,96.7871611111111,0,96.7871611111111,0.0,0
Dishwasher_2014-12-19_01,Dishwasher,Appliance6,2014-12-19 12:58:00,2014-12-19 14:16:00,2014-12-19 13:13:00,2014-12-19 14:31:00,78,0.2351159861111111,0.2349890416666667,0.23511598611111115,0.2349890416666667,0.00012694444444444342,0.053992264219946316,True,93.94483888888887,0.05077777777777778,0,93.99561666666665,0.0,0
Dishwasher_2014-12-21_01,Dishwasher,Appliance6,2014-12-21 22:11:00,2014-12-21 23:27:00,2014-12-22 12:41:00,2014-12-22 13:57:00,76,0.4388552777777778,0.2511686458333333,0.4388552777777777,0.2511686458333333,0.1876866319444444,42.76731794017136,True,0.0,87.77105555555553,0,75.07465277777776,12.696402777777777,0
Dishwasher_2014-12-30_01,Dishwasher,Appliance6,2014-12-30 19:28:00,2014-12-30 20:48:00,2014-12-30 20:13:00,2014-12-30 21:33:00,80,0.3491369722222221,0.2340733472222222,0.3491369722222221,0.2340733472222222,0.11506362499999992,32.95658556801687,True,47.6038888888889,46.025449999999985,0,93.62933888888888,0.0,0
Dishwasher_2015-01-01_01,Dishwasher,Appliance6,2015-01-01 19:04:00,2015-01-01 20:23:00,2015-01-01 20:04:00,2015-01-01 21:23:00,79,0.3537863878968252,0.2276791934523809,0.35378638789682526,0.22767919345238097,0.1261071944444443,35.64501031091703,True,40.6287996031746,50.442877777777774,0,91.07167738095237,0.0,0
Dishwasher_2015-01-04_01,Dishwasher,Appliance6,2015-01-04 09:27:00,2015-01-04 10:57:00,2015-01-04 13:12:00,2015-01-04 14:42:00,90,0.4779093611111111,0.2389546805555555,0.47790936111111115,0.23895468055555558,0.23895468055555558,50.0,True,0.0,95.58187222222223,0,95.58187222222223,0.0,0
Dishwasher_2015-01-06_02,Dishwasher,Appliance6,2015-01-06 19:08:00,2015-01-06 20:28:00,2015-01-06 20:08:00,2015-01-06 21:28:00,80,0.3635063819444444,0.2351899305555555,0.36350638194444446,0.23518993055555557,0.1283164513888889,35.299641976712195,True,42.74939166666667,51.32658055555556,0,94.07597222222225,0.0,0
Dishwasher_2015-01-09_01,Dishwasher,Appliance6,2015-01-09 19:22:00,2015-01-09 20:41:00,2015-01-09 20:07:00,2015-01-09 21:26:00,79,0.3553398541666668,0.2306975972222222,0.3553398541666668,0.2306975972222222,0.12464225694444461,35.07691453207583,True,42.4221361111111,49.85690277777779,0,92.27903888888888,0.0,0
Dishwasher_2015-01-10_01,Dishwasher,Appliance6,2015-01-10 22:42:00,2015-01-11 00:05:00,2015-01-11 12:27:00,2015-01-11 13:50:00,83,0.5235884841269843,0.3779878878968253,0.5235884841269843,0.37798788789682536,0.14560059623015897,27.808212106293556,True,0.0,104.71769682539681,0,58.24023849206352,46.477458333333324,0
Dishwasher_2015-01-12_01,Dishwasher,Appliance6,2015-01-12 18:54:00,2015-01-12 20:13:00,2015-01-12 20:09:00,2015-01-12 21:28:00,79,0.411550875,0.23020375,0.4115508749999999,0.23020374999999996,0.18134712499999997,44.064327405451394,True,19.542649999999995,72.53885000000001,0,92.08150000000002,0.0,0
Dishwasher_2015-01-15_01,Dishwasher,Appliance6,2015-01-15 18:57:00,2015-01-15 20:19:00,2015-01-15 20:12:00,2015-01-15 21:34:00,82,0.3842314375,0.236091,0.38423143750000005,0.236091,0.14814043750000006,38.55500176244689,True,35.180225,59.256175,0,94.4364,0.0,0
Dishwasher_2015-01-17_01,Dishwasher,Appliance6,2015-01-17 23:22:00,2015-01-18 00:41:00,2015-01-18 12:37:00,2015-01-18 13:56:00,79,0.4722415277777777,0.2916151388888888,0.47224152777777756,0.29161513888888885,0.1806263888888887,38.248730419550476,True,0.0,94.44830555555554,0,72.25055555555555,22.19775,0
Dishwasher_2015-01-18_02,Dishwasher,Appliance6,2015-01-18 15:56:00,2015-01-18 17:16:00,2015-01-18 20:11:00,2015-01-18 21:31:00,80,0.4718364583333334,0.2359942013888889,0.4718364583333333,0.2359942013888889,0.2358422569444444,49.98389861129201,True,0.06077777777777778,94.33690277777777,0,94.39768055555555,0.0,0
Dishwasher_2015-01-21_01,Dishwasher,Appliance6,2015-01-21 18:56:00,2015-01-21 20:14:00,2015-01-21 20:11:00,2015-01-21 21:29:00,78,0.4256382986111109,0.2419489305555555,0.4256382986111109,0.2419489305555555,0.1836893680555554,43.156212365040304,True,23.303824999999996,73.47574722222222,0,96.77957222222221,0.0,0
Dishwasher_2015-02-16_01,Dishwasher,Appliance6,2015-02-16 19:06:00,2015-02-16 20:07:00,2015-02-16 20:06:00,2015-02-16 21:07:00,61,0.2982525972222222,0.1503936944444444,0.29825259722222225,0.15039369444444442,0.14785890277777783,49.575059581999554,True,1.0139166666666666,59.14356111111111,0,60.15747777777778,0.0,0
Dishwasher_2015-02-17_01,Dishwasher,Appliance6,2015-02-17 19:28:00,2015-02-17 20:53:00,2015-02-17 20:13:00,2015-02-17 21:38:00,85,0.3617789067460317,0.246692691468254,0.36177890674603175,0.246692691468254,0.11508621527777774,31.81120102133762,True,52.642590476190485,46.03448611111111,0,98.67707658730156,0.0,0
Dishwasher_2015-02-19_01,Dishwasher,Appliance6,2015-02-19 18:59:00,2015-02-19 19:16:00,2015-02-19 20:14:00,2015-02-19 20:31:00,17,0.0031381527777777,0.0015690763888888,0.0031381527777777775,0.0015690763888888887,0.0015690763888888887,50.0,True,0.0,0.6276305555555556,0,0.6276305555555556,0.0,0
Dishwasher_2015-02-21_01,Dishwasher,Appliance6,2015-02-21 10:20:00,2015-02-21 11:13:00,2015-02-21 13:05:00,2015-02-21 13:58:00,53,0.1411568194444444,0.0705784097222222,0.14115681944444444,0.07057840972222222,0.07057840972222222,50.0,True,0.0,28.231363888888893,0,28.231363888888893,0.0,0
Dishwasher_2015-02-23_01,Dishwasher,Appliance6,2015-02-23 18:59:00,2015-02-23 19:41:00,2015-02-23 20:14:00,2015-02-23 20:56:00,42,0.2606129305555555,0.1303064652777777,0.26061293055555557,0.13030646527777778,0.13030646527777778,50.0,True,0.0,52.122586111111126,0,52.122586111111126,0.0,0
Dishwasher_2015-02-26_01,Dishwasher,Appliance6,2015-02-26 19:43:00,2015-02-26 21:07:00,2015-02-26 20:13:00,2015-02-26 21:37:00,84,0.2449580277777777,0.2413211944444444,0.24495802777777778,0.24132119444444444,0.003636833333333339,1.4846761162825084,True,95.07374444444446,1.4547333333333334,0,96.5284777777778,0.0,0
Dishwasher_2015-03-02_01,Dishwasher,Appliance6,2015-03-02 19:12:00,2015-03-02 20:34:00,2015-03-02 20:12:00,2015-03-02 21:34:00,82,0.3640345972222222,0.2356061180555556,0.3640345972222222,0.23560611805555565,0.12842847916666655,35.27919602879623,True,42.871055555555564,51.37139166666666,0,94.24244722222218,0.0,0
Dishwasher_2015-03-04_01,Dishwasher,Appliance6,2015-03-04 19:07:00,2015-03-04 20:32:00,2015-03-04 20:07:00,2015-03-04 21:32:00,85,0.3665200486111112,0.2365061319444444,0.3665200486111112,0.2365061319444445,0.1300139166666667,35.47252521638056,True,42.59688611111112,52.00556666666667,0,94.60245277777778,0.0,0
Dishwasher_2015-03-06_01,Dishwasher,Appliance6,2015-03-06 18:57:00,2015-03-06 20:18:00,2015-03-06 20:12:00,2015-03-06 21:33:00,81,0.3848066299603175,0.2364642906746032,0.3848066299603175,0.23646429067460323,0.14834233928571428,38.54983977303401,True,35.248780555555555,59.336935714285715,0,94.58571626984128,0.0,0
Dishwasher_2015-03-07_01,Dishwasher,Appliance6,2015-03-07 23:49:00,2015-03-08 01:10:00,2015-03-08 12:34:00,2015-03-08 13:55:00,81,0.4470067916666666,0.3095573888888888,0.4470067916666666,0.30955738888888884,0.13744940277777778,30.748839914780074,True,12.802333333333332,83.0001916666667,0,67.78209444444445,28.020430555555556,0
Dishwasher_2015-03-09_02,Dishwasher,Appliance6,2015-03-09 18:52:00,2015-03-09 19:53:00,2015-03-09 20:07:00,2015-03-09 21:08:00,61,0.2699712965367964,0.1349856482683982,0.26997129653679647,0.13498564826839823,0.13498564826839823,50.0,True,0.0,53.994259307359314,0,53.994259307359314,0.0,0
Dishwasher_2015-03-12_01,Dishwasher,Appliance6,2015-03-12 19:05:00,2015-03-12 20:05:00,2015-03-12 20:05:00,2015-03-12 21:05:00,60,0.2628108958333334,0.1317596736111111,0.26281089583333345,0.13175967361111113,0.13105122222222232,49.86521651116435,True,0.2833805555555556,52.4204888888889,0,52.70386944444446,0.0,0
Dishwasher_2015-03-16_01,Dishwasher,Appliance6,2015-03-16 09:16:00,2015-03-16 09:36:00,2015-03-16 13:01:00,2015-03-16 13:21:00,20,0.0040027638888888,0.0020013819444444,0.004002763888888889,0.0020013819444444445,0.0020013819444444445,50.0,True,0.0,0.8005527777777779,0,0.8005527777777779,0.0,0
Dishwasher_2015-03-19_01,Dishwasher,Appliance6,2015-03-19 18:50:00,2015-03-19 20:13:00,2015-03-19 20:05:00,2015-03-19 21:28:00,83,0.4318151250000001,0.2435807916666667,0.4318151250000001,0.2435807916666667,0.18823433333333336,43.591417353278985,True,22.13858333333333,75.29373333333335,0,97.4323166666667,0.0,0
Dishwasher_2015-03-26_01,Dishwasher,Appliance6,2015-03-26 18:56:00,2015-03-26 20:21:00,2015-03-26 20:11:00,2015-03-26 21:36:00,85,0.3821683611111111,0.2447394513888888,0.3821683611111111,0.24473945138888883,0.13742890972222224,35.96030538024218,True,42.924216666666666,54.971563888888895,0,97.89578055555553,0.0,0
Dishwasher_2015-04-01_01,Dishwasher,Appliance6,2015-04-01 16:26:00,2015-04-01 16:43:00,2015-04-01 20:11:00,2015-04-01 20:28:00,17,0.1425741666666667,0.0712870833333333,0.1425741666666667,0.07128708333333335,0.07128708333333335,50.0,True,0.0,28.514833333333332,1,28.514833333333332,0.0,1
Dishwasher_2015-04-02_01,Dishwasher,Appliance6,2015-04-02 18:53:00,2015-04-02 20:14:00,2015-04-02 20:08:00,2015-04-02 21:29:00,81,0.4002563958333333,0.2299828055555554,0.4002563958333334,0.22998280555555548,0.17027359027777791,42.541129148796855,True,23.883686111111107,68.10943611111111,0,91.99312222222223,0.0,0
Dishwasher_2015-04-07_01,Dishwasher,Appliance6,2015-04-07 10:44:00,2015-04-07 12:09:00,2015-04-07 13:14:00,2015-04-07 14:39:00,85,0.4698238273809524,0.2349119136904762,0.4698238273809524,0.2349119136904762,0.2349119136904762,50.0,True,0.0,93.96476547619046,0,93.96476547619046,0.0,0
Dishwasher_2015-04-08_01,Dishwasher,Appliance6,2015-04-08 18:51:00,2015-04-08 19:40:00,2015-04-08 20:06:00,2015-04-08 20:55:00,49,0.2599429166666668,0.1299714583333334,0.25994291666666686,0.12997145833333343,0.12997145833333343,50.0,True,0.0,51.988583333333324,0,51.988583333333324,0.0,0
Dishwasher_2015-04-09_01,Dishwasher,Appliance6,2015-04-09 16:51:00,2015-04-09 17:00:00,2015-04-09 20:06:00,2015-04-09 20:15:00,9,0.0052888888888888,0.0026444444444444,0.005288888888888889,0.0026444444444444445,0.0026444444444444445,50.0,True,0.0,1.057777777777778,0,1.057777777777778,0.0,0
Dishwasher_2015-04-12_01,Dishwasher,Appliance6,2015-04-12 00:09:00,2015-04-12 01:33:00,2015-04-12 13:09:00,2015-04-12 14:33:00,84,0.3683612777777777,0.2411949444444445,0.3683612777777777,0.2411949444444445,0.12716633333333321,34.52217727674655,True,45.611444444444444,50.86653333333333,19,96.4779777777778,0.0,19
Dishwasher_2015-04-13_01,Dishwasher,Appliance6,2015-04-13 18:47:00,2015-04-13 20:07:00,2015-04-13 20:02:00,2015-04-13 21:22:00,80,0.4425487361111112,0.2275046805555556,0.4425487361111112,0.22750468055555562,0.21504405555555556,48.592174829206655,True,4.98425,86.01762222222222,0,91.0018722222222,0.0,0
Dishwasher_2015-04-16_01,Dishwasher,Appliance6,2015-04-16 19:06:00,2015-04-16 19:21:00,2015-04-16 20:06:00,2015-04-16 20:21:00,15,0.0038538194444444,0.0019269097222222,0.0038538194444444444,0.0019269097222222222,0.0019269097222222222,50.0,True,0.0,0.7707638888888889,0,0.7707638888888889,0.0,0
Dishwasher_2015-04-20_01,Dishwasher,Appliance6,2015-04-20 09:05:00,2015-04-20 10:35:00,2015-04-20 13:05:00,2015-04-20 14:35:00,90,0.4936834186507937,0.2468417093253968,0.49368341865079374,0.24684170932539687,0.24684170932539687,50.0,True,0.0,98.73668373015873,0,98.73668373015873,0.0,0
Dishwasher_2015-05-02_02,Dishwasher,Appliance6,2015-05-02 19:56:00,2015-05-02 21:02:00,2015-05-02 20:11:00,2015-05-02 21:17:00,66,0.1349730833333333,0.1348603055555555,0.13497308333333335,0.13486030555555556,0.00011277777777779496,0.0835557542234371,True,53.8990111111111,0.0451111111111111,0,53.94412222222221,0.0,0
Dishwasher_2015-05-04_02,Dishwasher,Appliance6,2015-05-04 19:00:00,2015-05-04 21:46:00,2015-05-04 19:00:00,2015-05-04 21:46:00,166,0.2572688948412699,0.2572688948412699,0.2572688948412699,0.2572688948412699,0.0,0.0,False,100.91814126984127,0.9947083333333339,0,100.91814126984127,0.9947083333333339,0
Dishwasher_2015-05-06_01,Dishwasher,Appliance6,2015-05-06 18:49:00,2015-05-06 19:36:00,2015-05-06 20:04:00,2015-05-06 20:51:00,47,0.2411582936507936,0.1205791468253968,0.24115829365079358,0.12057914682539679,0.12057914682539679,50.0,True,0.0,48.23165873015874,0,48.23165873015874,0.0,0
Dishwasher_2015-05-21_02,Dishwasher,Appliance6,2015-05-21 19:22:00,2015-05-21 20:41:00,2015-05-21 20:07:00,2015-05-21 21:26:00,79,0.3515171378968252,0.2267909474206348,0.3515171378968253,0.22679094742063488,0.12472619047619043,35.48225023179357,True,40.82590277777778,49.89047619047619,0,90.71637896825398,0.0,0
Washer_Dryer_2014-03-16_03,Washer Dryer,Appliance4,2014-03-16 11:29:00,2014-03-16 11:36:00,2014-03-16 13:14:00,2014-03-16 13:21:00,7,0.000252,0.000126,0.000252,0.000126,0.000126,50.0,True,0.0,0.0504,0,0.0504,0.0,0
Washer_Dryer_2014-03-20_03,Washer Dryer,Appliance4,2014-03-20 12:08:00,2014-03-20 12:13:00,2014-03-20 13:08:00,2014-03-20 13:13:00,5,0.003008,0.001504,0.0030080000000000003,0.0015040000000000001,0.0015040000000000001,50.0,True,0.0,0.6016,0,0.6016,0.0,0
Washer_Dryer_2014-05-06_01,Washer Dryer,Appliance4,2014-05-06 07:19:00,2014-05-06 07:34:00,2014-05-06 13:04:00,2014-05-06 13:19:00,15,0.00132,0.00066,0.00132,0.00066,0.00066,50.0,True,0.0,0.264,14,0.264,0.0,14
Washer_Dryer_2014-05-22_02,Washer Dryer,Appliance4,2014-05-22 16:33:00,2014-05-22 16:40:00,2014-05-22 20:03:00,2014-05-22 20:10:00,7,0.000472,0.000236,0.000472,0.000236,0.000236,50.0,True,0.0,0.09440000000000001,0,0.09440000000000001,0.0,0
Washer_Dryer_2014-06-06_01,Washer Dryer,Appliance4,2014-06-06 15:55:00,2014-06-06 16:07:00,2014-06-06 20:10:00,2014-06-06 20:22:00,12,0.0704010858585858,0.0468497247474747,0.07040108585858586,0.046849724747474744,0.023551361111111113,33.45312195669618,True,9.319345454545456,9.420544444444443,0,18.739889898989897,0.0,0
Washer_Dryer_2014-06-09_01,Washer Dryer,Appliance4,2014-06-09 10:06:00,2014-06-09 10:22:00,2014-06-09 13:06:00,2014-06-09 13:22:00,16,0.0293529191919191,0.0146764595959595,0.029352919191919194,0.014676459595959597,0.014676459595959597,50.0,True,0.0,5.870583838383838,0,5.870583838383838,0.0,0
Washer_Dryer_2014-06-11_01,Washer Dryer,Appliance4,2014-06-11 10:31:00,2014-06-11 10:43:00,2014-06-11 13:01:00,2014-06-11 13:13:00,12,0.0548478095238095,0.0274239047619047,0.054847809523809514,0.027423904761904757,0.027423904761904757,50.0,True,0.0,10.969561904761905,0,10.969561904761905,0.0,0
Washer_Dryer_2014-06-12_01,Washer Dryer,Appliance4,2014-06-12 10:20:00,2014-06-12 11:32:00,2014-06-12 13:05:00,2014-06-12 14:17:00,72,0.3354623235930735,0.1677311617965367,0.33546232359307354,0.16773116179653677,0.16773116179653677,50.0,True,0.0,67.09246471861472,11,67.09246471861472,0.0,11
Washer_Dryer_2014-07-18_01,Washer Dryer,Appliance4,2014-07-18 12:10:00,2014-07-18 12:20:00,2014-07-18 13:10:00,2014-07-18 13:20:00,10,0.0902834107142857,0.0451417053571428,0.09028341071428572,0.04514170535714286,0.04514170535714286,50.0,True,0.0,18.056682142857145,0,18.056682142857145,0.0,0
Washer_Dryer_2014-08-20_01,Washer Dryer,Appliance4,2014-08-20 12:51:00,2014-08-20 13:36:00,2014-08-20 13:06:00,2014-08-20 13:51:00,45,0.1810933754509378,0.1322331611652236,0.18109337545093787,0.13223316116522363,0.04886021428571424,26.980674563080047,True,33.349178751803755,19.544085714285714,0,52.89326446608945,0.0,0
Washer_Dryer_2014-09-22_02,Washer Dryer,Appliance4,2014-09-22 09:37:00,2014-09-22 10:28:00,2014-09-22 13:07:00,2014-09-22 13:58:00,51,0.2505420714285715,0.1252710357142857,0.2505420714285715,0.12527103571428574,0.12527103571428574,50.0,True,0.0,50.108414285714275,0,50.108414285714275,0.0,0
Washer_Dryer_2014-10-25_01,Washer Dryer,Appliance4,2014-10-25 15:26:00,2014-10-25 16:10:00,2014-10-25 20:11:00,2014-10-25 20:55:00,44,0.1679285069444444,0.1375066319444444,0.16792850694444442,0.13750663194444446,0.03042187499999996,18.115968249550622,True,42.83390277777777,12.168750000000001,0,55.00265277777777,0.0,0
Washer_Dryer_2014-12-14_01,Washer Dryer,Appliance4,2014-12-14 09:08:00,2014-12-14 09:51:00,2014-12-14 13:08:00,2014-12-14 13:51:00,43,0.2394834920634921,0.119741746031746,0.2394834920634921,0.11974174603174605,0.11974174603174605,50.0,True,0.0,47.89669841269843,0,47.89669841269843,0.0,0
Washer_Dryer_2014-12-26_01,Washer Dryer,Appliance4,2014-12-26 19:57:00,2014-12-26 20:42:00,2014-12-26 20:12:00,2014-12-26 20:57:00,45,0.00192,0.00128,0.0019200000000000003,0.00128,0.0006400000000000002,33.333333333333336,True,0.256,0.256,43,0.512,0.0,43
Washer_Dryer_2014-12-30_02,Washer Dryer,Appliance4,2014-12-30 10:57:00,2014-12-30 11:41:00,2014-12-30 13:12:00,2014-12-30 13:56:00,44,0.4414262797619047,0.2207131398809523,0.44142627976190474,0.22071313988095237,0.22071313988095237,50.0,True,0.0,88.28525595238098,0,88.28525595238098,0.0,0
Washer_Dryer_2015-02-25_01,Washer Dryer,Appliance4,2015-02-25 08:20:00,2015-02-25 08:46:00,2015-02-25 13:05:00,2015-02-25 13:31:00,26,0.0039644444444444,0.0019822222222222,0.003964444444444444,0.001982222222222222,0.001982222222222222,50.0,True,0.0,0.7928888888888893,0,0.7928888888888893,0.0,0
Washer_Dryer_2015-05-07_01,Washer Dryer,Appliance4,2015-05-07 11:37:00,2015-05-07 12:01:00,2015-05-07 13:07:00,2015-05-07 13:31:00,24,0.2157875039682539,0.1078937519841269,0.21578750396825394,0.10789375198412697,0.10789375198412697,50.0,True,0.0,43.1575007936508,0,43.1575007936508,0.0,0
Washing_Machine_2014-03-08_01,Washing Machine,Appliance5,2014-03-08 09:24:00,2014-03-08 10:17:00,2014-03-08 13:09:00,2014-03-08 14:02:00,53,0.1358877806637807,0.0679438903318903,0.1358877806637807,0.06794389033189036,0.06794389033189036,50.0,True,0.0,27.177556132756134,0,27.177556132756134,0.0,0
Washing_Machine_2014-03-10_01,Washing Machine,Appliance5,2014-03-10 09:17:00,2014-03-10 10:06:00,2014-03-10 13:02:00,2014-03-10 13:51:00,49,0.0752796787518037,0.0376398393759018,0.07527967875180373,0.037639839375901867,0.037639839375901867,50.0,True,0.0,15.055935750360748,0,15.055935750360748,0.0,0
Washing_Machine_2014-03-12_01,Washing Machine,Appliance5,2014-03-12 09:49:00,2014-03-12 10:59:00,2014-03-12 13:04:00,2014-03-12 14:14:00,70,0.1003686567460317,0.0501843283730158,0.10036865674603179,0.050184328373015896,0.050184328373015896,50.0,True,0.0,20.07373134920635,0,20.07373134920635,0.0,0
Washing_Machine_2014-03-17_01,Washing Machine,Appliance5,2014-03-17 09:35:00,2014-03-17 10:22:00,2014-03-17 13:05:00,2014-03-17 13:52:00,47,0.0951851883116882,0.0475925941558441,0.09518518831168828,0.04759259415584414,0.04759259415584414,50.0,True,0.0,19.037037662337664,0,19.037037662337664,0.0,0
Washing_Machine_2014-03-19_01,Washing Machine,Appliance5,2014-03-19 09:31:00,2014-03-19 10:41:00,2014-03-19 13:01:00,2014-03-19 14:11:00,70,0.1226502893217893,0.0613251446608946,0.12265028932178933,0.061325144660894663,0.061325144660894663,50.0,True,0.0,24.530057864357865,0,24.530057864357865,0.0,0
Washing_Machine_2014-03-20_01,Washing Machine,Appliance5,2014-03-20 09:52:00,2014-03-20 10:11:00,2014-03-20 13:07:00,2014-03-20 13:26:00,19,0.008091803030303,0.0040459015151515,0.008091803030303029,0.0040459015151515145,0.0040459015151515145,50.0,True,0.0,1.618360606060606,0,1.618360606060606,0.0,0
Washing_Machine_2014-03-27_01,Washing Machine,Appliance5,2014-03-27 09:19:00,2014-03-27 10:07:00,2014-03-27 13:04:00,2014-03-27 13:52:00,48,0.0973724496753246,0.0486862248376623,0.09737244967532467,0.048686224837662335,0.048686224837662335,50.0,True,0.0,19.47448993506492,0,19.47448993506492,0.0,0
Washing_Machine_2014-03-28_01,Washing Machine,Appliance5,2014-03-28 12:03:00,2014-03-28 13:15:00,2014-03-28 13:03:00,2014-03-28 14:15:00,72,0.1308221607142857,0.0668606579184704,0.1308221607142857,0.06686065791847043,0.06396150279581528,48.891948005282195,True,1.159662049062049,25.58460111832611,0,26.744263167388166,0.0,0
Washing_Machine_2014-03-30_02,Washing Machine,Appliance5,2014-03-30 19:19:00,2014-03-30 19:26:00,2014-03-30 20:04:00,2014-03-30 20:11:00,7,0.00104,0.00052,0.0010400000000000001,0.0005200000000000001,0.0005200000000000001,50.0,True,0.0,0.20800000000000002,0,0.20800000000000002,0.0,0
Washing_Machine_2014-03-31_02,Washing Machine,Appliance5,2014-03-31 08:41:00,2014-03-31 09:32:00,2014-03-31 13:11:00,2014-03-31 14:02:00,51,0.0906933521756021,0.045346676087801,0.09069335217560218,0.04534667608780109,0.04534667608780109,50.0,True,0.0,18.13867043512044,0,18.13867043512044,0.0,0
Washing_Machine_2014-04-04_01,Washing Machine,Appliance5,2014-04-04 18:34:00,2014-04-04 18:55:00,2014-04-04 20:04:00,2014-04-04 20:25:00,21,0.0143507142857142,0.0071753571428571,0.014350714285714284,0.007175357142857142,0.007175357142857142,50.0,True,0.0,2.8701428571428567,0,2.8701428571428567,0.0,0
Washing_Machine_2014-04-07_01,Washing Machine,Appliance5,2014-04-07 08:29:00,2014-04-07 09:24:00,2014-04-07 13:14:00,2014-04-07 14:09:00,55,0.1493495059523809,0.0746747529761904,0.14934950595238092,0.07467475297619046,0.07467475297619046,50.0,True,0.0,29.86990119047618,0,29.86990119047618,0.0,0
Washing_Machine_2014-04-09_01,Washing Machine,Appliance5,2014-04-09 07:32:00,2014-04-09 08:41:00,2014-04-09 13:02:00,2014-04-09 14:11:00,69,0.1058065158730158,0.0529032579365079,0.10580651587301584,0.05290325793650792,0.05290325793650792,50.0,True,0.0,21.161303174603184,0,21.161303174603184,0.0,0
Washing_Machine_2014-04-14_01,Washing Machine,Appliance5,2014-04-14 08:14:00,2014-04-14 08:32:00,2014-04-14 13:14:00,2014-04-14 13:32:00,18,0.0519362321428571,0.0259681160714285,0.05193623214285714,0.02596811607142857,0.02596811607142857,50.0,True,0.0,10.387246428571427,1,10.387246428571427,0.0,1
Washing_Machine_2014-04-15_01,Washing Machine,Appliance5,2014-04-15 07:34:00,2014-04-15 08:45:00,2014-04-15 13:04:00,2014-04-15 14:15:00,71,0.1055508376623376,0.0527754188311688,0.10555083766233762,0.05277541883116881,0.05277541883116881,50.0,True,0.0,21.11016753246753,0,21.11016753246753,0.0,0
Washing_Machine_2014-04-21_01,Washing Machine,Appliance5,2014-04-21 08:24:00,2014-04-21 09:14:00,2014-04-21 13:09:00,2014-04-21 13:59:00,50,0.0885505099206349,0.0442752549603174,0.08855050992063493,0.044275254960317464,0.044275254960317464,50.0,True,0.0,17.710101984126986,0,17.710101984126986,0.0,0
Washing_Machine_2014-04-23_01,Washing Machine,Appliance5,2014-04-23 07:38:00,2014-04-23 08:48:00,2014-04-23 13:08:00,2014-04-23 14:18:00,70,0.1152149623015872,0.0576074811507936,0.11521496230158727,0.05760748115079364,0.05760748115079364,50.0,True,0.0,23.04299246031747,0,23.04299246031747,0.0,0
Washing_Machine_2014-04-28_01,Washing Machine,Appliance5,2014-04-28 08:15:00,2014-04-28 09:04:00,2014-04-28 13:00:00,2014-04-28 13:49:00,49,0.078143988095238,0.039071994047619,0.0781439880952381,0.03907199404761905,0.03907199404761905,50.0,True,0.0,15.628797619047619,0,15.628797619047619,0.0,0
Washing_Machine_2014-04-29_01,Washing Machine,Appliance5,2014-04-29 09:18:00,2014-04-29 09:33:00,2014-04-29 13:03:00,2014-04-29 13:18:00,15,0.0520219722222222,0.0260109861111111,0.05202197222222221,0.026010986111111106,0.026010986111111106,50.0,True,0.0,10.404394444444447,0,10.404394444444447,0.0,0
Washing_Machine_2014-04-30_01,Washing Machine,Appliance5,2014-04-30 07:49:00,2014-04-30 08:08:00,2014-04-30 13:04:00,2014-04-30 13:23:00,19,0.039295619047619,0.0196478095238095,0.039295619047619045,0.019647809523809522,0.019647809523809522,50.0,True,0.0,7.859123809523811,0,7.859123809523811,0.0,0
Washing_Machine_2014-05-05_01,Washing Machine,Appliance5,2014-05-05 07:44:00,2014-05-05 08:48:00,2014-05-05 13:14:00,2014-05-05 14:18:00,64,0.0758027801226551,0.0379013900613275,0.07580278012265512,0.03790139006132756,0.03790139006132756,50.0,True,0.0,15.160556024531026,0,15.160556024531026,0.0,0
Washing_Machine_2014-05-18_03,Washing Machine,Appliance5,2014-05-18 23:51:00,2014-05-19 00:49:00,2014-05-19 12:51:00,2014-05-19 13:49:00,58,0.00458,0.00265,0.004580000000000007,0.0026500000000000043,0.0019300000000000025,42.139737991266365,True,0.0,0.9160000000000007,0,0.7720000000000006,0.14400000000000002,0
Washing_Machine_2014-05-23_01,Washing Machine,Appliance5,2014-05-23 09:04:00,2014-05-23 09:50:00,2014-05-23 13:04:00,2014-05-23 13:50:00,46,0.066960869047619,0.0334804345238095,0.06696086904761903,0.03348043452380951,0.03348043452380951,50.0,True,0.0,13.39217380952381,0,13.39217380952381,0.0,0
Washing_Machine_2014-05-24_01,Washing Machine,Appliance5,2014-05-24 16:47:00,2014-05-24 16:52:00,2014-05-24 20:02:00,2014-05-24 20:07:00,5,0.0004857142857142,0.0002428571428571,0.00048571428571428566,0.00024285714285714283,0.00024285714285714283,50.0,True,0.0,0.09714285714285714,0,0.09714285714285714,0.0,0
Washing_Machine_2014-05-25_01,Washing Machine,Appliance5,2014-05-25 11:04:00,2014-05-25 11:51:00,2014-05-25 13:04:00,2014-05-25 13:51:00,47,0.0778785496031746,0.0389392748015873,0.0778785496031746,0.0389392748015873,0.0389392748015873,50.0,True,0.0,15.57570992063492,0,15.57570992063492,0.0,0
Washing_Machine_2014-05-26_01,Washing Machine,Appliance5,2014-05-26 10:12:00,2014-05-26 10:31:00,2014-05-26 13:12:00,2014-05-26 13:31:00,19,0.0077484671717171,0.0038742335858585,0.007748467171717172,0.003874233585858586,0.003874233585858586,50.0,True,0.0,1.5496934343434345,0,1.5496934343434345,0.0,0
Washing_Machine_2014-05-28_01,Washing Machine,Appliance5,2014-05-28 07:30:00,2014-05-28 08:38:00,2014-05-28 13:00:00,2014-05-28 14:08:00,68,0.0855430575396825,0.0427715287698412,0.08554305753968251,0.042771528769841256,0.042771528769841256,50.0,True,0.0,17.10861150793651,0,17.10861150793651,0.0,0
Washing_Machine_2014-05-30_01,Washing Machine,Appliance5,2014-05-30 06:56:00,2014-05-30 07:51:00,2014-05-30 13:11:00,2014-05-30 14:06:00,55,0.1519931269841269,0.0759965634920634,0.151993126984127,0.0759965634920635,0.0759965634920635,50.0,True,0.0,30.398625396825405,0,30.398625396825405,0.0,0
Washing_Machine_2014-06-02_01,Washing Machine,Appliance5,2014-06-02 08:22:00,2014-06-02 09:13:00,2014-06-02 13:07:00,2014-06-02 13:58:00,51,0.1225044523809523,0.0612522261904761,0.12250445238095237,0.06125222619047618,0.06125222619047618,50.0,True,0.0,24.5008904761905,0,24.5008904761905,0.0,0
Washing_Machine_2014-06-05_01,Washing Machine,Appliance5,2014-06-05 08:37:00,2014-06-05 09:45:00,2014-06-05 13:07:00,2014-06-05 14:15:00,68,0.0981672171717172,0.0490836085858586,0.09816721717171721,0.049083608585858605,0.049083608585858605,50.0,True,0.0,19.633443434343437,0,19.633443434343437,0.0,0
Washing_Machine_2014-06-09_01,Washing Machine,Appliance5,2014-06-09 08:17:00,2014-06-09 09:05:00,2014-06-09 13:02:00,2014-06-09 13:50:00,48,0.0702866502525252,0.0351433251262626,0.07028665025252523,0.035143325126262615,0.035143325126262615,50.0,True,0.0,14.057330050505053,0,14.057330050505053,0.0,0
Washing_Machine_2014-06-11_01,Washing Machine,Appliance5,2014-06-11 08:17:00,2014-06-11 09:26:00,2014-06-11 13:02:00,2014-06-11 14:11:00,69,0.089594371031746,0.044797185515873,0.08959437103174604,0.04479718551587302,0.04479718551587302,50.0,True,0.0,17.9188742063492,0,17.9188742063492,0.0,0
Washing_Machine_2014-06-12_01,Washing Machine,Appliance5,2014-06-12 08:49:00,2014-06-12 09:10:00,2014-06-12 13:04:00,2014-06-12 13:25:00,21,0.0082046825396825,0.0041023412698412,0.00820468253968254,0.00410234126984127,0.00410234126984127,50.0,True,0.0,1.640936507936508,0,1.640936507936508,0.0,0
Washing_Machine_2014-06-13_01,Washing Machine,Appliance5,2014-06-13 15:58:00,2014-06-13 16:22:00,2014-06-13 20:13:00,2014-06-13 20:37:00,24,0.0333052916666666,0.0188761458333333,0.03330529166666667,0.01887614583333333,0.014429145833333337,43.32388371717709,True,1.7788,5.771658333333332,0,7.550458333333332,0.0,0
Washing_Machine_2014-06-14_01,Washing Machine,Appliance5,2014-06-14 08:26:00,2014-06-14 09:11:00,2014-06-14 13:11:00,2014-06-14 13:56:00,45,0.0497871845238095,0.0248935922619047,0.04978718452380952,0.02489359226190476,0.02489359226190476,50.0,True,0.0,9.957436904761906,0,9.957436904761906,0.0,0
Washing_Machine_2014-06-20_01,Washing Machine,Appliance5,2014-06-20 11:14:00,2014-06-20 12:00:00,2014-06-20 13:14:00,2014-06-20 14:00:00,46,0.0680064384920634,0.0340032192460317,0.06800643849206349,0.034003219246031745,0.034003219246031745,50.0,True,0.0,13.601287698412696,0,13.601287698412696,0.0,0
Washing_Machine_2014-06-22_01,Washing Machine,Appliance5,2014-06-22 06:50:00,2014-06-22 07:40:00,2014-06-22 13:05:00,2014-06-22 13:55:00,50,0.1160245575396825,0.0580122787698412,0.1160245575396825,0.05801227876984125,0.05801227876984125,50.0,True,0.0,23.2049115079365,0,23.2049115079365,0.0,0
Washing_Machine_2014-06-25_01,Washing Machine,Appliance5,2014-06-25 08:37:00,2014-06-25 09:20:00,2014-06-25 13:07:00,2014-06-25 13:50:00,43,0.0534214325396825,0.0267107162698412,0.05342143253968253,0.026710716269841266,0.026710716269841266,50.0,True,0.0,10.684286507936504,0,10.684286507936504,0.0,0
Washing_Machine_2014-06-30_01,Washing Machine,Appliance5,2014-06-30 09:00:00,2014-06-30 09:50:00,2014-06-30 13:00:00,2014-06-30 13:50:00,50,0.119351123015873,0.0596755615079365,0.119351123015873,0.0596755615079365,0.0596755615079365,50.0,True,0.0,23.870224603174606,0,23.870224603174606,0.0,0
Washing_Machine_2014-07-02_01,Washing Machine,Appliance5,2014-07-02 08:20:00,2014-07-02 09:08:00,2014-07-02 13:05:00,2014-07-02 13:53:00,48,0.0591875773809523,0.0295937886904761,0.059187577380952365,0.029593788690476183,0.029593788690476183,50.0,True,0.0,11.837515476190475,0,11.837515476190475,0.0,0
Washing_Machine_2014-07-06_01,Washing Machine,Appliance5,2014-07-06 06:47:00,2014-07-06 07:46:00,2014-07-06 13:02:00,2014-07-06 14:01:00,59,0.1449273988095238,0.0724636994047619,0.14492739880952382,0.07246369940476191,0.07246369940476191,50.0,True,0.0,28.98547976190477,2,28.98547976190477,0.0,2
Washing_Machine_2014-07-09_01,Washing Machine,Appliance5,2014-07-09 07:42:00,2014-07-09 08:48:00,2014-07-09 13:12:00,2014-07-09 14:18:00,66,0.0813283412698412,0.0406641706349206,0.08132834126984123,0.040664170634920616,0.040664170634920616,50.0,True,0.0,16.26566825396825,2,16.26566825396825,0.0,2
Washing_Machine_2014-07-14_01,Washing Machine,Appliance5,2014-07-14 08:05:00,2014-07-14 08:50:00,2014-07-14 13:05:00,2014-07-14 13:50:00,45,0.0536079345238095,0.0268039672619047,0.05360793452380952,0.02680396726190476,0.02680396726190476,50.0,True,0.0,10.721586904761905,0,10.721586904761905,0.0,0
Washing_Machine_2014-07-16_01,Washing Machine,Appliance5,2014-07-16 07:29:00,2014-07-16 08:35:00,2014-07-16 13:14:00,2014-07-16 14:20:00,66,0.0786952083333333,0.0393476041666666,0.07869520833333331,0.039347604166666654,0.039347604166666654,50.0,True,0.0,15.739041666666665,0,15.739041666666665,0.0,0
Washing_Machine_2014-07-18_01,Washing Machine,Appliance5,2014-07-18 08:55:00,2014-07-18 09:39:00,2014-07-18 13:10:00,2014-07-18 13:54:00,44,0.0413564999999999,0.0206782499999999,0.0413565,0.02067825,0.02067825,50.0,True,0.0,8.271300000000004,0,8.271300000000004,0.0,0
Washing_Machine_2014-08-20_01,Washing Machine,Appliance5,2014-08-20 08:57:00,2014-08-20 09:54:00,2014-08-20 13:12:00,2014-08-20 14:09:00,57,0.1692475674603174,0.0846237837301587,0.16924756746031738,0.08462378373015869,0.08462378373015869,50.0,True,0.0,33.84951349206347,0,33.84951349206347,0.0,0
Washing_Machine_2014-08-22_01,Washing Machine,Appliance5,2014-08-22 08:38:00,2014-08-22 09:33:00,2014-08-22 13:08:00,2014-08-22 14:03:00,55,0.1661838605699855,0.0830919302849927,0.16618386056998555,0.08309193028499277,0.08309193028499277,50.0,True,0.0,33.23677211399711,0,33.23677211399711,0.0,0
Washing_Machine_2014-08-23_01,Washing Machine,Appliance5,2014-08-23 08:34:00,2014-08-23 09:20:00,2014-08-23 13:04:00,2014-08-23 13:50:00,46,0.0641867658730158,0.0320933829365079,0.06418676587301587,0.03209338293650794,0.03209338293650794,50.0,True,0.0,12.837353174603177,1,12.837353174603177,0.0,1
Washing_Machine_2014-08-25_01,Washing Machine,Appliance5,2014-08-25 08:30:00,2014-08-25 08:50:00,2014-08-25 13:00:00,2014-08-25 13:20:00,20,0.0441338452380952,0.0220669226190476,0.04413384523809522,0.02206692261904761,0.02206692261904761,50.0,True,0.0,8.826769047619052,0,8.826769047619052,0.0,0
Washing_Machine_2014-08-26_01,Washing Machine,Appliance5,2014-08-26 07:40:00,2014-08-26 08:34:00,2014-08-26 13:10:00,2014-08-26 14:04:00,54,0.1312889801587302,0.0656444900793651,0.1312889801587302,0.0656444900793651,0.0656444900793651,50.0,True,0.0,26.257796031746025,0,26.257796031746025,0.0,0
Washing_Machine_2014-08-27_01,Washing Machine,Appliance5,2014-08-27 08:19:00,2014-08-27 09:28:00,2014-08-27 13:04:00,2014-08-27 14:13:00,69,0.0840240535714285,0.0420120267857142,0.08402405357142853,0.042012026785714265,0.042012026785714265,50.0,True,0.0,16.80481071428571,0,16.80481071428571,0.0,0
Washing_Machine_2014-09-01_01,Washing Machine,Appliance5,2014-09-01 09:24:00,2014-09-01 10:09:00,2014-09-01 13:09:00,2014-09-01 13:54:00,45,0.0584247321428571,0.0292123660714285,0.05842473214285716,0.02921236607142858,0.02921236607142858,50.0,True,0.0,11.684946428571422,2,11.684946428571422,0.0,2
Washing_Machine_2014-09-02_01,Washing Machine,Appliance5,2014-09-02 18:56:00,2014-09-02 20:03:00,2014-09-02 20:11:00,2014-09-02 21:18:00,67,0.0869834454365079,0.0436383968253968,0.08698344543650793,0.04363839682539682,0.04334504861111111,49.831376986268126,True,0.1173392857142857,17.338019444444445,0,17.455358730158732,0.0,0
Washing_Machine_2014-09-10_01,Washing Machine,Appliance5,2014-09-10 08:23:00,2014-09-10 09:07:00,2014-09-10 13:08:00,2014-09-10 13:52:00,44,0.0552390099206349,0.0276195049603174,0.055239009920634914,0.027619504960317457,0.027619504960317457,50.0,True,0.0,11.047801984126982,0,11.047801984126982,0.0,0
Washing_Machine_2014-09-16_01,Washing Machine,Appliance5,2014-09-16 09:26:00,2014-09-16 10:10:00,2014-09-16 13:11:00,2014-09-16 13:55:00,44,0.0585418333333333,0.0292709166666666,0.05854183333333334,0.02927091666666667,0.02927091666666667,50.0,True,0.0,11.708366666666668,0,11.708366666666668,0.0,0
Washing_Machine_2014-09-22_01,Washing Machine,Appliance5,2014-09-22 08:31:00,2014-09-22 09:44:00,2014-09-22 13:01:00,2014-09-22 14:14:00,73,0.0918901706349206,0.0459450853174603,0.09189017063492062,0.04594508531746031,0.04594508531746031,50.0,True,0.0,18.378034126984133,38,18.378034126984133,0.0,38
Washing_Machine_2014-09-28_01,Washing Machine,Appliance5,2014-09-28 11:57:00,2014-09-28 12:15:00,2014-09-28 13:12:00,2014-09-28 13:30:00,18,0.0331910277777777,0.0165955138888888,0.033191027777777785,0.016595513888888892,0.016595513888888892,50.0,True,0.0,6.638205555555554,0,6.638205555555554,0.0,0
Washing_Machine_2014-09-29_01,Washing Machine,Appliance5,2014-09-29 08:53:00,2014-09-29 09:46:00,2014-09-29 13:08:00,2014-09-29 14:01:00,53,0.1208124126984127,0.0604062063492063,0.1208124126984127,0.06040620634920635,0.06040620634920635,50.0,True,0.0,24.162482539682536,0,24.162482539682536,0.0,0
Washing_Machine_2014-10-06_01,Washing Machine,Appliance5,2014-10-06 10:24:00,2014-10-06 11:15:00,2014-10-06 13:09:00,2014-10-06 14:00:00,51,0.0711553472222222,0.0355776736111111,0.0711553472222222,0.0355776736111111,0.0355776736111111,50.0,True,0.0,14.231069444444445,0,14.231069444444445,0.0,0
Washing_Machine_2014-10-14_01,Washing Machine,Appliance5,2014-10-14 09:46:00,2014-10-14 10:32:00,2014-10-14 13:01:00,2014-10-14 13:47:00,46,0.0737875694444444,0.0368937847222222,0.07378756944444444,0.03689378472222222,0.03689378472222222,50.0,True,0.0,14.757513888888889,0,14.757513888888889,0.0,0
Washing_Machine_2014-10-15_01,Washing Machine,Appliance5,2014-10-15 10:07:00,2014-10-15 11:18:00,2014-10-15 13:07:00,2014-10-15 14:18:00,71,0.1167857916666667,0.0583928958333333,0.11678579166666671,0.058392895833333354,0.058392895833333354,50.0,True,0.0,23.357158333333352,0,23.357158333333352,0.0,0
Washing_Machine_2014-10-18_01,Washing Machine,Appliance5,2014-10-18 10:54:00,2014-10-18 11:47:00,2014-10-18 13:09:00,2014-10-18 14:02:00,53,0.1176171329365079,0.0588085664682539,0.11761713293650793,0.05880856646825396,0.05880856646825396,50.0,True,0.0,23.523426587301593,0,23.523426587301593,0.0,0
Washing_Machine_2014-10-20_01,Washing Machine,Appliance5,2014-10-20 10:29:00,2014-10-20 11:11:00,2014-10-20 13:14:00,2014-10-20 13:56:00,42,0.0629536895743145,0.0314768447871572,0.06295368957431459,0.031476844787157295,0.031476844787157295,50.0,True,0.0,12.590737914862913,0,12.590737914862913,0.0,0
Washing_Machine_2014-10-22_01,Washing Machine,Appliance5,2014-10-22 09:39:00,2014-10-22 10:48:00,2014-10-22 13:09:00,2014-10-22 14:18:00,69,0.0958930476190476,0.0479465238095238,0.09589304761904761,0.04794652380952381,0.04794652380952381,50.0,True,0.0,19.17860952380952,0,19.17860952380952,0.0,0
Washing_Machine_2014-10-25_01,Washing Machine,Appliance5,2014-10-25 12:46:00,2014-10-25 13:44:00,2014-10-25 13:01:00,2014-10-25 13:59:00,58,0.111576123015873,0.0869742579365079,0.11157612301587305,0.08697425793650795,0.0246018650793651,22.04939947220176,True,24.948957142857136,9.840746031746033,0,34.78970317460316,0.0,0
Washing_Machine_2014-11-06_02,Washing Machine,Appliance5,2014-11-06 09:23:00,2014-11-06 10:10:00,2014-11-06 13:08:00,2014-11-06 13:55:00,47,0.0834455119047618,0.0417227559523809,0.08344551190476188,0.04172275595238094,0.04172275595238094,50.0,True,0.0,16.689102380952374,0,16.689102380952374,0.0,0
Washing_Machine_2014-11-10_01,Washing Machine,Appliance5,2014-11-10 15:12:00,2014-11-10 16:01:00,2014-11-10 20:12:00,2014-11-10 21:01:00,49,0.0397082073412698,0.0396740406746031,0.03970820734126983,0.03967404067460315,3.4166666666675394e-05,0.08604434436697686,True,15.855949603174603,0.013666666666666666,0,15.86961626984127,0.0,0
Washing_Machine_2014-11-12_01,Washing Machine,Appliance5,2014-11-12 09:47:00,2014-11-12 10:35:00,2014-11-12 13:02:00,2014-11-12 13:50:00,48,0.0752369761904762,0.0376184880952381,0.0752369761904762,0.0376184880952381,0.0376184880952381,50.0,True,0.0,15.047395238095236,0,15.047395238095236,0.0,0
Washing_Machine_2014-11-17_01,Washing Machine,Appliance5,2014-11-17 09:58:00,2014-11-17 10:46:00,2014-11-17 13:13:00,2014-11-17 14:01:00,48,0.0855123472222221,0.042756173611111,0.08551234722222219,0.042756173611111094,0.042756173611111094,50.0,True,0.0,17.10246944444444,0,17.10246944444444,0.0,0
Washing_Machine_2014-11-19_01,Washing Machine,Appliance5,2014-11-19 11:19:00,2014-11-19 12:05:00,2014-11-19 13:04:00,2014-11-19 13:50:00,46,0.081472876984127,0.0407364384920635,0.081472876984127,0.0407364384920635,0.0407364384920635,50.0,True,0.0,16.294575396825394,0,16.294575396825394,0.0,0
Washing_Machine_2014-11-24_01,Washing Machine,Appliance5,2014-11-24 09:25:00,2014-11-24 10:14:00,2014-11-24 13:10:00,2014-11-24 13:59:00,49,0.0766492321428571,0.0383246160714285,0.07664923214285711,0.038324616071428556,0.038324616071428556,50.0,True,0.0,15.329846428571425,0,15.329846428571425,0.0,0
Washing_Machine_2014-11-26_01,Washing Machine,Appliance5,2014-11-26 09:23:00,2014-11-26 10:10:00,2014-11-26 13:08:00,2014-11-26 13:55:00,47,0.0909504166666666,0.0454752083333333,0.09095041666666664,0.04547520833333332,0.04547520833333332,50.0,True,0.0,18.190083333333323,0,18.190083333333323,0.0,0
Washing_Machine_2014-11-28_01,Washing Machine,Appliance5,2014-11-28 10:34:00,2014-11-28 11:19:00,2014-11-28 13:04:00,2014-11-28 13:49:00,45,0.061386748015873,0.0306933740079365,0.06138674801587304,0.03069337400793652,0.03069337400793652,50.0,True,0.0,12.27734960317461,0,12.27734960317461,0.0,0
Washing_Machine_2014-12-01_01,Washing Machine,Appliance5,2014-12-01 09:52:00,2014-12-01 10:43:00,2014-12-01 13:07:00,2014-12-01 13:58:00,51,0.0889032003968254,0.0444516001984127,0.0889032003968254,0.0444516001984127,0.0444516001984127,50.0,True,0.0,17.780640079365078,0,17.780640079365078,0.0,0
Washing_Machine_2014-12-02_01,Washing Machine,Appliance5,2014-12-02 09:49:00,2014-12-02 10:59:00,2014-12-02 13:04:00,2014-12-02 14:14:00,70,0.093178397005772,0.046589198502886,0.093178397005772,0.046589198502886,0.046589198502886,50.0,True,0.0,18.635679401154402,0,18.635679401154402,0.0,0
Washing_Machine_2014-12-07_01,Washing Machine,Appliance5,2014-12-07 08:44:00,2014-12-07 09:06:00,2014-12-07 13:14:00,2014-12-07 13:36:00,22,0.0923929861111111,0.0461964930555555,0.09239298611111112,0.04619649305555556,0.04619649305555556,50.0,True,0.0,18.478597222222223,0,18.478597222222223,0.0,0
Washing_Machine_2014-12-08_01,Washing Machine,Appliance5,2014-12-08 09:48:00,2014-12-08 10:34:00,2014-12-08 13:03:00,2014-12-08 13:49:00,46,0.0745886666666666,0.0372943333333333,0.07458866666666665,0.037294333333333325,0.037294333333333325,50.0,True,0.0,14.917733333333334,0,14.917733333333334,0.0,0
Washing_Machine_2014-12-09_01,Washing Machine,Appliance5,2014-12-09 09:32:00,2014-12-09 10:44:00,2014-12-09 13:02:00,2014-12-09 14:14:00,72,0.1253953869047619,0.0626976934523809,0.12539538690476193,0.06269769345238096,0.06269769345238096,50.0,True,0.0,25.079077380952377,0,25.079077380952377,0.0,0
Washing_Machine_2014-12-15_01,Washing Machine,Appliance5,2014-12-15 09:18:00,2014-12-15 10:06:00,2014-12-15 13:03:00,2014-12-15 13:51:00,48,0.0929532499999999,0.0464766249999999,0.09295324999999996,0.04647662499999998,0.04647662499999998,50.0,True,0.0,18.59065,1,18.59065,0.0,1
Washing_Machine_2014-12-16_01,Washing Machine,Appliance5,2014-12-16 09:30:00,2014-12-16 10:42:00,2014-12-16 13:00:00,2014-12-16 14:12:00,72,0.1144569742063492,0.0572284871031746,0.11445697420634919,0.057228487103174595,0.057228487103174595,50.0,True,0.0,22.891394841269843,0,22.891394841269843,0.0,0
Washing_Machine_2014-12-21_01,Washing Machine,Appliance5,2014-12-21 09:19:00,2014-12-21 10:08:00,2014-12-21 13:04:00,2014-12-21 13:53:00,49,0.0990088194444444,0.0495044097222222,0.09900881944444442,0.04950440972222221,0.04950440972222221,50.0,True,0.0,19.801763888888885,0,19.801763888888885,0.0,0
Washing_Machine_2014-12-23_01,Washing Machine,Appliance5,2014-12-23 09:44:00,2014-12-23 10:32:00,2014-12-23 13:14:00,2014-12-23 14:02:00,48,0.0783887777777777,0.0391943888888888,0.07838877777777778,0.03919438888888889,0.03919438888888889,50.0,True,0.0,15.677755555555553,0,15.677755555555553,0.0,0
Washing_Machine_2014-12-29_01,Washing Machine,Appliance5,2014-12-29 09:36:00,2014-12-29 10:48:00,2014-12-29 13:06:00,2014-12-29 14:18:00,72,0.1419366547619047,0.0709683273809523,0.14193665476190478,0.07096832738095239,0.07096832738095239,50.0,True,0.0,28.387330952380964,0,28.387330952380964,0.0,0
Washing_Machine_2014-12-30_01,Washing Machine,Appliance5,2014-12-30 09:56:00,2014-12-30 10:53:00,2014-12-30 13:11:00,2014-12-30 14:08:00,57,0.1683848273809523,0.0841924136904761,0.16838482738095237,0.08419241369047618,0.08419241369047618,50.0,True,0.0,33.676965476190496,0,33.676965476190496,0.0,0
Washing_Machine_2015-01-05_01,Washing Machine,Appliance5,2015-01-05 09:59:00,2015-01-05 10:47:00,2015-01-05 13:14:00,2015-01-05 14:02:00,48,0.1027502678571428,0.0513751339285714,0.10275026785714286,0.05137513392857143,0.05137513392857143,50.0,True,0.0,20.550053571428574,0,20.550053571428574,0.0,0
Washing_Machine_2015-01-07_01,Washing Machine,Appliance5,2015-01-07 10:28:00,2015-01-07 11:14:00,2015-01-07 13:13:00,2015-01-07 13:59:00,46,0.0215150297619047,0.0107575148809523,0.02151502976190476,0.01075751488095238,0.01075751488095238,50.0,True,0.0,4.3030059523809525,0,4.3030059523809525,0.0,0
Washing_Machine_2015-01-12_01,Washing Machine,Appliance5,2015-01-12 09:56:00,2015-01-12 10:47:00,2015-01-12 13:11:00,2015-01-12 14:02:00,51,0.1026719186507936,0.0513359593253968,0.10267191865079364,0.05133595932539682,0.05133595932539682,50.0,True,0.0,20.534383730158726,0,20.534383730158726,0.0,0
Washing_Machine_2015-01-14_01,Washing Machine,Appliance5,2015-01-14 09:56:00,2015-01-14 11:05:00,2015-01-14 13:11:00,2015-01-14 14:20:00,69,0.1217964900793651,0.0608982450396825,0.12179649007936512,0.06089824503968256,0.06089824503968256,50.0,True,0.0,24.359298015873016,0,24.359298015873016,0.0,0
Washing_Machine_2015-01-19_01,Washing Machine,Appliance5,2015-01-19 09:51:00,2015-01-19 10:43:00,2015-01-19 13:06:00,2015-01-19 13:58:00,52,0.1001985694444444,0.0500992847222222,0.10019856944444445,0.05009928472222223,0.05009928472222223,50.0,True,0.0,20.039713888888887,0,20.039713888888887,0.0,0
Washing_Machine_2015-01-20_01,Washing Machine,Appliance5,2015-01-20 10:00:00,2015-01-20 11:10:00,2015-01-20 13:00:00,2015-01-20 14:10:00,70,0.1170959305555555,0.0585479652777777,0.11709593055555553,0.058547965277777766,0.058547965277777766,50.0,True,0.0,23.419186111111113,0,23.419186111111113,0.0,0
Washing_Machine_2015-01-24_01,Washing Machine,Appliance5,2015-01-24 09:57:00,2015-01-24 10:45:00,2015-01-24 13:12:00,2015-01-24 14:00:00,48,0.1079282837301587,0.0539641418650793,0.10792828373015873,0.05396414186507936,0.05396414186507936,50.0,True,0.0,21.58565674603174,0,21.58565674603174,0.0,0
Washing_Machine_2015-02-13_01,Washing Machine,Appliance5,2015-02-13 16:39:00,2015-02-13 17:29:00,2015-02-13 20:09:00,2015-02-13 20:59:00,50,0.098090486111111,0.0490452430555555,0.09809048611111106,0.04904524305555553,0.04904524305555553,50.0,True,0.0,19.61809722222223,0,19.61809722222223,0.0,0
Washing_Machine_2015-02-14_01,Washing Machine,Appliance5,2015-02-14 21:19:00,2015-02-14 22:08:00,2015-02-15 13:04:00,2015-02-15 13:53:00,49,0.0520197291666666,0.0498974027777777,0.052019729166666674,0.04989740277777779,0.002122326388888887,4.079848978238888,True,19.11003055555556,0.8489305555555555,0,19.95896111111112,0.0,0
Washing_Machine_2015-02-15_01,Washing Machine,Appliance5,2015-02-15 09:57:00,2015-02-15 10:14:00,2015-02-15 13:12:00,2015-02-15 13:29:00,17,0.0551652083333333,0.0275826041666666,0.05516520833333335,0.027582604166666674,0.027582604166666674,50.0,True,0.0,11.033041666666668,0,11.033041666666668,0.0,0
Washing_Machine_2015-02-16_01,Washing Machine,Appliance5,2015-02-16 11:58:00,2015-02-16 12:48:00,2015-02-16 13:13:00,2015-02-16 14:03:00,50,0.1020915782828282,0.0510457891414141,0.10209157828282829,0.051045789141414145,0.051045789141414145,50.0,True,0.0,20.418315656565653,0,20.418315656565653,0.0,0
Washing_Machine_2015-02-18_01,Washing Machine,Appliance5,2015-02-18 09:19:00,2015-02-18 10:36:00,2015-02-18 13:04:00,2015-02-18 14:21:00,77,0.1336754325396825,0.0668377162698412,0.13367543253968253,0.06683771626984127,0.06683771626984127,50.0,True,0.0,26.735086507936508,0,26.735086507936508,0.0,0
Washing_Machine_2015-02-20_01,Washing Machine,Appliance5,2015-02-20 08:29:00,2015-02-20 09:15:00,2015-02-20 13:14:00,2015-02-20 14:00:00,46,0.0988453333333333,0.0494226666666666,0.09884533333333333,0.04942266666666666,0.04942266666666666,50.0,True,0.0,19.76906666666667,0,19.76906666666667,0.0,0
Washing_Machine_2015-02-21_01,Washing Machine,Appliance5,2015-02-21 09:48:00,2015-02-21 10:37:00,2015-02-21 13:03:00,2015-02-21 13:52:00,49,0.0803016805555555,0.0401508402777777,0.08030168055555555,0.04015084027777777,0.04015084027777777,50.0,True,0.0,16.060336111111113,0,16.060336111111113,0.0,0
Washing_Machine_2015-02-22_01,Washing Machine,Appliance5,2015-02-22 10:09:00,2015-02-22 10:28:00,2015-02-22 13:09:00,2015-02-22 13:28:00,19,0.0639009444444444,0.0319504722222222,0.06390094444444443,0.03195047222222221,0.03195047222222221,50.0,True,0.0,12.780188888888889,0,12.780188888888889,0.0,0
Washing_Machine_2015-02-23_01,Washing Machine,Appliance5,2015-02-23 09:46:00,2015-02-23 10:09:00,2015-02-23 13:01:00,2015-02-23 13:24:00,23,0.0558699305555555,0.0279349652777777,0.055869930555555565,0.027934965277777783,0.027934965277777783,50.0,True,0.0,11.17398611111111,0,11.17398611111111,0.0,0
Washing_Machine_2015-02-25_01,Washing Machine,Appliance5,2015-02-25 09:36:00,2015-02-25 10:46:00,2015-02-25 13:06:00,2015-02-25 14:16:00,70,0.134535740079365,0.0672678700396825,0.13453574007936508,0.06726787003968254,0.06726787003968254,50.0,True,0.0,26.907148015873027,0,26.907148015873027,0.0,0
Washing_Machine_2015-03-02_01,Washing Machine,Appliance5,2015-03-02 10:03:00,2015-03-02 10:52:00,2015-03-02 13:03:00,2015-03-02 13:52:00,49,0.1021706448412698,0.0510853224206349,0.10217064484126984,0.05108532242063492,0.05108532242063492,50.0,True,0.0,20.434128968253965,0,20.434128968253965,0.0,0
Washing_Machine_2015-03-04_01,Washing Machine,Appliance5,2015-03-04 09:46:00,2015-03-04 10:57:00,2015-03-04 13:01:00,2015-03-04 14:12:00,71,0.1461319067460317,0.0730659533730158,0.14613190674603177,0.07306595337301588,0.07306595337301588,50.0,True,0.0,29.226381349206356,0,29.226381349206356,0.0,0
Washing_Machine_2015-03-09_01,Washing Machine,Appliance5,2015-03-09 09:18:00,2015-03-09 10:07:00,2015-03-09 13:03:00,2015-03-09 13:52:00,49,0.1005372063492063,0.0502686031746031,0.10053720634920635,0.050268603174603174,0.050268603174603174,50.0,True,0.0,20.107441269841274,0,20.107441269841274,0.0,0
Washing_Machine_2015-03-10_01,Washing Machine,Appliance5,2015-03-10 09:29:00,2015-03-10 10:28:00,2015-03-10 13:14:00,2015-03-10 14:13:00,59,0.1931510773809523,0.0965755386904761,0.19315107738095236,0.09657553869047618,0.09657553869047618,50.0,True,0.0,38.63021547619049,0,38.63021547619049,0.0,0
Washing_Machine_2015-03-11_01,Washing Machine,Appliance5,2015-03-11 09:13:00,2015-03-11 10:26:00,2015-03-11 13:13:00,2015-03-11 14:26:00,73,0.1254691607142856,0.0627345803571428,0.12546916071428568,0.06273458035714284,0.06273458035714284,50.0,True,0.0,25.093832142857142,0,25.093832142857142,0.0,0
Washing_Machine_2015-03-16_01,Washing Machine,Appliance5,2015-03-16 09:35:00,2015-03-16 10:34:00,2015-03-16 13:05:00,2015-03-16 14:04:00,59,0.1889526527777777,0.0944763263888888,0.18895265277777779,0.09447632638888889,0.09447632638888889,50.0,True,0.0,37.790530555555534,0,37.790530555555534,0.0,0
Washing_Machine_2015-03-18_01,Washing Machine,Appliance5,2015-03-18 09:03:00,2015-03-18 10:13:00,2015-03-18 13:03:00,2015-03-18 14:13:00,70,0.127993496031746,0.063996748015873,0.127993496031746,0.063996748015873,0.063996748015873,50.0,True,0.0,25.598699206349206,0,25.598699206349206,0.0,0
Washing_Machine_2015-03-20_01,Washing Machine,Appliance5,2015-03-20 09:31:00,2015-03-20 10:17:00,2015-03-20 13:01:00,2015-03-20 13:47:00,46,0.0946810019841269,0.0473405009920634,0.09468100198412699,0.047340500992063494,0.047340500992063494,50.0,True,0.0,18.9362003968254,0,18.9362003968254,0.0,0
Washing_Machine_2015-03-25_01,Washing Machine,Appliance5,2015-03-25 09:28:00,2015-03-25 10:37:00,2015-03-25 13:13:00,2015-03-25 14:22:00,69,0.1174852817460318,0.0587426408730159,0.11748528174603183,0.058742640873015915,0.058742640873015915,50.0,True,0.0,23.497056349206343,0,23.497056349206343,0.0,0
Washing_Machine_2015-03-30_01,Washing Machine,Appliance5,2015-03-30 09:33:00,2015-03-30 10:21:00,2015-03-30 13:03:00,2015-03-30 13:51:00,48,0.0702345297619048,0.0351172648809524,0.07023452976190481,0.035117264880952404,0.035117264880952404,50.0,True,0.0,14.046905952380953,11,14.046905952380953,0.0,11
Washing_Machine_2015-04-07_01,Washing Machine,Appliance5,2015-04-07 10:18:00,2015-04-07 10:27:00,2015-04-07 13:03:00,2015-04-07 13:12:00,9,0.0076235833333333,0.0038117916666666,0.007623583333333334,0.003811791666666667,0.003811791666666667,50.0,True,0.0,1.524716666666667,0,1.524716666666667,0.0,0
Washing_Machine_2015-04-08_01,Washing Machine,Appliance5,2015-04-08 08:58:00,2015-04-08 10:07:00,2015-04-08 13:13:00,2015-04-08 14:22:00,69,0.0974515218253967,0.0487257609126983,0.09745152182539678,0.04872576091269839,0.04872576091269839,50.0,True,0.0,19.490304365079353,0,19.490304365079353,0.0,0
Washing_Machine_2015-04-13_01,Washing Machine,Appliance5,2015-04-13 09:20:00,2015-04-13 10:08:00,2015-04-13 13:05:00,2015-04-13 13:53:00,48,0.0924088809523809,0.0462044404761904,0.09240888095238095,0.046204440476190475,0.046204440476190475,50.0,True,0.0,18.48177619047619,0,18.48177619047619,0.0,0
Washing_Machine_2015-04-15_01,Washing Machine,Appliance5,2015-04-15 09:37:00,2015-04-15 10:47:00,2015-04-15 13:07:00,2015-04-15 14:17:00,70,0.1166476845238095,0.0583238422619047,0.1166476845238095,0.05832384226190475,0.05832384226190475,50.0,True,0.0,23.32953690476192,0,23.32953690476192,0.0,0
Washing_Machine_2015-04-19_01,Washing Machine,Appliance5,2015-04-19 09:24:00,2015-04-19 10:12:00,2015-04-19 13:09:00,2015-04-19 13:57:00,48,0.0928851051587301,0.046442552579365,0.09288510515873011,0.046442552579365054,0.046442552579365054,50.0,True,0.0,18.577021031746032,0,18.577021031746032,0.0,0
Washing_Machine_2015-04-27_01,Washing Machine,Appliance5,2015-04-27 09:18:00,2015-04-27 10:01:00,2015-04-27 13:03:00,2015-04-27 13:46:00,43,0.0730503353174603,0.0365251676587301,0.07305033531746033,0.036525167658730165,0.036525167658730165,50.0,True,0.0,14.610067063492066,0,14.610067063492066,0.0,0
Washing_Machine_2015-05-01_01,Washing Machine,Appliance5,2015-05-01 11:17:00,2015-05-01 12:02:00,2015-05-01 13:02:00,2015-05-01 13:47:00,45,0.0671846031746031,0.0335923015873015,0.06718460317460319,0.033592301587301594,0.033592301587301594,50.0,True,0.0,13.436920634920634,0,13.436920634920634,0.0,0
Washing_Machine_2015-05-02_01,Washing Machine,Appliance5,2015-05-02 09:38:00,2015-05-02 10:23:00,2015-05-02 13:08:00,2015-05-02 13:53:00,45,0.0806856589105339,0.0403428294552669,0.08068565891053392,0.04034282945526696,0.04034282945526696,50.0,True,0.0,16.137131782106774,0,16.137131782106774,0.0,0
Washing_Machine_2015-05-04_01,Washing Machine,Appliance5,2015-05-04 09:07:00,2015-05-04 09:53:00,2015-05-04 13:07:00,2015-05-04 13:53:00,46,0.0758313055555555,0.0379156527777777,0.07583130555555555,0.037915652777777774,0.037915652777777774,50.0,True,0.0,15.166261111111115,0,15.166261111111115,0.0,0
Washing_Machine_2015-05-06_01,Washing Machine,Appliance5,2015-05-06 09:18:00,2015-05-06 10:28:00,2015-05-06 13:03:00,2015-05-06 14:13:00,70,0.1188041408730158,0.0594020704365079,0.11880414087301588,0.05940207043650794,0.05940207043650794,50.0,True,0.0,23.760828174603166,0,23.760828174603166,0.0,0
Washing_Machine_2015-05-20_01,Washing Machine,Appliance5,2015-05-20 09:31:00,2015-05-20 10:42:00,2015-05-20 13:01:00,2015-05-20 14:12:00,71,0.118425865079365,0.0592129325396825,0.11842586507936509,0.059212932539682545,0.059212932539682545,50.0,True,0.0,23.685173015873005,0,23.685173015873005,0.0,0
