event_id,appliance_name,appliance_id,original_start_time,original_end_time,optimized_start_time,optimized_end_time,duration_minutes,original_cost,optimized_cost,cost_savings,savings_percentage,is_shifted,is_low_rate_period,search_start,search_end
Computer_2013-11-28_01,Computer,Appliance4,2013-11-28 12:15:00,2014-10-01 14:59:00,2013-11-28 12:15:00,2014-10-01 14:59:00,442244,90.31528022372511,90.31528022372511,0.0,0.0,False,False,2013-11-28 12:15:00,2013-11-29 14:00:00
Computer_2014-10-01_01,Computer,Appliance4,2014-10-01 15:01:00,2014-10-19 00:04:00,2014-10-01 15:01:00,2014-10-19 00:04:00,25023,5.980001982142585,5.980001982142585,0.0,0.0,False,True,2014-10-01 15:01:00,2014-10-02 14:00:00
Computer_2014-10-19_01,Computer,Appliance4,2014-10-19 00:06:00,2014-10-19 02:16:00,2014-10-19 01:06:00,2014-10-19 03:16:00,130,0.0012074999999999985,0.0008550000000000015,0.000352499999999997,29.19254658385072,True,True,2014-10-19 00:06:00,2014-10-20 14:00:00
Computer_2014-10-20_01,Computer,Appliance4,2014-10-20 00:30:00,2014-10-20 01:02:00,2014-10-20 01:00:00,2014-10-20 01:32:00,32,0.012208472222222216,0.006104236111111108,0.006104236111111108,50.0,True,True,2014-10-20 00:30:00,2014-10-21 14:00:00
Computer_2014-11-20_03,Computer,Appliance4,2014-11-20 04:14:00,2014-11-21 23:51:00,2014-11-20 04:14:00,2014-11-21 23:51:00,2617,0.6419433211579996,0.6419433211579996,0.0,0.0,False,True,2014-11-20 04:14:00,2014-11-21 14:00:00
Computer_2014-11-21_01,Computer,Appliance4,2014-11-21 23:52:00,2014-11-22 16:57:00,2014-11-21 23:52:00,2014-11-22 16:57:00,1025,0.07967880555555538,0.07967880555555538,0.0,0.0,False,False,2014-11-21 23:52:00,2014-11-22 14:00:00
Computer_2014-11-22_01,Computer,Appliance4,2014-11-22 16:58:00,2015-06-28 22:14:00,2014-11-22 16:58:00,2015-06-28 22:14:00,314236,78.80888007772606,78.80888007772606,0.0,0.0,False,False,2014-11-22 16:58:00,2014-11-23 14:00:00
Dishwasher_2013-12-02_01,Dishwasher,Appliance3,2013-12-02 14:48:00,2013-12-02 16:45:00,2013-12-02 20:03:00,2013-12-02 22:00:00,117,0.2783887852147851,0.18447699318736815,0.09391179202741695,33.73404282610065,True,True,2013-12-02 14:48:00,2013-12-03 14:00:00
Dishwasher_2013-12-07_01,Dishwasher,Appliance3,2013-12-07 11:26:00,2013-12-07 13:22:00,2013-12-07 13:11:00,2013-12-07 15:07:00,116,0.26656865925740925,0.17604916733266726,0.09051949192474198,33.9572897192437,True,True,2013-12-07 11:26:00,2013-12-08 14:00:00
Dishwasher_2013-12-14_01,Dishwasher,Appliance3,2013-12-14 11:42:00,2013-12-14 13:37:00,2013-12-14 13:12:00,2013-12-14 15:07:00,115,0.2724614001137753,0.18187483703102456,0.09058656308275073,33.247484981330686,True,True,2013-12-14 11:42:00,2013-12-15 14:00:00
Dishwasher_2013-12-19_01,Dishwasher,Appliance3,2013-12-19 15:03:00,2013-12-19 16:58:00,2013-12-19 20:03:00,2013-12-19 21:58:00,115,0.26369504314109093,0.17365906153752297,0.09003598160356796,34.14397954966256,True,True,2013-12-19 15:03:00,2013-12-20 14:00:00
Dishwasher_2013-12-24_01,Dishwasher,Appliance3,2013-12-24 20:26:00,2013-12-24 22:24:00,2013-12-24 20:26:00,2013-12-24 22:24:00,118,0.2836631234668109,0.2836631234668109,0.0,0.0,False,True,2013-12-24 20:26:00,2013-12-25 14:00:00
Dishwasher_2013-12-28_01,Dishwasher,Appliance3,2013-12-28 11:28:00,2013-12-28 13:24:00,2013-12-28 13:13:00,2013-12-28 15:09:00,116,0.2785447565212565,0.18476986803474305,0.09377488848651344,33.666003861522064,True,True,2013-12-28 11:28:00,2013-12-29 14:00:00
Dishwasher_2014-01-02_01,Dishwasher,Appliance3,2014-01-02 10:57:00,2014-01-02 12:53:00,2014-01-02 13:12:00,2014-01-02 15:08:00,116,0.3658660273199023,0.18293301365995115,0.18293301365995115,50.0,True,True,2014-01-02 10:57:00,2014-01-03 14:00:00
Dishwasher_2014-01-06_01,Dishwasher,Appliance3,2014-01-06 11:16:00,2014-01-06 13:11:00,2014-01-06 13:01:00,2014-01-06 14:56:00,115,0.3099860783409486,0.17871508681033452,0.13127099153061408,42.34738289963825,True,True,2014-01-06 11:16:00,2014-01-07 14:00:00
Dishwasher_2014-01-09_01,Dishwasher,Appliance3,2014-01-09 11:00:00,2014-01-09 12:58:00,2014-01-09 13:00:00,2014-01-09 14:58:00,118,0.3161012661317441,0.15805063306587205,0.15805063306587205,50.0,True,True,2014-01-09 11:00:00,2014-01-10 14:00:00
Dishwasher_2014-01-13_01,Dishwasher,Appliance3,2014-01-13 11:41:00,2014-01-13 13:35:00,2014-01-13 13:11:00,2014-01-13 15:05:00,114,0.26948135401404144,0.1798862247405372,0.08959512927350424,33.24724621534885,True,True,2014-01-13 11:41:00,2014-01-14 14:00:00
Dishwasher_2014-01-19_01,Dishwasher,Appliance3,2014-01-19 11:27:00,2014-01-19 13:25:00,2014-01-19 13:12:00,2014-01-19 15:10:00,118,0.2862088872793873,0.18891272360278616,0.09729616367660116,33.99480868727321,True,True,2014-01-19 11:27:00,2014-01-20 14:00:00
Dishwasher_2014-01-22_01,Dishwasher,Appliance3,2014-01-22 11:14:00,2014-01-22 13:10:00,2014-01-22 13:14:00,2014-01-22 15:10:00,116,0.3424140409798537,0.1944212846805972,0.14799275629925648,43.2204111361087,True,True,2014-01-22 11:14:00,2014-01-23 14:00:00
Dishwasher_2014-03-09_01,Dishwasher,Appliance3,2014-03-09 11:54:00,2014-03-09 13:48:00,2014-03-09 13:09:00,2014-03-09 15:03:00,114,0.26078433730158734,0.17586111210317465,0.0849232251984127,32.56454205691124,True,True,2014-03-09 11:54:00,2014-03-10 14:00:00
Dishwasher_2014-03-13_01,Dishwasher,Appliance3,2014-03-13 09:58:00,2014-03-13 11:50:00,2014-03-13 13:13:00,2014-03-13 15:05:00,112,0.3389588611111112,0.1694794305555556,0.1694794305555556,50.0,True,True,2014-03-13 09:58:00,2014-03-14 14:00:00
Dishwasher_2014-03-16_01,Dishwasher,Appliance3,2014-03-16 11:23:00,2014-03-16 13:02:00,2014-03-16 13:08:00,2014-03-16 14:47:00,99,0.4329934126984128,0.21652795634920644,0.21646545634920636,49.992782800134236,True,True,2014-03-16 11:23:00,2014-03-17 14:00:00
Dishwasher_2014-03-21_01,Dishwasher,Appliance3,2014-03-21 12:22:00,2014-03-21 14:16:00,2014-03-21 13:07:00,2014-03-21 15:01:00,114,0.24890357521645015,0.1709763281926407,0.07792724702380946,31.308207186675723,True,True,2014-03-21 12:22:00,2014-03-22 14:00:00
Dishwasher_2014-03-24_01,Dishwasher,Appliance3,2014-03-24 10:57:00,2014-03-24 12:52:00,2014-03-24 13:12:00,2014-03-24 15:07:00,115,0.3627102914862915,0.18135514574314576,0.18135514574314576,50.0,True,True,2014-03-24 10:57:00,2014-03-25 14:00:00
Dishwasher_2014-03-29_01,Dishwasher,Appliance3,2014-03-29 14:33:00,2014-03-29 16:26:00,2014-03-29 20:03:00,2014-03-29 21:56:00,113,0.2619526919191919,0.1747718914141414,0.0871808005050505,33.28112410921295,True,True,2014-03-29 14:33:00,2014-03-30 14:00:00
Dishwasher_2014-04-03_01,Dishwasher,Appliance3,2014-04-03 09:44:00,2014-04-03 11:39:00,2014-04-03 13:14:00,2014-04-03 15:09:00,115,0.34733585064935063,0.17366792532467532,0.17366792532467532,50.0,True,True,2014-04-03 09:44:00,2014-04-04 14:00:00
Dishwasher_2014-04-13_02,Dishwasher,Appliance3,2014-04-13 11:51:00,2014-04-13 13:43:00,2014-04-13 13:06:00,2014-04-13 14:58:00,112,0.2479394949494951,0.1666016527777779,0.08133784217171722,32.80552063247754,True,True,2014-04-13 11:51:00,2014-04-14 14:00:00
Dishwasher_2014-04-27_01,Dishwasher,Appliance3,2014-04-27 10:26:00,2014-04-27 12:18:00,2014-04-27 13:11:00,2014-04-27 15:03:00,112,0.3533231746031746,0.1766615873015873,0.1766615873015873,50.0,True,True,2014-04-27 10:26:00,2014-04-28 14:00:00
Dishwasher_2014-05-03_01,Dishwasher,Appliance3,2014-05-03 10:24:00,2014-05-03 12:18:00,2014-05-03 13:09:00,2014-05-03 15:03:00,114,0.3761208145743146,0.1880604072871573,0.1880604072871573,50.0,True,True,2014-05-03 10:24:00,2014-05-04 14:00:00
Dishwasher_2014-05-08_01,Dishwasher,Appliance3,2014-05-08 15:38:00,2014-05-08 17:31:00,2014-05-08 20:08:00,2014-05-08 22:01:00,113,0.3481993799603176,0.18118401289682545,0.16701536706349213,47.96544068588691,True,True,2014-05-08 15:38:00,2014-05-09 14:00:00
Dishwasher_2014-05-13_01,Dishwasher,Appliance3,2014-05-13 12:25:00,2014-05-13 14:18:00,2014-05-13 13:10:00,2014-05-13 15:03:00,113,0.2505136231060607,0.17722682828282832,0.07328679482323236,29.25461454533541,True,True,2014-05-13 12:25:00,2014-05-14 14:00:00
Dishwasher_2014-05-20_01,Dishwasher,Appliance3,2014-05-20 09:27:00,2014-05-20 11:20:00,2014-05-20 13:12:00,2014-05-20 15:05:00,113,0.34921893704906215,0.17460946852453108,0.17460946852453108,50.0,True,True,2014-05-20 09:27:00,2014-05-21 14:00:00
Dishwasher_2014-05-25_01,Dishwasher,Appliance3,2014-05-25 08:58:00,2014-05-25 10:39:00,2014-05-25 13:13:00,2014-05-25 14:54:00,101,0.43652563095238084,0.21826281547619042,0.21826281547619042,50.0,True,True,2014-05-25 08:58:00,2014-05-26 14:00:00
Dishwasher_2014-06-01_01,Dishwasher,Appliance3,2014-06-01 09:06:00,2014-06-01 10:44:00,2014-06-01 13:06:00,2014-06-01 14:44:00,98,0.4319774265873015,0.21598871329365074,0.21598871329365074,50.0,True,True,2014-06-01 09:06:00,2014-06-02 14:00:00
Dishwasher_2014-06-05_01,Dishwasher,Appliance3,2014-06-05 10:15:00,2014-06-05 11:54:00,2014-06-05 13:00:00,2014-06-05 14:39:00,99,0.4320796902958153,0.21603984514790764,0.21603984514790764,50.0,True,True,2014-06-05 10:15:00,2014-06-06 14:00:00
Dishwasher_2014-06-08_01,Dishwasher,Appliance3,2014-06-08 15:46:00,2014-06-08 17:25:00,2014-06-08 20:01:00,2014-06-08 21:40:00,99,0.4091645873015873,0.2055402837301587,0.20362430357142858,49.76586681518971,True,True,2014-06-08 15:46:00,2014-06-09 14:00:00
Dishwasher_2014-06-13_01,Dishwasher,Appliance3,2014-06-13 12:10:00,2014-06-13 13:47:00,2014-06-13 13:10:00,2014-06-13 14:47:00,97,0.3112705108225107,0.19430352822871563,0.1169669825937951,37.57727716792637,True,True,2014-06-13 12:10:00,2014-06-14 14:00:00
Dishwasher_2014-06-20_01,Dishwasher,Appliance3,2014-06-20 10:04:00,2014-06-20 11:42:00,2014-06-20 13:04:00,2014-06-20 14:42:00,98,0.4239930974025974,0.2119965487012987,0.2119965487012987,50.0,True,True,2014-06-20 10:04:00,2014-06-21 14:00:00
Dishwasher_2014-06-26_02,Dishwasher,Appliance3,2014-06-26 10:21:00,2014-06-26 11:57:00,2014-06-26 13:06:00,2014-06-26 14:42:00,96,0.41949979761904754,0.20974989880952377,0.20974989880952377,50.0,True,True,2014-06-26 10:21:00,2014-06-27 14:00:00
Dishwasher_2014-07-02_01,Dishwasher,Appliance3,2014-07-02 11:16:00,2014-07-02 12:53:00,2014-07-02 13:01:00,2014-07-02 14:38:00,97,0.4144690813492063,0.20723454067460315,0.20723454067460315,50.0,True,True,2014-07-02 11:16:00,2014-07-03 14:00:00
Dishwasher_2014-07-10_01,Dishwasher,Appliance3,2014-07-10 10:39:00,2014-07-10 12:17:00,2014-07-10 13:09:00,2014-07-10 14:47:00,98,0.38979903469447214,0.19489951734723607,0.19489951734723607,50.0,True,True,2014-07-10 10:39:00,2014-07-11 14:00:00
Dishwasher_2014-07-18_01,Dishwasher,Appliance3,2014-07-18 11:39:00,2014-07-18 13:12:00,2014-07-18 13:09:00,2014-07-18 14:42:00,93,0.24792856845238095,0.15151613690476193,0.09641243154761903,38.88718115441252,True,True,2014-07-18 11:39:00,2014-07-19 14:00:00
Dishwasher_2014-07-22_01,Dishwasher,Appliance3,2014-07-22 15:30:00,2014-07-22 17:02:00,2014-07-22 20:00:00,2014-07-22 21:32:00,92,0.30808165178571423,0.18861873908730156,0.11946291269841267,38.77638022452078,True,True,2014-07-22 15:30:00,2014-07-23 14:00:00
Dishwasher_2014-07-27_01,Dishwasher,Appliance3,2014-07-27 10:15:00,2014-07-27 11:49:00,2014-07-27 13:00:00,2014-07-27 14:34:00,94,0.3839459305555556,0.1919729652777778,0.1919729652777778,50.0,True,True,2014-07-27 10:15:00,2014-07-28 14:00:00
Dishwasher_2014-08-01_01,Dishwasher,Appliance3,2014-08-01 11:09:00,2014-08-01 12:46:00,2014-08-01 13:09:00,2014-08-01 14:46:00,97,0.3991022025613276,0.1995511012806638,0.1995511012806638,50.0,True,True,2014-08-01 11:09:00,2014-08-02 14:00:00
Dishwasher_2014-08-07_01,Dishwasher,Appliance3,2014-08-07 09:58:00,2014-08-07 11:33:00,2014-08-07 13:13:00,2014-08-07 14:48:00,95,0.38448581547619043,0.19224290773809521,0.19224290773809521,50.0,True,True,2014-08-07 09:58:00,2014-08-08 14:00:00
Dishwasher_2014-08-11_01,Dishwasher,Appliance3,2014-08-11 10:21:00,2014-08-11 11:59:00,2014-08-11 13:06:00,2014-08-11 14:44:00,98,0.41242603515340004,0.20621301757670002,0.20621301757670002,50.0,True,True,2014-08-11 10:21:00,2014-08-12 14:00:00
Dishwasher_2014-08-16_01,Dishwasher,Appliance3,2014-08-16 10:39:00,2014-08-16 12:16:00,2014-08-16 13:09:00,2014-08-16 14:46:00,97,0.2794347977994227,0.13971739889971135,0.13971739889971135,50.0,True,True,2014-08-16 10:39:00,2014-08-17 14:00:00
Dishwasher_2014-08-22_01,Dishwasher,Appliance3,2014-08-22 09:44:00,2014-08-22 11:25:00,2014-08-22 13:14:00,2014-08-22 14:55:00,101,0.39251278373015863,0.19625639186507932,0.19625639186507932,50.0,True,True,2014-08-22 09:44:00,2014-08-23 14:00:00
Dishwasher_2014-08-26_01,Dishwasher,Appliance3,2014-08-26 10:09:00,2014-08-26 11:48:00,2014-08-26 13:09:00,2014-08-26 14:48:00,99,0.45163252849927826,0.22581626424963913,0.22581626424963913,50.0,True,True,2014-08-26 10:09:00,2014-08-27 14:00:00
Dishwasher_2014-08-30_01,Dishwasher,Appliance3,2014-08-30 10:17:00,2014-09-01 16:55:00,2014-08-30 10:17:00,2014-09-01 16:55:00,3278,0.18028109523809524,0.18028109523809524,0.0,0.0,False,False,2014-08-30 10:17:00,2014-08-31 14:00:00
Dishwasher_2014-09-11_01,Dishwasher,Appliance3,2014-09-11 10:08:00,2014-09-11 11:45:00,2014-09-11 13:08:00,2014-09-11 14:45:00,97,0.4208448791486291,0.21042243957431456,0.21042243957431456,50.0,True,True,2014-09-11 10:08:00,2014-09-12 14:00:00
Dishwasher_2014-09-17_01,Dishwasher,Appliance3,2014-09-17 12:24:00,2014-09-17 14:03:00,2014-09-17 13:09:00,2014-09-17 14:48:00,99,0.3026697559523809,0.21272338582251074,0.08994637012987014,29.717660374372336,True,True,2014-09-17 12:24:00,2014-09-18 14:00:00
Dishwasher_2014-09-22_01,Dishwasher,Appliance3,2014-09-22 14:55:00,2014-09-22 16:34:00,2014-09-22 20:10:00,2014-09-22 21:49:00,99,0.28373394660894663,0.20706534559884565,0.07666860101010098,27.0213000335024,True,True,2014-09-22 14:55:00,2014-09-23 14:00:00
Dishwasher_2014-09-27_01,Dishwasher,Appliance3,2014-09-27 10:51:00,2014-09-27 12:27:00,2014-09-27 13:06:00,2014-09-27 14:42:00,96,0.40177497889610386,0.20088748944805193,0.20088748944805193,50.0,True,True,2014-09-27 10:51:00,2014-09-28 14:00:00
Dishwasher_2014-10-02_01,Dishwasher,Appliance3,2014-10-02 10:23:00,2014-10-02 12:00:00,2014-10-02 13:08:00,2014-10-02 14:45:00,97,0.42341580357142844,0.21170790178571422,0.21170790178571422,50.0,True,True,2014-10-02 10:23:00,2014-10-03 14:00:00
Dishwasher_2014-10-07_01,Dishwasher,Appliance3,2014-10-07 10:31:00,2014-10-07 12:12:00,2014-10-07 13:01:00,2014-10-07 14:42:00,101,0.4358249226190478,0.2179124613095239,0.2179124613095239,50.0,True,True,2014-10-07 10:31:00,2014-10-08 14:00:00
Dishwasher_2014-10-13_01,Dishwasher,Appliance3,2014-10-13 12:29:00,2014-10-13 14:06:00,2014-10-13 13:14:00,2014-10-13 14:51:00,97,0.2833442847222223,0.2118588958333334,0.07148538888888889,25.229162098317907,True,True,2014-10-13 12:29:00,2014-10-14 14:00:00
Dishwasher_2014-10-18_01,Dishwasher,Appliance3,2014-10-18 14:59:00,2014-10-18 16:37:00,2014-10-18 20:14:00,2014-10-18 21:52:00,98,0.2869924117063492,0.20782022420634919,0.07917218750000002,27.586857446603517,True,True,2014-10-18 14:59:00,2014-10-19 14:00:00
Dishwasher_2014-11-08_01,Dishwasher,Appliance3,2014-11-08 14:58:00,2014-11-08 16:39:00,2014-11-08 20:13:00,2014-11-08 21:54:00,101,0.31783125198412704,0.2267012172619047,0.09113003472222234,28.67245878223879,True,True,2014-11-08 14:58:00,2014-11-09 14:00:00
Dishwasher_2014-11-12_01,Dishwasher,Appliance3,2014-11-12 12:49:00,2014-11-12 14:29:00,2014-11-12 13:04:00,2014-11-12 14:44:00,100,0.2272043363095238,0.22560395436507935,0.0016003819444444511,0.7043800177582118,True,True,2014-11-12 12:49:00,2014-11-13 14:00:00
Dishwasher_2014-11-17_01,Dishwasher,Appliance3,2014-11-17 12:19:00,2014-11-17 13:36:00,2014-11-17 13:04:00,2014-11-17 14:21:00,77,0.27580821527777766,0.18589299999999997,0.08991521527777768,32.60062982069639,True,True,2014-11-17 12:19:00,2014-11-18 14:00:00
Dishwasher_2014-11-23_02,Dishwasher,Appliance3,2014-11-23 11:42:00,2014-11-23 13:20:00,2014-11-23 13:12:00,2014-11-23 14:50:00,98,0.3423439345238094,0.21358748809523811,0.1287564464285713,37.61026074776754,True,True,2014-11-23 11:42:00,2014-11-24 14:00:00
Dishwasher_2014-11-25_01,Dishwasher,Appliance3,2014-11-25 11:38:00,2014-11-25 13:19:00,2014-11-25 13:08:00,2014-11-25 14:49:00,101,0.37152422817460334,0.23060130059523817,0.14092292757936517,37.931019538552505,True,True,2014-11-25 11:38:00,2014-11-26 14:00:00
Dishwasher_2014-12-02_01,Dishwasher,Appliance3,2014-12-02 12:38:00,2014-12-02 14:19:00,2014-12-02 13:08:00,2014-12-02 14:49:00,101,0.2456812757936507,0.22883831051587294,0.01684296527777776,6.855616173177266,True,True,2014-12-02 12:38:00,2014-12-03 14:00:00
Dishwasher_2014-12-11_01,Dishwasher,Appliance3,2014-12-11 11:45:00,2014-12-11 13:32:00,2014-12-11 13:00:00,2014-12-11 14:47:00,107,0.38958178472222205,0.24363254166666665,0.1459492430555554,37.463056225695844,True,True,2014-12-11 11:45:00,2014-12-12 14:00:00
Dishwasher_2014-12-17_01,Dishwasher,Appliance3,2014-12-17 12:37:00,2014-12-17 14:20:00,2014-12-17 13:07:00,2014-12-17 14:50:00,103,0.2077253750000001,0.1930564861111112,0.014668888888888898,7.061674043861464,True,True,2014-12-17 12:37:00,2014-12-18 14:00:00
Dishwasher_2014-12-20_01,Dishwasher,Appliance3,2014-12-20 12:36:00,2014-12-20 14:18:00,2014-12-20 13:06:00,2014-12-20 14:48:00,102,0.2541651031746032,0.22805571130952382,0.026109391865079407,10.27261081043966,True,True,2014-12-20 12:36:00,2014-12-21 14:00:00
Dishwasher_2014-12-25_01,Dishwasher,Appliance3,2014-12-25 11:40:00,2014-12-25 13:21:00,2014-12-25 13:10:00,2014-12-25 14:51:00,101,0.3650301666666666,0.22394845138888883,0.14108171527777777,38.649330428246195,True,True,2014-12-25 11:40:00,2014-12-26 14:00:00
Dishwasher_2014-12-29_01,Dishwasher,Appliance3,2014-12-29 12:29:00,2014-12-29 14:13:00,2014-12-29 13:14:00,2014-12-29 14:58:00,104,0.31430659027777785,0.24186585416666673,0.07244073611111113,23.04779420854315,True,True,2014-12-29 12:29:00,2014-12-30 14:00:00
Dishwasher_2015-01-04_01,Dishwasher,Appliance3,2015-01-04 19:08:00,2015-01-04 20:50:00,2015-01-04 20:08:00,2015-01-04 21:50:00,102,0.36174292757936505,0.23287741865079367,0.12886550892857138,35.62350473328846,True,True,2015-01-04 19:08:00,2015-01-05 14:00:00
Dishwasher_2015-01-07_01,Dishwasher,Appliance3,2015-01-07 14:54:00,2015-01-07 16:35:00,2015-01-07 20:09:00,2015-01-07 21:50:00,101,0.313661876984127,0.22617680753968258,0.08748506944444442,27.89152136868442,True,True,2015-01-07 14:54:00,2015-01-08 14:00:00
Dishwasher_2015-01-18_01,Dishwasher,Appliance3,2015-01-18 14:49:00,2015-01-18 16:34:00,2015-01-18 20:04:00,2015-01-18 21:49:00,105,0.334130865079365,0.24005538591269834,0.09407547916666667,28.155279562192266,True,True,2015-01-18 14:49:00,2015-01-19 14:00:00
Dishwasher_2015-01-25_01,Dishwasher,Appliance3,2015-01-25 11:29:00,2015-01-25 13:16:00,2015-01-25 13:14:00,2015-01-25 15:01:00,107,0.4119329365079365,0.24139674603174605,0.17053619047619045,41.39901798624564,True,True,2015-01-25 11:29:00,2015-01-26 14:00:00
Dishwasher_2015-01-29_01,Dishwasher,Appliance3,2015-01-29 14:51:00,2015-01-29 16:32:00,2015-01-29 20:06:00,2015-01-29 21:47:00,101,0.3133148123196249,0.2232131803751804,0.09010163194444448,28.757539829469735,True,True,2015-01-29 14:51:00,2015-01-30 14:00:00
Dishwasher_2015-02-03_01,Dishwasher,Appliance3,2015-02-03 10:56:00,2015-02-03 12:43:00,2015-02-03 13:11:00,2015-02-03 14:58:00,107,0.49284210119047633,0.24642105059523817,0.24642105059523817,50.0,True,True,2015-02-03 10:56:00,2015-02-04 14:00:00
Dishwasher_2015-02-09_01,Dishwasher,Appliance3,2015-02-09 12:24:00,2015-02-09 14:05:00,2015-02-09 13:09:00,2015-02-09 14:50:00,101,0.3352333343253968,0.2364522787698412,0.09878105555555561,29.466358336451414,True,True,2015-02-09 12:24:00,2015-02-10 14:00:00
Dishwasher_2015-02-25_01,Dishwasher,Appliance3,2015-02-25 14:45:00,2015-02-25 16:29:00,2015-02-25 20:00:00,2015-02-25 21:44:00,104,0.33508310416666676,0.2373814305555556,0.09770167361111115,29.15744553999219,True,True,2015-02-25 14:45:00,2015-02-26 14:00:00
Dishwasher_2015-03-03_01,Dishwasher,Appliance3,2015-03-03 11:28:00,2015-03-03 13:08:00,2015-03-03 13:13:00,2015-03-03 14:53:00,100,0.42613377777777783,0.22724536111111113,0.1988884166666667,46.67276499503025,True,True,2015-03-03 11:28:00,2015-03-04 14:00:00
Dishwasher_2015-03-08_01,Dishwasher,Appliance3,2015-03-08 12:09:00,2015-03-08 13:51:00,2015-03-08 13:09:00,2015-03-08 14:51:00,102,0.35043870238095254,0.23048476091269834,0.1199539414682542,34.22965005099678,True,True,2015-03-08 12:09:00,2015-03-09 14:00:00
Dishwasher_2015-03-13_01,Dishwasher,Appliance3,2015-03-13 11:17:00,2015-03-13 12:58:00,2015-03-13 13:02:00,2015-03-13 14:43:00,101,0.4665117738095238,0.2332558869047619,0.2332558869047619,50.0,True,True,2015-03-13 11:17:00,2015-03-14 14:00:00
Dishwasher_2015-03-18_01,Dishwasher,Appliance3,2015-03-18 11:33:00,2015-03-18 13:17:00,2015-03-18 13:03:00,2015-03-18 14:47:00,104,0.3995988809523809,0.24047298214285712,0.15912589880952377,39.821407515024134,True,True,2015-03-18 11:33:00,2015-03-19 14:00:00
Dishwasher_2015-04-11_01,Dishwasher,Appliance3,2015-04-11 14:46:00,2015-04-11 16:29:00,2015-04-11 20:01:00,2015-04-11 21:44:00,103,0.3227344513888888,0.2300397222222222,0.0926947291666666,28.721671568608347,True,True,2015-04-11 14:46:00,2015-04-12 14:00:00
Dishwasher_2015-04-20_01,Dishwasher,Appliance3,2015-04-20 15:03:00,2015-04-20 16:43:00,2015-04-20 20:03:00,2015-04-20 21:43:00,100,0.31764515178571423,0.22582519345238086,0.09181995833333337,28.906456722901847,True,True,2015-04-20 15:03:00,2015-04-21 14:00:00
Dishwasher_2015-04-28_01,Dishwasher,Appliance3,2015-04-28 11:25:00,2015-04-28 13:04:00,2015-04-28 13:10:00,2015-04-28 14:49:00,99,0.423211003968254,0.21417883531746032,0.2090321686507937,49.39195027794543,True,True,2015-04-28 11:25:00,2015-04-29 14:00:00
Dishwasher_2015-05-02_01,Dishwasher,Appliance3,2015-05-02 11:27:00,2015-05-02 13:09:00,2015-05-02 13:12:00,2015-05-02 14:54:00,102,0.40851488988095225,0.22109320238095226,0.1874216875,45.878789768132485,True,True,2015-05-02 11:27:00,2015-05-03 14:00:00
Dishwasher_2015-05-06_01,Dishwasher,Appliance3,2015-05-06 12:46:00,2015-05-06 14:24:00,2015-05-06 13:01:00,2015-05-06 14:39:00,98,0.2140676939935064,0.21190290232683973,0.0021647916666666656,1.0112650004686523,True,True,2015-05-06 12:46:00,2015-05-07 14:00:00
Dishwasher_2015-05-21_01,Dishwasher,Appliance3,2015-05-21 11:24:00,2015-05-21 11:33:00,2015-05-21 13:09:00,2015-05-21 13:18:00,9,0.002507619047619047,0.0012538095238095236,0.0012538095238095236,50.0,True,True,2015-05-21 11:24:00,2015-05-22 14:00:00
Dishwasher_2015-05-27_02,Dishwasher,Appliance3,2015-05-27 11:17:00,2015-05-27 11:22:00,2015-05-27 13:02:00,2015-05-27 13:07:00,5,0.0015899206349206348,0.0007949603174603174,0.0007949603174603174,50.0,True,True,2015-05-27 11:17:00,2015-05-28 14:00:00
Dishwasher_2015-06-24_06,Dishwasher,Appliance3,2015-06-24 08:33:00,2015-06-24 08:59:00,2015-06-24 13:03:00,2015-06-24 13:29:00,26,0.00102,0.00051,0.00051,50.0,True,True,2015-06-24 08:33:00,2015-06-25 14:00:00
Dishwasher_2015-06-26_01,Dishwasher,Appliance3,2015-06-26 14:48:00,2015-06-26 16:22:00,2015-06-26 20:03:00,2015-06-26 21:37:00,94,0.27374175992063493,0.20021500992063493,0.07352675,26.85989526089018,True,True,2015-06-26 14:48:00,2015-06-27 14:00:00
PGM_Computer_2013-11-28_01,PGM Computer,Appliance9,2013-11-28 12:15:00,2014-07-04 10:11:00,2013-11-28 12:15:00,2014-07-04 10:11:00,313796,14.429317658185909,14.429317658185909,0.0,0.0,False,False,2013-11-28 12:15:00,2013-11-29 14:00:00
PGM_Computer_2014-07-08_01,PGM Computer,Appliance9,2014-07-08 21:33:00,2014-07-08 22:59:00,2014-07-09 01:03:00,2014-07-09 02:29:00,86,0.00178342261904762,0.0010587648809523816,0.0007246577380952384,40.63297898970345,True,True,2014-07-08 21:33:00,2014-07-09 14:00:00
PGM_Computer_2014-07-09_01,PGM Computer,Appliance9,2014-07-09 08:38:00,2014-07-09 09:03:00,2014-07-09 13:08:00,2014-07-09 13:33:00,25,0.008946984126984126,0.004473492063492063,0.004473492063492063,50.0,True,True,2014-07-09 08:38:00,2014-07-10 14:00:00
PGM_Computer_2014-07-10_01,PGM Computer,Appliance9,2014-07-10 11:34:00,2014-07-10 11:59:00,2014-07-10 13:04:00,2014-07-10 13:29:00,25,0.009142737734487734,0.004571368867243867,0.004571368867243867,50.0,True,True,2014-07-10 11:34:00,2014-07-11 14:00:00
PGM_Computer_2014-07-11_01,PGM Computer,Appliance9,2014-07-11 08:58:00,2014-07-11 12:37:00,2014-07-12 01:13:00,2014-07-12 04:52:00,219,0.046493146978021954,0.023246573489010977,0.023246573489010977,50.0,True,True,2014-07-11 08:58:00,2014-07-12 14:00:00
PGM_Computer_2014-07-13_02,PGM Computer,Appliance9,2014-07-13 18:18:00,2014-07-13 18:47:00,2014-07-13 20:03:00,2014-07-13 20:32:00,29,0.010413458333333335,0.005206729166666668,0.005206729166666668,50.0,True,True,2014-07-13 18:18:00,2014-07-14 14:00:00
PGM_Computer_2014-07-15_01,PGM Computer,Appliance9,2014-07-15 11:40:00,2014-07-15 13:18:00,2014-07-15 13:10:00,2014-07-15 14:48:00,98,0.034868005501442985,0.01891693578643578,0.015951069715007204,45.747009287201934,True,True,2014-07-15 11:40:00,2014-07-16 14:00:00
PGM_Computer_2014-07-16_02,PGM Computer,Appliance9,2014-07-16 15:53:00,2014-07-16 19:28:00,2014-07-17 01:08:00,2014-07-17 04:43:00,215,0.08125779500360741,0.04129555375180371,0.039962241251803705,49.179578709992796,True,True,2014-07-16 15:53:00,2014-07-17 14:00:00
PGM_Computer_2014-07-17_01,PGM Computer,Appliance9,2014-07-17 10:42:00,2014-07-17 11:44:00,2014-07-17 13:12:00,2014-07-17 14:14:00,62,0.010477898809523826,0.005238949404761913,0.005238949404761913,50.0,True,True,2014-07-17 10:42:00,2014-07-18 14:00:00
PGM_Computer_2014-07-18_01,PGM Computer,Appliance9,2014-07-18 10:08:00,2014-07-18 12:35:00,2014-07-18 13:08:00,2014-07-18 15:35:00,147,0.048053296828171825,0.024026648414085913,0.024026648414085913,50.0,True,True,2014-07-18 10:08:00,2014-07-19 14:00:00
PGM_Computer_2014-07-19_01,PGM Computer,Appliance9,2014-07-19 10:11:00,2014-07-19 20:53:00,2014-07-19 19:56:00,2014-07-20 06:38:00,642,0.19183488726551218,0.15800418569624822,0.03383070156926396,17.63532277757175,True,False,2014-07-19 10:11:00,2014-07-20 14:00:00
PGM_Computer_2014-07-20_01,PGM Computer,Appliance9,2014-07-20 10:52:00,2014-07-20 13:13:00,2014-07-20 13:07:00,2014-07-20 15:28:00,141,0.04105894841269842,0.02153903472222222,0.0195199136904762,47.54119246862937,True,True,2014-07-20 10:52:00,2014-07-21 14:00:00
PGM_Computer_2014-07-21_01,PGM Computer,Appliance9,2014-07-21 10:12:00,2014-07-21 14:44:00,2014-07-22 01:12:00,2014-07-22 05:44:00,272,0.07521557669413911,0.04581819820457325,0.029397378489565862,39.084162857793444,True,True,2014-07-21 10:12:00,2014-07-22 14:00:00
PGM_Computer_2014-07-22_01,PGM Computer,Appliance9,2014-07-22 16:49:00,2014-07-22 17:12:00,2014-07-22 20:04:00,2014-07-22 20:27:00,23,0.008235599206349205,0.004117799603174602,0.004117799603174602,50.0,True,True,2014-07-22 16:49:00,2014-07-23 14:00:00
PGM_Computer_2014-08-15_01,PGM Computer,Appliance9,2014-08-15 10:36:00,2014-08-15 11:45:00,2014-08-15 13:06:00,2014-08-15 14:15:00,69,0.024597166666666656,0.012298583333333328,0.012298583333333328,50.0,True,True,2014-08-15 10:36:00,2014-08-16 14:00:00
PGM_Computer_2014-10-01_01,PGM Computer,Appliance9,2014-10-01 15:01:00,2014-10-19 00:04:00,2014-10-01 15:01:00,2014-10-19 00:04:00,25023,1.8955990918109813,1.8955990918109813,0.0,0.0,False,True,2014-10-01 15:01:00,2014-10-02 14:00:00
PGM_Computer_2014-10-19_01,PGM Computer,Appliance9,2014-10-19 00:06:00,2014-10-19 02:35:00,2014-10-19 01:06:00,2014-10-19 03:35:00,149,0.003096756944444454,0.0022749236111111112,0.0008218333333333428,26.53851587570352,True,True,2014-10-19 00:06:00,2014-10-20 14:00:00
PGM_Computer_2014-10-20_01,PGM Computer,Appliance9,2014-10-20 00:30:00,2014-10-20 01:02:00,2014-10-20 01:00:00,2014-10-20 01:32:00,32,0.0007657916666666665,0.00038289583333333323,0.00038289583333333323,50.0,True,True,2014-10-20 00:30:00,2014-10-21 14:00:00
PGM_Computer_2014-10-21_01,PGM Computer,Appliance9,2014-10-21 04:59:00,2014-11-20 02:51:00,2014-10-21 04:59:00,2014-11-20 02:51:00,43072,2.00833315172478,2.00833315172478,0.0,0.0,False,True,2014-10-21 04:59:00,2014-10-22 14:00:00
PGM_Computer_2014-11-20_02,PGM Computer,Appliance9,2014-11-20 04:14:00,2014-11-21 23:51:00,2014-11-20 04:14:00,2014-11-21 23:51:00,2617,0.11234605167748844,0.11234605167748844,0.0,0.0,False,True,2014-11-20 04:14:00,2014-11-21 14:00:00
PGM_Computer_2014-11-21_01,PGM Computer,Appliance9,2014-11-21 23:52:00,2014-11-22 16:57:00,2014-11-21 23:52:00,2014-11-22 16:57:00,1025,0.028758641865079537,0.028758641865079537,0.0,0.0,False,False,2014-11-21 23:52:00,2014-11-22 14:00:00
PGM_Computer_2014-11-22_01,PGM Computer,Appliance9,2014-11-22 16:58:00,2015-01-22 21:05:00,2014-11-22 16:58:00,2015-01-22 21:05:00,88087,4.527463613461795,4.527463613461795,0.0,0.0,False,False,2014-11-22 16:58:00,2014-11-23 14:00:00
PGM_Computer_2015-01-23_01,PGM Computer,Appliance9,2015-01-23 16:03:00,2015-01-23 17:35:00,2015-01-23 20:03:00,2015-01-23 21:35:00,92,0.026908290043290047,0.013454145021645023,0.013454145021645023,50.0,True,True,2015-01-23 16:03:00,2015-01-24 14:00:00
PGM_Computer_2015-01-24_01,PGM Computer,Appliance9,2015-01-24 13:54:00,2015-06-05 12:18:00,2015-01-24 13:54:00,2015-06-05 12:18:00,189984,8.153893790256191,8.153893790256191,0.0,0.0,False,True,2015-01-24 13:54:00,2015-01-25 14:00:00
PGM_Computer_2015-06-05_01,PGM Computer,Appliance9,2015-06-05 12:19:00,2015-06-05 12:29:00,2015-06-05 13:04:00,2015-06-05 13:14:00,10,0.00019885714285714285,9.942857142857142e-05,9.942857142857142e-05,50.0,True,True,2015-06-05 12:19:00,2015-06-06 14:00:00
PGM_Computer_2015-06-06_03,PGM Computer,Appliance9,2015-06-06 00:14:00,2015-06-06 00:33:00,2015-06-06 01:14:00,2015-06-06 01:33:00,19,0.0005016666666666668,0.0002508333333333334,0.0002508333333333334,50.0,True,True,2015-06-06 00:14:00,2015-06-07 14:00:00
PGM_Computer_2015-06-07_01,PGM Computer,Appliance9,2015-06-07 00:03:00,2015-06-07 00:10:00,2015-06-07 01:03:00,2015-06-07 01:10:00,7,0.00026080357142857144,0.00013040178571428572,0.00013040178571428572,50.0,True,True,2015-06-07 00:03:00,2015-06-08 14:00:00
PGM_Computer_2015-06-08_02,PGM Computer,Appliance9,2015-06-08 00:13:00,2015-06-08 00:20:00,2015-06-08 01:13:00,2015-06-08 01:20:00,7,0.00025027777777777776,0.00012513888888888888,0.00012513888888888888,50.0,True,True,2015-06-08 00:13:00,2015-06-09 14:00:00
PGM_Computer_2015-06-09_03,PGM Computer,Appliance9,2015-06-09 00:10:00,2015-06-09 00:18:00,2015-06-09 01:10:00,2015-06-09 01:18:00,8,0.00028166666666666666,0.00014083333333333333,0.00014083333333333333,50.0,True,True,2015-06-09 00:10:00,2015-06-10 14:00:00
PGM_Computer_2015-06-10_01,PGM Computer,Appliance9,2015-06-10 00:58:00,2015-06-10 01:09:00,2015-06-10 01:13:00,2015-06-10 01:24:00,11,0.00024062500000000003,0.000200625,4.0000000000000024e-05,16.623376623376632,True,True,2015-06-10 00:58:00,2015-06-11 14:00:00
PGM_Computer_2015-06-28_01,PGM Computer,Appliance9,2015-06-28 15:37:00,2015-06-28 22:14:00,2015-06-29 00:52:00,2015-06-29 07:29:00,397,0.03411358333333332,0.02625963591269822,0.007853947420635103,23.02293295867513,True,False,2015-06-28 15:37:00,2015-06-29 14:00:00
Washing_Machine_2013-11-30_01,Washing Machine,Appliance2,2013-11-30 11:23:00,2013-11-30 13:36:00,2013-11-30 13:08:00,2013-11-30 15:21:00,133,0.2469594595820846,0.1295510831009269,0.1174083764811577,47.54155871568605,True,True,2013-11-30 11:23:00,2013-12-01 14:00:00
Washing_Machine_2013-12-06_01,Washing Machine,Appliance2,2013-12-06 11:21:00,2013-12-06 13:38:00,2013-12-06 13:06:00,2013-12-06 15:23:00,137,0.3023240862332114,0.15784942418345538,0.144474662049756,47.78800916917646,True,True,2013-12-06 11:21:00,2013-12-07 14:00:00
Washing_Machine_2013-12-10_01,Washing Machine,Appliance2,2013-12-10 11:06:00,2013-12-10 13:20:00,2013-12-10 13:06:00,2013-12-10 15:20:00,134,0.1984004545456586,0.10348695941742078,0.09491349512823782,47.83935366760717,True,True,2013-12-10 11:06:00,2013-12-11 14:00:00
Washing_Machine_2013-12-17_01,Washing Machine,Appliance2,2013-12-17 10:19:00,2013-12-17 12:31:00,2013-12-17 13:04:00,2013-12-17 15:16:00,132,0.1975223354256038,0.0987611677128019,0.0987611677128019,50.0,True,True,2013-12-17 10:19:00,2013-12-18 14:00:00
Washing_Machine_2013-12-18_01,Washing Machine,Appliance2,2013-12-18 10:50:00,2013-12-18 13:20:00,2013-12-18 13:05:00,2013-12-18 15:35:00,150,0.317380313822014,0.1626739940738441,0.15470631974816987,48.74477496261118,True,True,2013-12-18 10:50:00,2013-12-19 14:00:00
Washing_Machine_2013-12-28_01,Washing Machine,Appliance2,2013-12-28 10:21:00,2013-12-28 12:37:00,2013-12-28 13:06:00,2013-12-28 15:22:00,136,0.20461498246198237,0.10230749123099118,0.10230749123099118,50.0,True,True,2013-12-28 10:21:00,2013-12-29 14:00:00
Washing_Machine_2013-12-30_02,Washing Machine,Appliance2,2013-12-30 22:52:00,2013-12-30 22:59:00,2013-12-31 13:07:00,2013-12-31 13:14:00,7,0.004021151515151515,0.0020105757575757575,0.0020105757575757575,50.0,True,True,2013-12-30 22:52:00,2013-12-31 14:00:00
Washing_Machine_2014-01-11_01,Washing Machine,Appliance2,2014-01-11 10:51:00,2014-01-11 12:08:00,2014-01-11 13:06:00,2014-01-11 14:23:00,77,0.20635004502442006,0.10317502251221003,0.10317502251221003,50.0,True,True,2014-01-11 10:51:00,2014-01-12 14:00:00
Washing_Machine_2014-01-12_01,Washing Machine,Appliance2,2014-01-12 12:40:00,2014-01-12 14:08:00,2014-01-12 13:10:00,2014-01-12 14:38:00,88,0.17104083304624304,0.11292039577518073,0.05812043727106231,33.98044562572302,True,True,2014-01-12 12:40:00,2014-01-13 14:00:00
Washing_Machine_2014-01-16_01,Washing Machine,Appliance2,2014-01-16 11:29:00,2014-01-16 13:43:00,2014-01-16 13:14:00,2014-01-16 15:28:00,134,0.29790452459101363,0.15634395931029757,0.14156056528071606,47.518769805548054,True,True,2014-01-16 11:29:00,2014-01-17 14:00:00
Washing_Machine_2014-01-17_01,Washing Machine,Appliance2,2014-01-17 10:14:00,2014-01-17 12:29:00,2014-01-17 13:14:00,2014-01-17 15:29:00,135,0.3168871289335666,0.1584435644667833,0.1584435644667833,50.0,True,True,2014-01-17 10:14:00,2014-01-18 14:00:00
Washing_Machine_2014-01-19_01,Washing Machine,Appliance2,2014-01-19 11:21:00,2014-01-19 12:38:00,2014-01-19 13:06:00,2014-01-19 14:23:00,77,0.21855899816849814,0.10927949908424907,0.10927949908424907,50.0,True,True,2014-01-19 11:21:00,2014-01-20 14:00:00
Washing_Machine_2014-01-21_01,Washing Machine,Appliance2,2014-01-21 09:31:00,2014-01-21 11:45:00,2014-01-21 13:01:00,2014-01-21 15:15:00,134,0.31398554395604406,0.15699277197802203,0.15699277197802203,50.0,True,True,2014-01-21 09:31:00,2014-01-22 14:00:00
Washing_Machine_2014-03-08_01,Washing Machine,Appliance2,2014-03-08 12:32:00,2014-03-08 14:44:00,2014-03-08 13:02:00,2014-03-08 15:14:00,132,0.14497753273809533,0.08606226884920637,0.05891526388888896,40.63751312096096,True,True,2014-03-08 12:32:00,2014-03-09 14:00:00
Washing_Machine_2014-03-09_01,Washing Machine,Appliance2,2014-03-09 14:23:00,2014-03-09 16:38:00,2014-03-09 19:53:00,2014-03-09 22:08:00,135,0.17908015773809519,0.1724467202380952,0.006633437499999978,3.7041722454261983,True,False,2014-03-09 14:23:00,2014-03-10 14:00:00
Washing_Machine_2014-03-15_01,Washing Machine,Appliance2,2014-03-15 11:31:00,2014-03-15 13:41:00,2014-03-15 13:01:00,2014-03-15 15:11:00,130,0.17686630456349192,0.09581573809523809,0.08105056646825383,45.82589468824351,True,True,2014-03-15 11:31:00,2014-03-16 14:00:00
Washing_Machine_2014-03-16_01,Washing Machine,Appliance2,2014-03-16 10:19:00,2014-03-16 12:32:00,2014-03-16 13:04:00,2014-03-16 15:17:00,133,0.23081496825396822,0.11540748412698411,0.11540748412698411,50.0,True,True,2014-03-16 10:19:00,2014-03-17 14:00:00
Washing_Machine_2014-03-27_01,Washing Machine,Appliance2,2014-03-27 10:21:00,2014-03-27 12:34:00,2014-03-27 13:06:00,2014-03-27 15:19:00,133,0.2321497611832611,0.11607488059163056,0.11607488059163056,50.0,True,True,2014-03-27 10:21:00,2014-03-28 14:00:00
Washing_Machine_2014-03-29_01,Washing Machine,Appliance2,2014-03-29 10:04:00,2014-03-29 12:18:00,2014-03-29 13:04:00,2014-03-29 15:18:00,134,0.24410821302308808,0.12205410651154404,0.12205410651154404,50.0,True,True,2014-03-29 10:04:00,2014-03-30 14:00:00
Washing_Machine_2014-04-01_01,Washing Machine,Appliance2,2014-04-01 10:45:00,2014-04-01 12:03:00,2014-04-01 13:00:00,2014-04-01 14:18:00,78,0.21534635082972592,0.10767317541486296,0.10767317541486296,50.0,True,True,2014-04-01 10:45:00,2014-04-02 14:00:00
Washing_Machine_2014-04-06_01,Washing Machine,Appliance2,2014-04-06 09:57:00,2014-04-06 12:11:00,2014-04-06 13:12:00,2014-04-06 15:26:00,134,0.2987374722915973,0.14936873614579865,0.14936873614579865,50.0,True,True,2014-04-06 09:57:00,2014-04-07 14:00:00
Washing_Machine_2014-04-08_01,Washing Machine,Appliance2,2014-04-08 11:54:00,2014-04-08 14:05:00,2014-04-08 13:09:00,2014-04-08 15:20:00,131,0.1809140039682539,0.10003941666666671,0.0808745873015872,44.703331708792845,True,True,2014-04-08 11:54:00,2014-04-09 14:00:00
Washing_Machine_2014-04-13_01,Washing Machine,Appliance2,2014-04-13 13:52:00,2014-04-13 16:03:00,2014-04-13 13:52:00,2014-04-13 16:03:00,131,0.10162676785714281,0.10162676785714281,0.0,0.0,False,True,2014-04-13 13:52:00,2014-04-14 14:00:00
Washing_Machine_2014-04-15_01,Washing Machine,Appliance2,2014-04-15 10:33:00,2014-04-15 12:42:00,2014-04-15 13:03:00,2014-04-15 15:12:00,129,0.23293252200577197,0.11646626100288598,0.11646626100288598,50.0,True,True,2014-04-15 10:33:00,2014-04-16 14:00:00
Washing_Machine_2014-04-18_01,Washing Machine,Appliance2,2014-04-18 09:55:00,2014-04-18 12:04:00,2014-04-18 13:10:00,2014-04-18 15:19:00,129,0.14880468650793646,0.07440234325396823,0.07440234325396823,50.0,True,True,2014-04-18 09:55:00,2014-04-19 14:00:00
Washing_Machine_2014-04-24_01,Washing Machine,Appliance2,2014-04-24 12:46:00,2014-04-24 15:01:00,2014-04-24 13:01:00,2014-04-24 15:16:00,135,0.19363232181013432,0.16584696764346762,0.027785354166666693,14.349543457890027,True,True,2014-04-24 12:46:00,2014-04-25 14:00:00
Washing_Machine_2014-04-28_01,Washing Machine,Appliance2,2014-04-28 10:04:00,2014-04-28 12:17:00,2014-04-28 13:04:00,2014-04-28 15:17:00,133,0.08630847258297258,0.04315423629148629,0.04315423629148629,50.0,True,True,2014-04-28 10:04:00,2014-04-29 14:00:00
Washing_Machine_2014-05-02_01,Washing Machine,Appliance2,2014-05-02 19:27:00,2014-05-02 19:44:00,2014-05-02 20:12:00,2014-05-02 20:29:00,17,0.009056559523809524,0.004528279761904762,0.004528279761904762,50.0,True,True,2014-05-02 19:27:00,2014-05-03 14:00:00
Washing_Machine_2014-05-11_01,Washing Machine,Appliance2,2014-05-11 09:39:00,2014-05-11 11:52:00,2014-05-11 13:09:00,2014-05-11 15:22:00,133,0.21581059722222243,0.10790529861111121,0.10790529861111121,50.0,True,True,2014-05-11 09:39:00,2014-05-12 14:00:00
Washing_Machine_2014-05-16_01,Washing Machine,Appliance2,2014-05-16 09:32:00,2014-05-16 10:50:00,2014-05-16 13:02:00,2014-05-16 14:20:00,78,0.11130159469696968,0.05565079734848484,0.05565079734848484,50.0,True,True,2014-05-16 09:32:00,2014-05-17 14:00:00
Washing_Machine_2014-05-29_01,Washing Machine,Appliance2,2014-05-29 09:24:00,2014-05-29 11:37:00,2014-05-29 13:09:00,2014-05-29 15:22:00,133,0.20060538095238115,0.10030269047619057,0.10030269047619057,50.0,True,True,2014-05-29 09:24:00,2014-05-30 14:00:00
Washing_Machine_2014-06-02_01,Washing Machine,Appliance2,2014-06-02 09:30:00,2014-06-02 11:45:00,2014-06-02 13:00:00,2014-06-02 15:15:00,135,0.2606605168997669,0.13033025844988344,0.13033025844988344,50.0,True,True,2014-06-02 09:30:00,2014-06-03 14:00:00
Washing_Machine_2014-06-06_01,Washing Machine,Appliance2,2014-06-06 09:32:00,2014-06-06 11:45:00,2014-06-06 13:02:00,2014-06-06 15:15:00,133,0.30304636706349214,0.15152318353174607,0.15152318353174607,50.0,True,True,2014-06-06 09:32:00,2014-06-07 14:00:00
Washing_Machine_2014-06-08_01,Washing Machine,Appliance2,2014-06-08 09:53:00,2014-06-08 11:00:00,2014-06-08 13:08:00,2014-06-08 14:15:00,67,0.09215890873015871,0.046079454365079354,0.046079454365079354,50.0,True,True,2014-06-08 09:53:00,2014-06-09 14:00:00
Washing_Machine_2014-06-11_01,Washing Machine,Appliance2,2014-06-11 17:11:00,2014-06-11 17:21:00,2014-06-11 20:11:00,2014-06-11 20:21:00,10,0.006038035714285714,0.003019017857142857,0.003019017857142857,50.0,True,True,2014-06-11 17:11:00,2014-06-12 14:00:00
Washing_Machine_2014-06-21_01,Washing Machine,Appliance2,2014-06-21 09:36:00,2014-06-21 10:40:00,2014-06-21 13:06:00,2014-06-21 14:10:00,64,0.08831947408963588,0.04415973704481794,0.04415973704481794,50.0,True,True,2014-06-21 09:36:00,2014-06-22 14:00:00
Washing_Machine_2014-06-25_01,Washing Machine,Appliance2,2014-06-25 10:21:00,2014-06-25 12:47:00,2014-06-25 13:06:00,2014-06-25 15:32:00,146,0.2959647404401154,0.1479823702200577,0.1479823702200577,50.0,True,True,2014-06-25 10:21:00,2014-06-26 14:00:00
Washing_Machine_2014-07-01_01,Washing Machine,Appliance2,2014-07-01 11:27:00,2014-07-01 13:42:00,2014-07-01 13:12:00,2014-07-01 15:27:00,135,0.2832124908910535,0.14874246617965378,0.1344700247113997,47.48025918218692,True,True,2014-07-01 11:27:00,2014-07-02 14:00:00
Washing_Machine_2014-07-09_01,Washing Machine,Appliance2,2014-07-09 08:40:00,2014-07-09 09:39:00,2014-07-09 13:10:00,2014-07-09 14:09:00,59,0.07909310317460318,0.03954655158730159,0.03954655158730159,50.0,True,True,2014-07-09 08:40:00,2014-07-10 14:00:00
Washing_Machine_2014-07-10_01,Washing Machine,Appliance2,2014-07-10 10:58:00,2014-07-10 11:07:00,2014-07-10 13:13:00,2014-07-10 13:22:00,9,0.005118517316017314,0.002559258658008657,0.002559258658008657,50.0,True,True,2014-07-10 10:58:00,2014-07-11 14:00:00
Washing_Machine_2014-07-17_01,Washing Machine,Appliance2,2014-07-17 09:14:00,2014-07-17 11:27:00,2014-07-17 13:14:00,2014-07-17 15:27:00,133,0.13332082954545454,0.06666041477272727,0.06666041477272727,50.0,True,True,2014-07-17 09:14:00,2014-07-18 14:00:00
Washing_Machine_2014-07-23_02,Washing Machine,Appliance2,2014-07-23 09:24:00,2014-07-23 11:53:00,2014-07-23 13:09:00,2014-07-23 15:38:00,149,0.3219178701298702,0.1609589350649351,0.1609589350649351,50.0,True,True,2014-07-23 09:24:00,2014-07-24 14:00:00
Washing_Machine_2014-07-26_01,Washing Machine,Appliance2,2014-07-26 10:38:00,2014-07-26 12:50:00,2014-07-26 13:08:00,2014-07-26 15:20:00,132,0.14987965566378073,0.07493982783189036,0.07493982783189036,50.0,True,True,2014-07-26 10:38:00,2014-07-27 14:00:00
Washing_Machine_2014-08-06_01,Washing Machine,Appliance2,2014-08-06 14:38:00,2014-08-06 16:08:00,2014-08-06 20:08:00,2014-08-06 21:38:00,90,0.07494315079365078,0.07331100793650791,0.0016321428571428737,2.1778412568172265,True,True,2014-08-06 14:38:00,2014-08-07 14:00:00
Washing_Machine_2014-08-07_01,Washing Machine,Appliance2,2014-08-07 11:10:00,2014-08-07 12:16:00,2014-08-07 13:10:00,2014-08-07 14:16:00,66,0.12426574007936503,0.062132870039682514,0.062132870039682514,50.0,True,True,2014-08-07 11:10:00,2014-08-08 14:00:00
Washing_Machine_2014-08-18_01,Washing Machine,Appliance2,2014-08-18 09:39:00,2014-08-18 12:08:00,2014-08-18 13:09:00,2014-08-18 15:38:00,149,0.1863233352203352,0.0931616676101676,0.0931616676101676,50.0,True,True,2014-08-18 09:39:00,2014-08-19 14:00:00
Washing_Machine_2014-08-19_01,Washing Machine,Appliance2,2014-08-19 09:34:00,2014-08-19 11:46:00,2014-08-19 13:04:00,2014-08-19 15:16:00,132,0.18664441215728728,0.09332220607864364,0.09332220607864364,50.0,True,True,2014-08-19 09:34:00,2014-08-20 14:00:00
Washing_Machine_2014-08-20_02,Washing Machine,Appliance2,2014-08-20 08:54:00,2014-08-20 11:21:00,2014-08-20 13:09:00,2014-08-20 15:36:00,147,0.31591094047619045,0.15795547023809522,0.15795547023809522,50.0,True,True,2014-08-20 08:54:00,2014-08-21 14:00:00
Washing_Machine_2014-08-28_01,Washing Machine,Appliance2,2014-08-28 09:55:00,2014-08-28 11:23:00,2014-08-28 13:10:00,2014-08-28 14:38:00,88,0.14572440782828283,0.07286220391414142,0.07286220391414142,50.0,True,True,2014-08-28 09:55:00,2014-08-29 14:00:00
Washing_Machine_2014-09-17_01,Washing Machine,Appliance2,2014-09-17 10:14:00,2014-09-17 12:29:00,2014-09-17 13:14:00,2014-09-17 15:29:00,135,0.1915341450216451,0.09576707251082255,0.09576707251082255,50.0,True,True,2014-09-17 10:14:00,2014-09-18 14:00:00
Washing_Machine_2014-09-23_01,Washing Machine,Appliance2,2014-09-23 12:10:00,2014-09-23 14:23:00,2014-09-23 13:10:00,2014-09-23 15:23:00,133,0.15517088537157284,0.08849764799783547,0.06667323737373737,42.96762064228825,True,True,2014-09-23 12:10:00,2014-09-24 14:00:00
Washing_Machine_2014-09-28_01,Washing Machine,Appliance2,2014-09-28 09:57:00,2014-09-28 12:11:00,2014-09-28 13:12:00,2014-09-28 15:26:00,134,0.30907768452380957,0.15453884226190479,0.15453884226190479,50.0,True,True,2014-09-28 09:57:00,2014-09-29 14:00:00
Washing_Machine_2014-10-03_01,Washing Machine,Appliance2,2014-10-03 09:40:00,2014-10-03 11:10:00,2014-10-03 13:10:00,2014-10-03 14:40:00,90,0.1567007678571429,0.07835038392857145,0.07835038392857145,50.0,True,True,2014-10-03 09:40:00,2014-10-04 14:00:00
Washing_Machine_2014-10-10_01,Washing Machine,Appliance2,2014-10-10 11:24:00,2014-10-10 13:33:00,2014-10-10 13:09:00,2014-10-10 15:18:00,129,0.16291732142857135,0.08781456845238096,0.07510275297619039,46.098691236535004,True,True,2014-10-10 11:24:00,2014-10-11 14:00:00
Washing_Machine_2014-10-15_01,Washing Machine,Appliance2,2014-10-15 11:00:00,2014-10-15 12:05:00,2014-10-15 13:00:00,2014-10-15 14:05:00,65,0.10662643055555551,0.053313215277777756,0.053313215277777756,50.0,True,True,2014-10-15 11:00:00,2014-10-16 14:00:00
Washing_Machine_2014-10-19_01,Washing Machine,Appliance2,2014-10-19 16:51:00,2014-10-19 19:03:00,2014-10-19 19:51:00,2014-10-19 22:03:00,132,0.14506068055555565,0.07565523611111115,0.0694054444444445,47.84580092871097,True,False,2014-10-19 16:51:00,2014-10-20 14:00:00
Washing_Machine_2014-10-26_01,Washing Machine,Appliance2,2014-10-26 09:52:00,2014-10-26 12:05:00,2014-10-26 13:07:00,2014-10-26 15:20:00,133,0.14756500450937957,0.07378250225468978,0.07378250225468978,50.0,True,True,2014-10-26 09:52:00,2014-10-27 14:00:00
Washing_Machine_2014-10-28_01,Washing Machine,Appliance2,2014-10-28 16:12:00,2014-10-28 17:20:00,2014-10-28 20:12:00,2014-10-28 21:20:00,68,0.16060159722222228,0.08030079861111114,0.08030079861111114,50.0,True,True,2014-10-28 16:12:00,2014-10-29 14:00:00
Washing_Machine_2014-10-30_01,Washing Machine,Appliance2,2014-10-30 11:17:00,2014-10-30 13:33:00,2014-10-30 13:02:00,2014-10-30 15:18:00,136,0.31039198412698416,0.16133844742063488,0.14905353670634927,48.02106508181285,True,True,2014-10-30 11:17:00,2014-10-31 14:00:00
Washing_Machine_2014-11-08_01,Washing Machine,Appliance2,2014-11-08 10:42:00,2014-11-08 12:56:00,2014-11-08 13:12:00,2014-11-08 15:26:00,134,0.2281197261904761,0.11405986309523805,0.11405986309523805,50.0,True,True,2014-11-08 10:42:00,2014-11-09 14:00:00
Washing_Machine_2014-11-15_01,Washing Machine,Appliance2,2014-11-15 10:55:00,2014-11-15 12:01:00,2014-11-15 13:10:00,2014-11-15 14:16:00,66,0.13840935714285713,0.06920467857142856,0.06920467857142856,50.0,True,True,2014-11-15 10:55:00,2014-11-16 14:00:00
Washing_Machine_2014-11-16_01,Washing Machine,Appliance2,2014-11-16 12:32:00,2014-11-16 14:44:00,2014-11-16 13:02:00,2014-11-16 15:14:00,132,0.19146083730158733,0.11259610813492058,0.07886472916666676,41.19104997041237,True,True,2014-11-16 12:32:00,2014-11-17 14:00:00
Washing_Machine_2014-11-21_01,Washing Machine,Appliance2,2014-11-21 10:16:00,2014-11-21 12:28:00,2014-11-21 13:01:00,2014-11-21 15:13:00,132,0.17569308333333328,0.08784654166666664,0.08784654166666664,50.0,True,True,2014-11-21 10:16:00,2014-11-22 14:00:00
Washing_Machine_2014-11-25_01,Washing Machine,Appliance2,2014-11-25 10:32:00,2014-11-25 12:56:00,2014-11-25 13:02:00,2014-11-25 15:26:00,144,0.23153938293650786,0.11576969146825393,0.11576969146825393,50.0,True,True,2014-11-25 10:32:00,2014-11-26 14:00:00
Washing_Machine_2014-12-02_01,Washing Machine,Appliance2,2014-12-02 10:12:00,2014-12-02 12:23:00,2014-12-02 13:12:00,2014-12-02 15:23:00,131,0.2250027539682538,0.1125013769841269,0.1125013769841269,50.0,True,True,2014-12-02 10:12:00,2014-12-03 14:00:00
Washing_Machine_2014-12-10_01,Washing Machine,Appliance2,2014-12-10 11:13:00,2014-12-10 12:17:00,2014-12-10 13:13:00,2014-12-10 14:17:00,64,0.0745059623015873,0.03725298115079365,0.03725298115079365,50.0,True,True,2014-12-10 11:13:00,2014-12-11 14:00:00
Washing_Machine_2014-12-14_01,Washing Machine,Appliance2,2014-12-14 11:18:00,2014-12-14 13:29:00,2014-12-14 13:03:00,2014-12-14 15:14:00,131,0.2478374682539682,0.12963633134920632,0.11820113690476189,47.6930053141266,True,True,2014-12-14 11:18:00,2014-12-15 14:00:00
Washing_Machine_2014-12-21_01,Washing Machine,Appliance2,2014-12-21 10:31:00,2014-12-21 11:06:00,2014-12-21 13:01:00,2014-12-21 13:36:00,35,0.0337075238095238,0.0168537619047619,0.0168537619047619,50.0,True,True,2014-12-21 10:31:00,2014-12-22 14:00:00
Washing_Machine_2014-12-23_02,Washing Machine,Appliance2,2014-12-23 11:00:00,2014-12-23 12:05:00,2014-12-23 13:00:00,2014-12-23 14:05:00,65,0.13130736111111108,0.06565368055555554,0.06565368055555554,50.0,True,True,2014-12-23 11:00:00,2014-12-24 14:00:00
Washing_Machine_2014-12-29_01,Washing Machine,Appliance2,2014-12-29 10:58:00,2014-12-29 11:17:00,2014-12-29 13:13:00,2014-12-29 13:32:00,19,0.010687515873015873,0.0053437579365079365,0.0053437579365079365,50.0,True,True,2014-12-29 10:58:00,2014-12-30 14:00:00
Washing_Machine_2015-01-03_01,Washing Machine,Appliance2,2015-01-03 11:23:00,2015-01-03 12:58:00,2015-01-03 13:08:00,2015-01-03 14:43:00,95,0.25306566666666663,0.12653283333333332,0.12653283333333332,50.0,True,True,2015-01-03 11:23:00,2015-01-04 14:00:00
Washing_Machine_2015-01-12_01,Washing Machine,Appliance2,2015-01-12 11:21:00,2015-01-12 12:38:00,2015-01-12 13:06:00,2015-01-12 14:23:00,77,0.2309890615079364,0.1154945307539682,0.1154945307539682,50.0,True,True,2015-01-12 11:21:00,2015-01-13 14:00:00
Washing_Machine_2015-01-16_02,Washing Machine,Appliance2,2015-01-16 10:25:00,2015-01-16 11:26:00,2015-01-16 13:10:00,2015-01-16 14:11:00,61,0.2131893095238096,0.1065946547619048,0.1065946547619048,50.0,True,True,2015-01-16 10:25:00,2015-01-17 14:00:00
Washing_Machine_2015-01-17_01,Washing Machine,Appliance2,2015-01-17 12:04:00,2015-01-17 14:33:00,2015-01-17 13:04:00,2015-01-17 15:33:00,149,0.3002015416666665,0.16289134821428572,0.1373101934523808,45.73933654372945,True,True,2015-01-17 12:04:00,2015-01-18 14:00:00
Washing_Machine_2015-01-24_01,Washing Machine,Appliance2,2015-01-24 10:14:00,2015-01-24 11:35:00,2015-01-24 13:14:00,2015-01-24 14:35:00,81,0.22506768055555557,0.11253384027777778,0.11253384027777778,50.0,True,True,2015-01-24 10:14:00,2015-01-25 14:00:00
Washing_Machine_2015-01-29_01,Washing Machine,Appliance2,2015-01-29 10:05:00,2015-01-29 12:19:00,2015-01-29 13:05:00,2015-01-29 15:19:00,134,0.3042878214285715,0.15214391071428576,0.15214391071428576,50.0,True,True,2015-01-29 10:05:00,2015-01-30 14:00:00
Washing_Machine_2015-02-01_01,Washing Machine,Appliance2,2015-02-01 11:44:00,2015-02-01 14:13:00,2015-02-01 13:14:00,2015-02-01 15:43:00,149,0.3100030962301591,0.16550198511904762,0.14450111111111147,46.61279608763259,True,True,2015-02-01 11:44:00,2015-02-02 14:00:00
Washing_Machine_2015-02-02_02,Washing Machine,Appliance2,2015-02-02 11:52:00,2015-02-02 13:09:00,2015-02-02 13:07:00,2015-02-02 14:24:00,77,0.22159439880952364,0.11418251190476184,0.1074118869047618,48.47229328981824,True,True,2015-02-02 11:52:00,2015-02-03 14:00:00
Washing_Machine_2015-02-07_01,Washing Machine,Appliance2,2015-02-07 15:29:00,2015-02-07 16:50:00,2015-02-07 20:14:00,2015-02-07 21:35:00,81,0.1470239533730159,0.12968727182539677,0.017336681547619137,11.79173947501879,True,True,2015-02-07 15:29:00,2015-02-08 14:00:00
Washing_Machine_2015-02-08_01,Washing Machine,Appliance2,2015-02-08 10:49:00,2015-02-08 12:00:00,2015-02-08 13:04:00,2015-02-08 14:15:00,71,0.1585818551587302,0.0792909275793651,0.0792909275793651,50.0,True,True,2015-02-08 10:49:00,2015-02-09 14:00:00
Washing_Machine_2015-02-11_01,Washing Machine,Appliance2,2015-02-11 11:21:00,2015-02-11 13:35:00,2015-02-11 13:06:00,2015-02-11 15:20:00,134,0.2965802628968255,0.15433668353174604,0.14224357936507945,47.96124259103622,True,True,2015-02-11 11:21:00,2015-02-12 14:00:00
Washing_Machine_2015-02-17_01,Washing Machine,Appliance2,2015-02-17 12:12:00,2015-02-17 14:28:00,2015-02-17 13:12:00,2015-02-17 15:28:00,136,0.2159012738095238,0.12019622619047615,0.09570504761904766,44.32815329449248,True,True,2015-02-17 12:12:00,2015-02-18 14:00:00
Washing_Machine_2015-03-01_01,Washing Machine,Appliance2,2015-03-01 12:01:00,2015-03-01 13:14:00,2015-03-01 13:01:00,2015-03-01 14:14:00,73,0.16045996527777778,0.08387315972222224,0.07658680555555554,47.729541398674414,True,True,2015-03-01 12:01:00,2015-03-02 14:00:00
Washing_Machine_2015-03-07_01,Washing Machine,Appliance2,2015-03-07 10:55:00,2015-03-07 13:08:00,2015-03-07 13:10:00,2015-03-07 15:23:00,133,0.2285501845238095,0.11728814781746032,0.1112620367063492,48.681665664880846,True,True,2015-03-07 10:55:00,2015-03-08 14:00:00
Washing_Machine_2015-03-08_01,Washing Machine,Appliance2,2015-03-08 10:42:00,2015-03-08 12:55:00,2015-03-08 13:12:00,2015-03-08 15:25:00,133,0.27779678968253974,0.13889839484126987,0.13889839484126987,50.0,True,True,2015-03-08 10:42:00,2015-03-09 14:00:00
Washing_Machine_2015-03-15_01,Washing Machine,Appliance2,2015-03-15 10:32:00,2015-03-15 12:44:00,2015-03-15 13:02:00,2015-03-15 15:14:00,132,0.20367394642857156,0.10183697321428578,0.10183697321428578,50.0,True,True,2015-03-15 10:32:00,2015-03-16 14:00:00
Washing_Machine_2015-03-30_01,Washing Machine,Appliance2,2015-03-30 10:58:00,2015-03-30 13:08:00,2015-03-30 13:13:00,2015-03-30 15:23:00,130,0.229673079635642,0.11713454329004322,0.1125385363455988,48.999445875037765,True,True,2015-03-30 10:58:00,2015-03-31 14:00:00
Washing_Machine_2015-04-08_01,Washing Machine,Appliance2,2015-04-08 10:04:00,2015-04-08 12:18:00,2015-04-08 13:04:00,2015-04-08 15:18:00,134,0.19634384794372284,0.09817192397186142,0.09817192397186142,50.0,True,True,2015-04-08 10:04:00,2015-04-09 14:00:00
Washing_Machine_2015-04-10_01,Washing Machine,Appliance2,2015-04-10 10:52:00,2015-04-10 12:03:00,2015-04-10 13:07:00,2015-04-10 14:18:00,71,0.17311248015873015,0.08655624007936508,0.08655624007936508,50.0,True,True,2015-04-10 10:52:00,2015-04-11 14:00:00
Washing_Machine_2015-04-13_02,Washing Machine,Appliance2,2015-04-13 10:34:00,2015-04-13 13:01:00,2015-04-13 13:04:00,2015-04-13 15:31:00,147,0.3281482896825397,0.16413567261904763,0.16401261706349204,49.9812500080871,True,True,2015-04-13 10:34:00,2015-04-14 14:00:00
Washing_Machine_2015-04-16_01,Washing Machine,Appliance2,2015-04-16 10:41:00,2015-04-16 12:00:00,2015-04-16 13:11:00,2015-04-16 14:30:00,79,0.20312462103174606,0.10156231051587303,0.10156231051587303,50.0,True,True,2015-04-16 10:41:00,2015-04-17 14:00:00
Washing_Machine_2015-04-17_01,Washing Machine,Appliance2,2015-04-17 12:07:00,2015-04-17 13:15:00,2015-04-17 13:07:00,2015-04-17 14:15:00,68,0.11660383035714282,0.06232757837301585,0.05427625198412697,46.54757208051027,True,True,2015-04-17 12:07:00,2015-04-18 14:00:00
Washing_Machine_2015-04-20_01,Washing Machine,Appliance2,2015-04-20 11:10:00,2015-04-20 13:22:00,2015-04-20 13:10:00,2015-04-20 15:22:00,132,0.18914849900793643,0.09913467658730157,0.09001382242063485,47.588969985354204,True,True,2015-04-20 11:10:00,2015-04-21 14:00:00
Washing_Machine_2015-04-24_01,Washing Machine,Appliance2,2015-04-24 10:46:00,2015-04-24 13:07:00,2015-04-24 13:01:00,2015-04-24 15:22:00,141,0.09810829662698417,0.051264441468254,0.04684385515873017,47.74708844129093,True,True,2015-04-24 10:46:00,2015-04-25 14:00:00
Washing_Machine_2015-04-27_01,Washing Machine,Appliance2,2015-04-27 10:49:00,2015-04-27 13:03:00,2015-04-27 13:04:00,2015-04-27 15:18:00,134,0.29773459920634937,0.14894569543650799,0.14878890376984139,49.973669223011946,True,True,2015-04-27 10:49:00,2015-04-28 14:00:00
Washing_Machine_2015-05-04_01,Washing Machine,Appliance2,2015-05-04 11:00:00,2015-05-04 12:17:00,2015-05-04 13:00:00,2015-05-04 14:17:00,77,0.1933972817460317,0.09669864087301586,0.09669864087301586,50.0,True,True,2015-05-04 11:00:00,2015-05-05 14:00:00
Washing_Machine_2015-05-20_03,Washing Machine,Appliance2,2015-05-20 11:02:00,2015-05-20 11:22:00,2015-05-20 13:02:00,2015-05-20 13:22:00,20,0.046523662698412696,0.023261831349206348,0.023261831349206348,50.0,True,True,2015-05-20 11:02:00,2015-05-21 14:00:00
Washing_Machine_2015-05-21_01,Washing Machine,Appliance2,2015-05-21 10:27:00,2015-05-21 10:39:00,2015-05-21 13:12:00,2015-05-21 13:24:00,12,0.027688642857142856,0.013844321428571428,0.013844321428571428,50.0,True,True,2015-05-21 10:27:00,2015-05-22 14:00:00
Washing_Machine_2015-05-25_04,Washing Machine,Appliance2,2015-05-25 12:52:00,2015-05-25 12:59:00,2015-05-25 13:07:00,2015-05-25 13:14:00,7,0.0022669305555555555,0.0011334652777777777,0.0011334652777777777,50.0,True,True,2015-05-25 12:52:00,2015-05-26 14:00:00
Washing_Machine_2015-05-26_03,Washing Machine,Appliance2,2015-05-26 11:19:00,2015-05-26 11:26:00,2015-05-26 13:04:00,2015-05-26 13:11:00,7,0.002210138888888889,0.0011050694444444445,0.0011050694444444445,50.0,True,True,2015-05-26 11:19:00,2015-05-27 14:00:00
Washing_Machine_2015-06-09_05,Washing Machine,Appliance2,2015-06-09 16:37:00,2015-06-09 16:42:00,2015-06-09 20:07:00,2015-06-09 20:12:00,5,0.0025024999999999995,0.0012512499999999998,0.0012512499999999998,50.0,True,True,2015-06-09 16:37:00,2015-06-10 14:00:00
Washing_Machine_2015-06-22_01,Washing Machine,Appliance2,2015-06-22 11:34:00,2015-06-22 11:40:00,2015-06-22 13:04:00,2015-06-22 13:10:00,6,0.0010877083333333333,0.0005438541666666667,0.0005438541666666667,50.0,True,True,2015-06-22 11:34:00,2015-06-23 14:00:00
Washing_Machine_2015-06-27_01,Washing Machine,Appliance2,2015-06-27 11:39:00,2015-06-27 12:53:00,2015-06-27 13:09:00,2015-06-27 14:23:00,74,0.18512889285714282,0.09256444642857141,0.09256444642857141,50.0,True,True,2015-06-27 11:39:00,2015-06-28 14:00:00
