event_id,appliance_name,original_start_time,original_end_time,scheduled_start_time,scheduled_end_time,original_price_level,scheduled_price_level,optimization_score,shift_minutes,schedule_status,failure_reason,season
Tumble_Dryer_2014-03-21_01,Tumble Dryer,2014-03-21 09:43:00,2014-03-21 11:02:00,2014-03-21 13:00:00,2014-03-21 14:19:00,1,0,1.0,197,SUCCESS,,
Tumble_Dryer_2014-03-21_02,Tumble Dryer,2014-03-21 11:06:00,2014-03-21 11:58:00,2014-03-21 13:00:00,2014-03-21 13:52:00,1,0,1.0,114,SUCCESS,,
Tumble_Dryer_2014-03-24_01,Tumble Dryer,2014-03-24 10:33:00,2014-03-24 11:20:00,2014-03-24 13:00:00,2014-03-24 13:47:00,1,0,1.0,147,SUCCESS,,
Tumble_Dryer_2014-03-30_01,Tumble Dryer,2014-03-30 12:51:00,2014-03-30 13:18:00,2014-03-30 13:00:00,2014-03-30 13:27:00,0,0,0.1,9,SUCCESS,,
Tumble_Dryer_2014-03-31_01,Tumble Dryer,2014-03-31 08:07:00,2014-03-31 08:48:00,2014-03-31 13:00:00,2014-03-31 13:41:00,1,0,1.0,293,SUCCESS,,
Tumble_Dryer_2014-03-31_02,Tumble Dryer,2014-03-31 10:24:00,2014-03-31 11:08:00,2014-03-31 13:00:00,2014-03-31 13:44:00,1,0,1.0,156,SUCCESS,,
Tumble_Dryer_2014-04-07_01,Tumble Dryer,2014-04-07 08:33:00,2014-04-07 08:55:00,2014-04-07 13:00:00,2014-04-07 13:22:00,1,0,1.0,267,SUCCESS,,
Tumble_Dryer_2014-04-07_02,Tumble Dryer,2014-04-07 08:56:00,2014-04-07 09:38:00,2014-04-07 13:00:00,2014-04-07 13:42:00,1,0,1.0,244,SUCCESS,,
Tumble_Dryer_2014-04-07_03,Tumble Dryer,2014-04-07 10:10:00,2014-04-07 11:03:00,2014-04-07 13:00:00,2014-04-07 13:53:00,1,0,1.0,170,SUCCESS,,
Tumble_Dryer_2014-04-09_02,Tumble Dryer,2014-04-09 23:15:00,2014-04-09 23:20:00,2014-04-10 13:00:00,2014-04-10 13:05:00,1,0,1.0,825,SUCCESS,,
Tumble_Dryer_2014-04-11_01,Tumble Dryer,2014-04-11 08:35:00,2014-04-11 09:55:00,2014-04-11 13:00:00,2014-04-11 14:20:00,1,0,1.0,265,SUCCESS,,
Tumble_Dryer_2014-04-14_01,Tumble Dryer,2014-04-14 09:01:00,2014-04-14 09:49:00,2014-04-14 13:00:00,2014-04-14 13:48:00,1,0,1.0,239,SUCCESS,,
Tumble_Dryer_2014-04-14_02,Tumble Dryer,2014-04-14 10:59:00,2014-04-14 11:49:00,2014-04-14 13:00:00,2014-04-14 13:50:00,1,0,1.0,121,SUCCESS,,
Tumble_Dryer_2014-04-19_01,Tumble Dryer,2014-04-19 15:50:00,2014-04-19 17:02:00,2014-04-19 15:55:00,2014-04-19 17:07:00,1,0,1.0,5,SUCCESS,,
Tumble_Dryer_2014-04-22_02,Tumble Dryer,2014-04-22 10:00:00,2014-04-22 10:52:00,2014-04-22 13:00:00,2014-04-22 13:52:00,1,0,1.0,180,SUCCESS,,
Tumble_Dryer_2014-04-22_04,Tumble Dryer,2014-04-22 10:57:00,2014-04-22 11:02:00,2014-04-22 13:00:00,2014-04-22 13:05:00,1,0,1.0,123,SUCCESS,,
Tumble_Dryer_2014-04-22_06,Tumble Dryer,2014-04-22 11:28:00,2014-04-22 12:20:00,2014-04-22 13:00:00,2014-04-22 13:52:00,1,0,1.0,92,SUCCESS,,
Tumble_Dryer_2014-04-25_01,Tumble Dryer,2014-04-25 08:38:00,2014-04-25 09:54:00,2014-04-25 13:00:00,2014-04-25 14:16:00,1,0,1.0,262,SUCCESS,,
Tumble_Dryer_2014-04-28_01,Tumble Dryer,2014-04-28 08:37:00,2014-04-28 09:25:00,2014-04-28 13:00:00,2014-04-28 13:48:00,1,0,1.0,263,SUCCESS,,
Tumble_Dryer_2014-04-28_02,Tumble Dryer,2014-04-28 10:59:00,2014-04-28 11:04:00,2014-04-28 13:00:00,2014-04-28 13:05:00,1,0,1.0,121,SUCCESS,,
Tumble_Dryer_2014-05-01_01,Tumble Dryer,2014-05-01 09:57:00,2014-05-01 10:49:00,2014-05-01 13:00:00,2014-05-01 13:52:00,1,0,1.0,183,SUCCESS,,
Tumble_Dryer_2014-05-09_01,Tumble Dryer,2014-05-09 08:33:00,2014-05-09 09:49:00,2014-05-09 13:00:00,2014-05-09 14:16:00,1,0,1.0,267,SUCCESS,,
Tumble_Dryer_2014-05-09_02,Tumble Dryer,2014-05-09 09:52:00,2014-05-09 10:28:00,2014-05-09 13:00:00,2014-05-09 13:36:00,1,0,1.0,188,SUCCESS,,
Tumble_Dryer_2014-05-09_03,Tumble Dryer,2014-05-09 11:30:00,2014-05-09 11:59:00,2014-05-09 13:00:00,2014-05-09 13:29:00,1,0,1.0,90,SUCCESS,,
Tumble_Dryer_2014-05-23_02,Tumble Dryer,2014-05-23 22:55:00,2014-05-23 23:02:00,2014-05-24 13:00:00,2014-05-24 13:07:00,1,0,1.0,845,SUCCESS,,
Tumble_Dryer_2014-05-27_01,Tumble Dryer,2014-05-27 08:12:00,2014-05-27 08:56:00,2014-05-27 13:00:00,2014-05-27 13:44:00,1,0,1.0,288,SUCCESS,,
Tumble_Dryer_2014-05-27_08,Tumble Dryer,2014-05-27 09:27:00,2014-05-27 10:11:00,2014-05-27 13:00:00,2014-05-27 13:44:00,1,0,1.0,213,SUCCESS,,
Tumble_Dryer_2014-05-27_09,Tumble Dryer,2014-05-27 11:13:00,2014-05-27 11:46:00,2014-05-27 13:00:00,2014-05-27 13:33:00,1,0,1.0,107,SUCCESS,,
Tumble_Dryer_2014-05-27_10,Tumble Dryer,2014-05-27 11:51:00,2014-05-27 12:18:00,2014-05-27 13:00:00,2014-05-27 13:27:00,1,0,1.0,69,SUCCESS,,
Tumble_Dryer_2014-05-27_11,Tumble Dryer,2014-05-27 12:29:00,2014-05-27 13:46:00,2014-05-27 13:00:00,2014-05-27 14:17:00,0,0,0.1,31,SUCCESS,,
Tumble_Dryer_2014-05-30_02,Tumble Dryer,2014-05-30 09:05:00,2014-05-30 10:16:00,2014-05-30 13:00:00,2014-05-30 14:11:00,1,0,1.0,235,SUCCESS,,
Tumble_Dryer_2014-06-02_01,Tumble Dryer,2014-06-02 09:12:00,2014-06-02 10:12:00,2014-06-02 13:00:00,2014-06-02 14:00:00,1,0,1.0,228,SUCCESS,,
Tumble_Dryer_2014-06-06_01,Tumble Dryer,2014-06-06 08:35:00,2014-06-06 09:45:00,2014-06-06 13:00:00,2014-06-06 14:10:00,1,0,1.0,265,SUCCESS,,
Tumble_Dryer_2014-06-09_01,Tumble Dryer,2014-06-09 08:47:00,2014-06-09 10:00:00,2014-06-09 13:00:00,2014-06-09 14:13:00,1,0,1.0,253,SUCCESS,,
Tumble_Dryer_2014-06-12_01,Tumble Dryer,2014-06-12 08:12:00,2014-06-12 09:13:00,2014-06-12 13:00:00,2014-06-12 14:01:00,1,0,1.0,288,SUCCESS,,
Tumble_Dryer_2014-06-16_01,Tumble Dryer,2014-06-16 08:29:00,2014-06-16 09:15:00,2014-06-16 13:00:00,2014-06-16 13:46:00,1,0,1.0,271,SUCCESS,,
Tumble_Dryer_2014-06-20_01,Tumble Dryer,2014-06-20 08:35:00,2014-06-20 09:55:00,2014-06-20 13:00:00,2014-06-20 14:20:00,1,0,1.0,265,SUCCESS,,
Tumble_Dryer_2014-06-20_05,Tumble Dryer,2014-06-20 10:07:00,2014-06-20 10:39:00,2014-06-20 13:00:00,2014-06-20 13:32:00,1,0,1.0,173,SUCCESS,,
Tumble_Dryer_2014-06-23_01,Tumble Dryer,2014-06-23 09:06:00,2014-06-23 09:44:00,2014-06-23 13:00:00,2014-06-23 13:38:00,1,0,1.0,234,SUCCESS,,
Tumble_Dryer_2014-06-27_01,Tumble Dryer,2014-06-27 09:39:00,2014-06-27 11:23:00,2014-06-27 13:00:00,2014-06-27 14:44:00,1,0,1.0,201,SUCCESS,,
Tumble_Dryer_2014-06-30_01,Tumble Dryer,2014-06-30 08:44:00,2014-06-30 09:25:00,2014-06-30 13:00:00,2014-06-30 13:41:00,1,0,1.0,256,SUCCESS,,
Tumble_Dryer_2014-06-30_06,Tumble Dryer,2014-06-30 10:13:00,2014-06-30 10:51:00,2014-06-30 13:00:00,2014-06-30 13:38:00,1,0,1.0,167,SUCCESS,,
Tumble_Dryer_2014-06-30_08,Tumble Dryer,2014-06-30 12:25:00,2014-06-30 13:18:00,2014-06-30 13:00:00,2014-06-30 13:53:00,1,0,1.0,35,SUCCESS,,
Tumble_Dryer_2014-07-04_01,Tumble Dryer,2014-07-04 09:32:00,2014-07-04 10:36:00,2014-07-04 13:00:00,2014-07-04 14:04:00,1,0,1.0,208,SUCCESS,,
Tumble_Dryer_2014-07-04_02,Tumble Dryer,2014-07-04 10:37:00,2014-07-04 10:42:00,2014-07-04 13:00:00,2014-07-04 13:05:00,1,0,1.0,143,SUCCESS,,
Tumble_Dryer_2014-07-07_01,Tumble Dryer,2014-07-07 11:17:00,2014-07-07 12:04:00,2014-07-07 13:00:00,2014-07-07 13:47:00,1,0,1.0,103,SUCCESS,,
Tumble_Dryer_2014-07-13_01,Tumble Dryer,2014-07-13 17:59:00,2014-07-13 18:13:00,2014-07-13 20:00:00,2014-07-13 20:14:00,1,0,1.0,121,SUCCESS,,
Tumble_Dryer_2014-07-13_02,Tumble Dryer,2014-07-13 18:32:00,2014-07-13 19:33:00,2014-07-13 20:00:00,2014-07-13 21:01:00,1,0,1.0,88,SUCCESS,,
Tumble_Dryer_2014-07-14_01,Tumble Dryer,2014-07-14 09:11:00,2014-07-14 10:07:00,2014-07-14 13:00:00,2014-07-14 13:56:00,1,0,1.0,229,SUCCESS,,
Tumble_Dryer_2014-07-14_03,Tumble Dryer,2014-07-14 10:45:00,2014-07-14 11:09:00,2014-07-14 13:00:00,2014-07-14 13:24:00,1,0,1.0,135,SUCCESS,,
Tumble_Dryer_2014-07-18_01,Tumble Dryer,2014-07-18 09:54:00,2014-07-18 11:37:00,2014-07-18 13:00:00,2014-07-18 14:43:00,1,0,1.0,186,SUCCESS,,
Tumble_Dryer_2014-07-21_01,Tumble Dryer,2014-07-21 10:22:00,2014-07-21 11:09:00,2014-07-21 13:00:00,2014-07-21 13:47:00,1,0,1.0,158,SUCCESS,,
Tumble_Dryer_2014-07-25_01,Tumble Dryer,2014-07-25 17:36:00,2014-07-25 18:51:00,2014-07-25 20:00:00,2014-07-25 21:15:00,1,0,1.0,144,SUCCESS,,
Tumble_Dryer_2014-07-28_01,Tumble Dryer,2014-07-28 10:27:00,2014-07-28 11:09:00,2014-07-28 13:00:00,2014-07-28 13:42:00,1,0,1.0,153,SUCCESS,,
Tumble_Dryer_2014-08-01_01,Tumble Dryer,2014-08-01 10:50:00,2014-08-01 12:15:00,2014-08-01 13:00:00,2014-08-01 14:25:00,1,0,1.0,130,SUCCESS,,
Tumble_Dryer_2014-08-04_01,Tumble Dryer,2014-08-04 12:11:00,2014-08-04 12:59:00,2014-08-04 13:00:00,2014-08-04 13:48:00,1,0,1.0,49,SUCCESS,,
Tumble_Dryer_2014-08-08_01,Tumble Dryer,2014-08-08 09:38:00,2014-08-08 10:49:00,2014-08-08 13:00:00,2014-08-08 14:11:00,1,0,1.0,202,SUCCESS,,
Tumble_Dryer_2014-08-11_01,Tumble Dryer,2014-08-11 10:44:00,2014-08-11 11:28:00,2014-08-11 13:00:00,2014-08-11 13:44:00,1,0,1.0,136,SUCCESS,,
Tumble_Dryer_2014-08-11_05,Tumble Dryer,2014-08-11 12:09:00,2014-08-11 12:47:00,2014-08-11 13:00:00,2014-08-11 13:38:00,1,0,1.0,51,SUCCESS,,
Tumble_Dryer_2014-08-14_01,Tumble Dryer,2014-08-14 11:52:00,2014-08-14 12:46:00,2014-08-14 13:00:00,2014-08-14 13:54:00,1,0,1.0,68,SUCCESS,,
Tumble_Dryer_2014-08-15_01,Tumble Dryer,2014-08-15 09:31:00,2014-08-15 10:31:00,2014-08-15 13:00:00,2014-08-15 14:00:00,1,0,1.0,209,SUCCESS,,
Tumble_Dryer_2014-08-18_01,Tumble Dryer,2014-08-18 09:06:00,2014-08-18 09:45:00,2014-08-18 13:00:00,2014-08-18 13:39:00,1,0,1.0,234,SUCCESS,,
Tumble_Dryer_2014-08-20_01,Tumble Dryer,2014-08-20 08:30:00,2014-08-20 09:31:00,2014-08-20 13:00:00,2014-08-20 14:01:00,1,0,1.0,270,SUCCESS,,
Tumble_Dryer_2014-08-22_01,Tumble Dryer,2014-08-22 09:08:00,2014-08-22 10:33:00,2014-08-22 13:00:00,2014-08-22 14:25:00,1,0,1.0,232,SUCCESS,,
Tumble_Dryer_2014-08-25_01,Tumble Dryer,2014-08-25 10:31:00,2014-08-25 11:30:00,2014-08-25 13:00:00,2014-08-25 13:59:00,1,0,1.0,149,SUCCESS,,
Tumble_Dryer_2014-09-03_03,Tumble Dryer,2014-09-03 16:27:00,2014-09-03 17:07:00,2014-09-03 20:00:00,2014-09-03 20:40:00,1,0,1.0,213,SUCCESS,,
Tumble_Dryer_2014-09-03_04,Tumble Dryer,2014-09-03 17:56:00,2014-09-03 18:55:00,2014-09-03 20:00:00,2014-09-03 20:59:00,1,0,1.0,124,SUCCESS,,
Tumble_Dryer_2014-09-07_01,Tumble Dryer,2014-09-07 17:28:00,2014-09-07 18:09:00,2014-09-07 20:00:00,2014-09-07 20:41:00,1,0,1.0,152,SUCCESS,,
Tumble_Dryer_2014-09-07_02,Tumble Dryer,2014-09-07 21:28:00,2014-09-07 22:03:00,2014-09-07 21:33:00,2014-09-07 22:08:00,0,0,0.1,5,SUCCESS,,
Tumble_Dryer_2014-09-10_03,Tumble Dryer,2014-09-10 16:40:00,2014-09-10 17:29:00,2014-09-10 20:00:00,2014-09-10 20:49:00,1,0,1.0,200,SUCCESS,,
Tumble_Dryer_2014-09-12_01,Tumble Dryer,2014-09-12 09:31:00,2014-09-12 10:50:00,2014-09-12 13:00:00,2014-09-12 14:19:00,1,0,1.0,209,SUCCESS,,
Tumble_Dryer_2014-09-15_01,Tumble Dryer,2014-09-15 08:48:00,2014-09-15 09:39:00,2014-09-15 13:00:00,2014-09-15 13:51:00,1,0,1.0,252,SUCCESS,,
Tumble_Dryer_2014-09-16_01,Tumble Dryer,2014-09-16 15:34:00,2014-09-16 16:04:00,2014-09-16 15:39:00,2014-09-16 16:09:00,0,0,0.1,5,SUCCESS,,
Tumble_Dryer_2014-09-19_01,Tumble Dryer,2014-09-19 10:33:00,2014-09-19 11:39:00,2014-09-19 13:00:00,2014-09-19 14:06:00,1,0,1.0,147,SUCCESS,,
Tumble_Dryer_2014-09-22_01,Tumble Dryer,2014-09-22 08:39:00,2014-09-22 09:21:00,2014-09-22 13:00:00,2014-09-22 13:42:00,1,0,1.0,261,SUCCESS,,
Tumble_Dryer_2014-09-22_03,Tumble Dryer,2014-09-22 11:54:00,2014-09-22 12:30:00,2014-09-22 13:00:00,2014-09-22 13:36:00,1,0,1.0,66,SUCCESS,,
Tumble_Dryer_2014-09-26_01,Tumble Dryer,2014-09-26 08:40:00,2014-09-26 09:55:00,2014-09-26 13:00:00,2014-09-26 14:15:00,1,0,1.0,260,SUCCESS,,
Tumble_Dryer_2014-09-26_02,Tumble Dryer,2014-09-26 09:59:00,2014-09-26 10:11:00,2014-09-26 13:00:00,2014-09-26 13:12:00,1,0,1.0,181,SUCCESS,,
Tumble_Dryer_2014-09-29_01,Tumble Dryer,2014-09-29 09:00:00,2014-09-29 09:58:00,2014-09-29 13:00:00,2014-09-29 13:58:00,1,0,1.0,240,SUCCESS,,
Tumble_Dryer_2014-10-03_01,Tumble Dryer,2014-10-03 21:07:00,2014-10-03 22:29:00,2014-10-03 21:12:00,2014-10-03 22:34:00,0,0,0.1,5,SUCCESS,,
Tumble_Dryer_2014-10-04_01,Tumble Dryer,2014-10-04 10:14:00,2014-10-04 10:42:00,2014-10-04 13:00:00,2014-10-04 13:28:00,1,0,1.0,166,SUCCESS,,
Tumble_Dryer_2014-10-04_02,Tumble Dryer,2014-10-04 10:46:00,2014-10-04 11:01:00,2014-10-04 13:00:00,2014-10-04 13:15:00,1,0,1.0,134,SUCCESS,,
Tumble_Dryer_2014-10-06_01,Tumble Dryer,2014-10-06 10:42:00,2014-10-06 11:28:00,2014-10-06 13:00:00,2014-10-06 13:46:00,1,0,1.0,138,SUCCESS,,
Tumble_Dryer_2014-10-10_01,Tumble Dryer,2014-10-10 10:02:00,2014-10-10 11:20:00,2014-10-10 13:00:00,2014-10-10 14:18:00,1,0,1.0,178,SUCCESS,,
Tumble_Dryer_2014-10-13_01,Tumble Dryer,2014-10-13 10:32:00,2014-10-13 11:08:00,2014-10-13 13:00:00,2014-10-13 13:36:00,1,0,1.0,148,SUCCESS,,
Tumble_Dryer_2014-10-16_01,Tumble Dryer,2014-10-16 09:54:00,2014-10-16 10:36:00,2014-10-16 13:00:00,2014-10-16 13:42:00,1,0,1.0,186,SUCCESS,,
Tumble_Dryer_2014-10-17_01,Tumble Dryer,2014-10-17 10:19:00,2014-10-17 11:30:00,2014-10-17 13:00:00,2014-10-17 14:11:00,1,0,1.0,161,SUCCESS,,
Tumble_Dryer_2014-10-20_01,Tumble Dryer,2014-10-20 09:54:00,2014-10-20 10:24:00,2014-10-20 13:00:00,2014-10-20 13:30:00,1,0,1.0,186,SUCCESS,,
Tumble_Dryer_2014-10-20_02,Tumble Dryer,2014-10-20 11:43:00,2014-10-20 12:05:00,2014-10-20 13:00:00,2014-10-20 13:22:00,1,0,1.0,77,SUCCESS,,
Tumble_Dryer_2014-10-27_02,Tumble Dryer,2014-10-27 09:30:00,2014-10-27 10:54:00,2014-10-27 13:00:00,2014-10-27 14:24:00,1,0,1.0,210,SUCCESS,,
Tumble_Dryer_2014-10-27_03,Tumble Dryer,2014-10-27 11:05:00,2014-10-27 11:40:00,2014-10-27 13:00:00,2014-10-27 13:35:00,1,0,1.0,115,SUCCESS,,
Tumble_Dryer_2014-10-31_01,Tumble Dryer,2014-10-31 10:08:00,2014-10-31 10:55:00,2014-10-31 13:00:00,2014-10-31 13:47:00,1,0,1.0,172,SUCCESS,,
Tumble_Dryer_2014-11-03_01,Tumble Dryer,2014-11-03 09:45:00,2014-11-03 10:08:00,2014-11-03 13:00:00,2014-11-03 13:23:00,1,0,1.0,195,SUCCESS,,
Tumble_Dryer_2014-11-03_02,Tumble Dryer,2014-11-03 10:09:00,2014-11-03 10:37:00,2014-11-03 13:00:00,2014-11-03 13:28:00,1,0,1.0,171,SUCCESS,,
Tumble_Dryer_2014-11-03_03,Tumble Dryer,2014-11-03 11:39:00,2014-11-03 12:45:00,2014-11-03 13:00:00,2014-11-03 14:06:00,1,0,1.0,81,SUCCESS,,
Tumble_Dryer_2014-11-07_01,Tumble Dryer,2014-11-07 10:09:00,2014-11-07 11:33:00,2014-11-07 13:00:00,2014-11-07 14:24:00,1,0,1.0,171,SUCCESS,,
Tumble_Dryer_2014-11-07_06,Tumble Dryer,2014-11-07 11:52:00,2014-11-07 11:59:00,2014-11-07 13:00:00,2014-11-07 13:07:00,1,0,1.0,68,SUCCESS,,
Tumble_Dryer_2014-11-13_01,Tumble Dryer,2014-11-13 09:44:00,2014-11-13 10:25:00,2014-11-13 13:00:00,2014-11-13 13:41:00,1,0,1.0,196,SUCCESS,,
Tumble_Dryer_2014-11-13_02,Tumble Dryer,2014-11-13 11:10:00,2014-11-13 11:32:00,2014-11-13 13:00:00,2014-11-13 13:22:00,1,0,1.0,110,SUCCESS,,
Tumble_Dryer_2014-11-14_01,Tumble Dryer,2014-11-14 10:19:00,2014-11-14 11:34:00,2014-11-14 13:00:00,2014-11-14 14:15:00,1,0,1.0,161,SUCCESS,,
Tumble_Dryer_2014-11-17_01,Tumble Dryer,2014-11-17 11:57:00,2014-11-17 12:32:00,2014-11-17 13:00:00,2014-11-17 13:35:00,1,0,1.0,63,SUCCESS,,
Tumble_Dryer_2014-11-20_01,Tumble Dryer,2014-11-20 12:30:00,2014-11-20 13:30:00,2014-11-20 13:00:00,2014-11-20 14:00:00,0,0,0.1,30,SUCCESS,,
Tumble_Dryer_2014-11-24_01,Tumble Dryer,2014-11-24 09:38:00,2014-11-24 10:59:00,2014-11-24 13:00:00,2014-11-24 14:21:00,1,0,1.0,202,SUCCESS,,
Tumble_Dryer_2014-11-24_02,Tumble Dryer,2014-11-24 11:23:00,2014-11-24 12:10:00,2014-11-24 13:00:00,2014-11-24 13:47:00,1,0,1.0,97,SUCCESS,,
Tumble_Dryer_2014-11-27_02,Tumble Dryer,2014-11-27 15:47:00,2014-11-27 16:38:00,2014-11-27 15:52:00,2014-11-27 16:43:00,1,0,1.0,5,SUCCESS,,
Tumble_Dryer_2014-11-28_01,Tumble Dryer,2014-11-28 09:38:00,2014-11-28 10:55:00,2014-11-28 13:00:00,2014-11-28 14:17:00,1,0,1.0,202,SUCCESS,,
Tumble_Dryer_2014-12-03_04,Tumble Dryer,2014-12-03 15:04:00,2014-12-03 16:09:00,2014-12-03 15:09:00,2014-12-03 16:14:00,0,0,0.1,5,SUCCESS,,
Tumble_Dryer_2014-12-08_01,Tumble Dryer,2014-12-08 09:24:00,2014-12-08 09:50:00,2014-12-08 13:00:00,2014-12-08 13:26:00,1,0,1.0,216,SUCCESS,,
Tumble_Dryer_2014-12-08_02,Tumble Dryer,2014-12-08 09:59:00,2014-12-08 11:23:00,2014-12-08 13:00:00,2014-12-08 14:24:00,1,0,1.0,181,SUCCESS,,
Tumble_Dryer_2014-12-08_03,Tumble Dryer,2014-12-08 11:31:00,2014-12-08 12:13:00,2014-12-08 13:00:00,2014-12-08 13:42:00,1,0,1.0,89,SUCCESS,,
Tumble_Dryer_2014-12-09_02,Tumble Dryer,2014-12-09 10:12:00,2014-12-09 11:06:00,2014-12-09 13:00:00,2014-12-09 13:54:00,1,0,1.0,168,SUCCESS,,
Tumble_Dryer_2014-12-12_01,Tumble Dryer,2014-12-12 09:55:00,2014-12-12 11:05:00,2014-12-12 13:00:00,2014-12-12 14:10:00,1,0,1.0,185,SUCCESS,,
Tumble_Dryer_2014-12-15_01,Tumble Dryer,2014-12-15 09:48:00,2014-12-15 11:10:00,2014-12-15 13:00:00,2014-12-15 14:22:00,1,0,1.0,192,SUCCESS,,
Tumble_Dryer_2014-12-19_01,Tumble Dryer,2014-12-19 10:37:00,2014-12-19 11:03:00,2014-12-19 13:00:00,2014-12-19 13:26:00,1,0,1.0,143,SUCCESS,,
Tumble_Dryer_2014-12-19_02,Tumble Dryer,2014-12-19 11:24:00,2014-12-19 12:25:00,2014-12-19 13:00:00,2014-12-19 14:01:00,1,0,1.0,96,SUCCESS,,
Tumble_Dryer_2014-12-20_01,Tumble Dryer,2014-12-20 10:42:00,2014-12-20 11:42:00,2014-12-20 13:00:00,2014-12-20 14:00:00,1,0,1.0,138,SUCCESS,,
Tumble_Dryer_2014-12-22_01,Tumble Dryer,2014-12-22 10:06:00,2014-12-22 10:51:00,2014-12-22 13:00:00,2014-12-22 13:45:00,1,0,1.0,174,SUCCESS,,
Tumble_Dryer_2014-12-26_01,Tumble Dryer,2014-12-26 12:27:00,2014-12-26 13:49:00,2014-12-26 13:00:00,2014-12-26 14:22:00,0,0,0.1,33,SUCCESS,,
Tumble_Dryer_2014-12-28_01,Tumble Dryer,2014-12-28 18:39:00,2014-12-28 19:26:00,2014-12-28 20:00:00,2014-12-28 20:47:00,1,0,1.0,81,SUCCESS,,
Tumble_Dryer_2014-12-28_03,Tumble Dryer,2014-12-28 19:34:00,2014-12-28 19:53:00,2014-12-28 20:00:00,2014-12-28 20:19:00,1,0,1.0,26,SUCCESS,,
Tumble_Dryer_2014-12-29_01,Tumble Dryer,2014-12-29 11:18:00,2014-12-29 12:17:00,2014-12-29 13:00:00,2014-12-29 13:59:00,1,0,1.0,102,SUCCESS,,
Tumble_Dryer_2015-01-02_01,Tumble Dryer,2015-01-02 19:32:00,2015-01-02 21:04:00,2015-01-02 20:00:00,2015-01-02 21:32:00,0,0,0.1,28,SUCCESS,,
Tumble_Dryer_2015-01-03_01,Tumble Dryer,2015-01-03 10:08:00,2015-01-03 10:48:00,2015-01-03 13:00:00,2015-01-03 13:40:00,1,0,1.0,172,SUCCESS,,
Tumble_Dryer_2015-01-03_02,Tumble Dryer,2015-01-03 11:40:00,2015-01-03 12:32:00,2015-01-03 13:00:00,2015-01-03 13:52:00,1,0,1.0,80,SUCCESS,,
Tumble_Dryer_2015-01-05_01,Tumble Dryer,2015-01-05 10:12:00,2015-01-05 11:19:00,2015-01-05 13:00:00,2015-01-05 14:07:00,1,0,1.0,168,SUCCESS,,
Tumble_Dryer_2015-01-05_03,Tumble Dryer,2015-01-05 11:26:00,2015-01-05 12:01:00,2015-01-05 13:00:00,2015-01-05 13:35:00,1,0,1.0,94,SUCCESS,,
Tumble_Dryer_2015-01-06_01,Tumble Dryer,2015-01-06 09:07:00,2015-01-06 09:58:00,2015-01-06 13:00:00,2015-01-06 13:51:00,1,0,1.0,233,SUCCESS,,
Tumble_Dryer_2015-01-06_02,Tumble Dryer,2015-01-06 11:04:00,2015-01-06 11:26:00,2015-01-06 13:00:00,2015-01-06 13:22:00,1,0,1.0,116,SUCCESS,,
Tumble_Dryer_2015-01-08_01,Tumble Dryer,2015-01-08 15:52:00,2015-01-08 16:35:00,2015-01-08 15:57:00,2015-01-08 16:40:00,1,0,1.0,5,SUCCESS,,
Tumble_Dryer_2015-01-09_01,Tumble Dryer,2015-01-09 11:43:00,2015-01-09 13:08:00,2015-01-09 13:00:00,2015-01-09 14:25:00,1,0,1.0,77,SUCCESS,,
Tumble_Dryer_2015-01-12_01,Tumble Dryer,2015-01-12 12:47:00,2015-01-12 13:30:00,2015-01-12 13:00:00,2015-01-12 13:43:00,0,0,0.1,13,SUCCESS,,
Tumble_Dryer_2015-01-12_04,Tumble Dryer,2015-01-12 16:37:00,2015-01-12 17:20:00,2015-01-12 20:00:00,2015-01-12 20:43:00,1,0,1.0,203,SUCCESS,,
Tumble_Dryer_2015-01-16_01,Tumble Dryer,2015-01-16 15:02:00,2015-01-16 16:19:00,2015-01-16 15:07:00,2015-01-16 16:24:00,0,0,0.1,5,SUCCESS,,
Tumble_Dryer_2015-01-17_02,Tumble Dryer,2015-01-17 16:52:00,2015-01-17 17:14:00,2015-01-17 20:00:00,2015-01-17 20:22:00,1,0,1.0,188,SUCCESS,,
Tumble_Dryer_2015-01-17_03,Tumble Dryer,2015-01-17 17:18:00,2015-01-17 17:24:00,2015-01-17 20:00:00,2015-01-17 20:06:00,1,0,1.0,162,SUCCESS,,
Tumble_Dryer_2015-01-17_05,Tumble Dryer,2015-01-17 17:27:00,2015-01-17 17:42:00,2015-01-17 20:00:00,2015-01-17 20:15:00,1,0,1.0,153,SUCCESS,,
Tumble_Dryer_2015-01-19_01,Tumble Dryer,2015-01-19 10:08:00,2015-01-19 10:44:00,2015-01-19 13:00:00,2015-01-19 13:36:00,1,0,1.0,172,SUCCESS,,
Tumble_Dryer_2015-01-19_02,Tumble Dryer,2015-01-19 11:41:00,2015-01-19 11:53:00,2015-01-19 13:00:00,2015-01-19 13:12:00,1,0,1.0,79,SUCCESS,,
Tumble_Dryer_2015-01-23_01,Tumble Dryer,2015-01-23 09:43:00,2015-01-23 10:58:00,2015-01-23 13:00:00,2015-01-23 14:15:00,1,0,1.0,197,SUCCESS,,
Tumble_Dryer_2015-01-23_04,Tumble Dryer,2015-01-23 11:06:00,2015-01-23 11:12:00,2015-01-23 13:00:00,2015-01-23 13:06:00,1,0,1.0,114,SUCCESS,,
Tumble_Dryer_2015-01-23_06,Tumble Dryer,2015-01-23 11:17:00,2015-01-23 11:22:00,2015-01-23 13:00:00,2015-01-23 13:05:00,1,0,1.0,103,SUCCESS,,
Tumble_Dryer_2015-01-24_02,Tumble Dryer,2015-01-24 21:35:00,2015-01-24 22:33:00,2015-01-24 21:40:00,2015-01-24 22:38:00,1,0,1.0,5,SUCCESS,,
Tumble_Dryer_2015-01-24_04,Tumble Dryer,2015-01-24 22:37:00,2015-01-24 22:45:00,2015-01-25 13:00:00,2015-01-25 13:08:00,1,0,1.0,863,SUCCESS,,
Tumble_Dryer_2015-01-25_03,Tumble Dryer,2015-01-25 11:40:00,2015-01-25 12:55:00,2015-01-25 13:00:00,2015-01-25 14:15:00,1,0,1.0,80,SUCCESS,,
Tumble_Dryer_2015-01-27_01,Tumble Dryer,2015-01-27 15:22:00,2015-01-27 16:10:00,2015-01-27 15:27:00,2015-01-27 16:15:00,0,0,0.1,5,SUCCESS,,
Tumble_Dryer_2015-01-27_02,Tumble Dryer,2015-01-27 16:11:00,2015-01-27 16:17:00,2015-01-27 20:00:00,2015-01-27 20:06:00,1,0,1.0,229,SUCCESS,,
Tumble_Dryer_2015-01-30_01,Tumble Dryer,2015-01-30 10:28:00,2015-01-30 11:59:00,2015-01-30 13:00:00,2015-01-30 14:31:00,1,0,1.0,152,SUCCESS,,
Tumble_Dryer_2015-02-02_01,Tumble Dryer,2015-02-02 09:53:00,2015-02-02 10:53:00,2015-02-02 13:00:00,2015-02-02 14:00:00,1,0,1.0,187,SUCCESS,,
Tumble_Dryer_2015-02-02_02,Tumble Dryer,2015-02-02 11:30:00,2015-02-02 12:33:00,2015-02-02 13:00:00,2015-02-02 14:03:00,1,0,1.0,90,SUCCESS,,
Tumble_Dryer_2015-02-02_03,Tumble Dryer,2015-02-02 12:34:00,2015-02-02 12:39:00,2015-02-02 13:00:00,2015-02-02 13:05:00,1,0,1.0,26,SUCCESS,,
Tumble_Dryer_2015-02-05_01,Tumble Dryer,2015-02-05 09:30:00,2015-02-05 10:40:00,2015-02-05 13:00:00,2015-02-05 14:10:00,1,0,1.0,210,SUCCESS,,
Tumble_Dryer_2015-02-06_01,Tumble Dryer,2015-02-06 10:18:00,2015-02-06 11:42:00,2015-02-06 13:00:00,2015-02-06 14:24:00,1,0,1.0,162,SUCCESS,,
Tumble_Dryer_2015-02-06_02,Tumble Dryer,2015-02-06 11:43:00,2015-02-06 11:51:00,2015-02-06 13:00:00,2015-02-06 13:08:00,1,0,1.0,77,SUCCESS,,
Tumble_Dryer_2015-02-09_01,Tumble Dryer,2015-02-09 09:47:00,2015-02-09 10:31:00,2015-02-09 13:00:00,2015-02-09 13:44:00,1,0,1.0,193,SUCCESS,,
Tumble_Dryer_2015-02-12_01,Tumble Dryer,2015-02-12 11:16:00,2015-02-12 12:23:00,2015-02-12 13:00:00,2015-02-12 14:07:00,1,0,1.0,104,SUCCESS,,
Tumble_Dryer_2015-02-13_01,Tumble Dryer,2015-02-13 09:25:00,2015-02-13 10:51:00,2015-02-13 13:00:00,2015-02-13 14:26:00,1,0,1.0,215,SUCCESS,,
Tumble_Dryer_2015-02-13_03,Tumble Dryer,2015-02-13 10:57:00,2015-02-13 11:03:00,2015-02-13 13:00:00,2015-02-13 13:06:00,1,0,1.0,123,SUCCESS,,
Tumble_Dryer_2015-02-23_02,Tumble Dryer,2015-02-23 10:11:00,2015-02-23 10:48:00,2015-02-23 13:00:00,2015-02-23 13:37:00,1,0,1.0,169,SUCCESS,,
Tumble_Dryer_2015-02-23_05,Tumble Dryer,2015-02-23 10:56:00,2015-02-23 11:06:00,2015-02-23 13:00:00,2015-02-23 13:10:00,1,0,1.0,124,SUCCESS,,
Tumble_Dryer_2015-02-23_06,Tumble Dryer,2015-02-23 11:07:00,2015-02-23 11:18:00,2015-02-23 13:00:00,2015-02-23 13:11:00,1,0,1.0,113,SUCCESS,,
Tumble_Dryer_2015-02-23_07,Tumble Dryer,2015-02-23 12:07:00,2015-02-23 13:25:00,2015-02-23 13:00:00,2015-02-23 14:18:00,1,0,1.0,53,SUCCESS,,
Tumble_Dryer_2015-03-15_01,Tumble Dryer,2015-03-15 18:47:00,2015-03-15 20:00:00,2015-03-15 20:00:00,2015-03-15 21:13:00,1,0,1.0,73,SUCCESS,,
Tumble_Dryer_2015-03-17_01,Tumble Dryer,2015-03-17 16:09:00,2015-03-17 17:01:00,2015-03-17 20:00:00,2015-03-17 20:52:00,1,0,1.0,231,SUCCESS,,
Tumble_Dryer_2015-03-20_01,Tumble Dryer,2015-03-20 10:09:00,2015-03-20 11:18:00,2015-03-20 13:00:00,2015-03-20 14:09:00,1,0,1.0,171,SUCCESS,,
Tumble_Dryer_2015-03-21_01,Tumble Dryer,2015-03-21 15:57:00,2015-03-21 16:48:00,2015-03-21 20:00:00,2015-03-21 20:51:00,1,0,1.0,243,SUCCESS,,
Tumble_Dryer_2015-03-27_01,Tumble Dryer,2015-03-27 12:35:00,2015-03-27 13:46:00,2015-03-27 13:00:00,2015-03-27 14:11:00,0,0,0.1,25,SUCCESS,,
Tumble_Dryer_2015-03-27_04,Tumble Dryer,2015-03-27 15:41:00,2015-03-27 16:23:00,2015-03-27 15:46:00,2015-03-27 16:28:00,1,0,1.0,5,SUCCESS,,
Tumble_Dryer_2015-04-10_01,Tumble Dryer,2015-04-10 09:41:00,2015-04-10 11:01:00,2015-04-10 13:00:00,2015-04-10 14:20:00,1,0,1.0,199,SUCCESS,,
Tumble_Dryer_2015-04-13_01,Tumble Dryer,2015-04-13 10:14:00,2015-04-13 11:02:00,2015-04-13 13:00:00,2015-04-13 13:48:00,1,0,1.0,166,SUCCESS,,
Tumble_Dryer_2015-04-13_02,Tumble Dryer,2015-04-13 11:08:00,2015-04-13 11:35:00,2015-04-13 13:00:00,2015-04-13 13:27:00,1,0,1.0,112,SUCCESS,,
Tumble_Dryer_2015-04-15_01,Tumble Dryer,2015-04-15 15:26:00,2015-04-15 16:08:00,2015-04-15 15:31:00,2015-04-15 16:13:00,0,0,0.1,5,SUCCESS,,
Tumble_Dryer_2015-04-17_01,Tumble Dryer,2015-04-17 09:48:00,2015-04-17 11:03:00,2015-04-17 13:00:00,2015-04-17 14:15:00,1,0,1.0,192,SUCCESS,,
Tumble_Dryer_2015-04-17_05,Tumble Dryer,2015-04-17 11:13:00,2015-04-17 11:19:00,2015-04-17 13:00:00,2015-04-17 13:06:00,1,0,1.0,107,SUCCESS,,
Tumble_Dryer_2015-04-20_01,Tumble Dryer,2015-04-20 09:26:00,2015-04-20 10:06:00,2015-04-20 13:00:00,2015-04-20 13:40:00,1,0,1.0,214,SUCCESS,,
Tumble_Dryer_2015-04-20_07,Tumble Dryer,2015-04-20 10:26:00,2015-04-20 10:32:00,2015-04-20 13:00:00,2015-04-20 13:06:00,1,0,1.0,154,SUCCESS,,
Tumble_Dryer_2015-04-22_01,Tumble Dryer,2015-04-22 16:41:00,2015-04-22 17:32:00,2015-04-22 20:00:00,2015-04-22 20:51:00,1,0,1.0,199,SUCCESS,,
Tumble_Dryer_2015-04-27_01,Tumble Dryer,2015-04-27 08:52:00,2015-04-27 10:02:00,2015-04-27 13:00:00,2015-04-27 14:10:00,1,0,1.0,248,SUCCESS,,
Tumble_Dryer_2015-04-27_02,Tumble Dryer,2015-04-27 10:15:00,2015-04-27 10:59:00,2015-04-27 13:00:00,2015-04-27 13:44:00,1,0,1.0,165,SUCCESS,,
Tumble_Dryer_2015-04-27_03,Tumble Dryer,2015-04-27 11:01:00,2015-04-27 11:06:00,2015-04-27 13:00:00,2015-04-27 13:05:00,1,0,1.0,119,SUCCESS,,
Tumble_Dryer_2015-04-28_01,Tumble Dryer,2015-04-28 11:05:00,2015-04-28 12:08:00,2015-04-28 13:00:00,2015-04-28 14:03:00,1,0,1.0,115,SUCCESS,,
Tumble_Dryer_2015-05-01_01,Tumble Dryer,2015-05-01 09:57:00,2015-05-01 11:09:00,2015-05-01 13:00:00,2015-05-01 14:12:00,1,0,1.0,183,SUCCESS,,
Tumble_Dryer_2015-05-04_01,Tumble Dryer,2015-05-04 10:02:00,2015-05-04 10:44:00,2015-05-04 13:00:00,2015-05-04 13:42:00,1,0,1.0,178,SUCCESS,,
Tumble_Dryer_2015-05-08_01,Tumble Dryer,2015-05-08 09:58:00,2015-05-08 11:23:00,2015-05-08 13:00:00,2015-05-08 14:25:00,1,0,1.0,182,SUCCESS,,
Tumble_Dryer_2015-05-22_01,Tumble Dryer,2015-05-22 10:03:00,2015-05-22 11:20:00,2015-05-22 13:00:00,2015-05-22 14:17:00,1,0,1.0,177,SUCCESS,,
Tumble_Dryer_2015-05-25_01,Tumble Dryer,2015-05-25 09:27:00,2015-05-25 10:09:00,2015-05-25 13:00:00,2015-05-25 13:42:00,1,0,1.0,213,SUCCESS,,
Tumble_Dryer_2015-05-25_04,Tumble Dryer,2015-05-25 10:18:00,2015-05-25 10:24:00,2015-05-25 13:00:00,2015-05-25 13:06:00,1,0,1.0,162,SUCCESS,,
Tumble_Dryer_2015-05-27_01,Tumble Dryer,2015-05-27 09:16:00,2015-05-27 09:54:00,2015-05-27 13:00:00,2015-05-27 13:38:00,1,0,1.0,224,SUCCESS,,
Tumble_Dryer_2015-05-27_02,Tumble Dryer,2015-05-27 11:01:00,2015-05-27 11:23:00,2015-05-27 13:00:00,2015-05-27 13:22:00,1,0,1.0,119,SUCCESS,,
Tumble_Dryer_2015-05-27_03,Tumble Dryer,2015-05-27 11:24:00,2015-05-27 12:04:00,2015-05-27 13:00:00,2015-05-27 13:40:00,1,0,1.0,96,SUCCESS,,
Tumble_Dryer_2015-05-29_01,Tumble Dryer,2015-05-29 16:19:00,2015-05-29 17:57:00,2015-05-29 20:00:00,2015-05-29 21:38:00,1,0,1.0,221,SUCCESS,,
Tumble_Dryer_2015-06-01_01,Tumble Dryer,2015-06-01 09:53:00,2015-06-01 10:22:00,2015-06-01 13:00:00,2015-06-01 13:29:00,1,0,1.0,187,SUCCESS,,
Tumble_Dryer_2015-06-01_02,Tumble Dryer,2015-06-01 11:34:00,2015-06-01 11:58:00,2015-06-01 13:00:00,2015-06-01 13:24:00,1,0,1.0,86,SUCCESS,,
Tumble_Dryer_2015-06-03_01,Tumble Dryer,2015-06-03 16:18:00,2015-06-03 17:23:00,2015-06-03 20:00:00,2015-06-03 21:05:00,1,0,1.0,222,SUCCESS,,
Tumble_Dryer_2015-06-05_01,Tumble Dryer,2015-06-05 09:42:00,2015-06-05 10:01:00,2015-06-05 13:00:00,2015-06-05 13:19:00,1,0,1.0,198,SUCCESS,,
Tumble_Dryer_2015-06-05_02,Tumble Dryer,2015-06-05 11:45:00,2015-06-05 12:27:00,2015-06-05 13:00:00,2015-06-05 13:42:00,1,0,1.0,75,SUCCESS,,
Tumble_Dryer_2015-06-08_01,Tumble Dryer,2015-06-08 09:40:00,2015-06-08 10:22:00,2015-06-08 13:00:00,2015-06-08 13:42:00,1,0,1.0,200,SUCCESS,,
Tumble_Dryer_2015-06-08_03,Tumble Dryer,2015-06-08 11:03:00,2015-06-08 11:52:00,2015-06-08 13:00:00,2015-06-08 13:49:00,1,0,1.0,117,SUCCESS,,
Tumble_Dryer_2015-06-18_01,Tumble Dryer,2015-06-18 08:36:00,2015-06-18 09:21:00,2015-06-18 13:00:00,2015-06-18 13:45:00,1,0,1.0,264,SUCCESS,,
Tumble_Dryer_2015-06-19_01,Tumble Dryer,2015-06-19 10:03:00,2015-06-19 11:02:00,2015-06-19 13:00:00,2015-06-19 13:59:00,1,0,1.0,177,SUCCESS,,
Tumble_Dryer_2015-06-22_01,Tumble Dryer,2015-06-22 10:01:00,2015-06-22 10:46:00,2015-06-22 13:00:00,2015-06-22 13:45:00,1,0,1.0,179,SUCCESS,,
Washing_Machine_2014-03-21_01,Washing Machine,2014-03-21 08:33:00,2014-03-21 09:42:00,2014-03-21 13:00:00,2014-03-21 14:09:00,1,0,1.0,267,SUCCESS,,
Washing_Machine_2014-03-21_02,Washing Machine,2014-03-21 09:53:00,2014-03-21 11:03:00,2014-03-21 13:00:00,2014-03-21 14:10:00,1,0,1.0,187,SUCCESS,,
Washing_Machine_2014-03-24_01,Washing Machine,2014-03-24 09:14:00,2014-03-24 10:31:00,2014-03-24 13:00:00,2014-03-24 14:17:00,1,0,1.0,226,SUCCESS,,
Washing_Machine_2014-03-30_01,Washing Machine,2014-03-30 11:33:00,2014-03-30 12:50:00,2014-03-30 13:00:00,2014-03-30 14:17:00,1,0,1.0,87,SUCCESS,,
Washing_Machine_2014-03-31_01,Washing Machine,2014-03-31 06:51:00,2014-03-31 08:05:00,2014-03-31 13:00:00,2014-03-31 14:14:00,1,0,1.0,369,SUCCESS,,
Washing_Machine_2014-03-31_02,Washing Machine,2014-03-31 08:19:00,2014-03-31 10:06:00,2014-03-31 13:00:00,2014-03-31 14:47:00,1,0,1.0,281,SUCCESS,,
Washing_Machine_2014-04-07_01,Washing Machine,2014-04-07 07:21:00,2014-04-07 08:32:00,2014-04-07 13:00:00,2014-04-07 14:11:00,1,0,1.0,339,SUCCESS,,
Washing_Machine_2014-04-07_02,Washing Machine,2014-04-07 08:36:00,2014-04-07 10:08:00,2014-04-07 13:00:00,2014-04-07 14:32:00,1,0,1.0,264,SUCCESS,,
Washing_Machine_2014-04-11_01,Washing Machine,2014-04-11 07:21:00,2014-04-11 08:34:00,2014-04-11 13:00:00,2014-04-11 14:13:00,1,0,1.0,339,SUCCESS,,
Washing_Machine_2014-04-11_02,Washing Machine,2014-04-11 09:01:00,2014-04-11 10:27:00,2014-04-11 13:00:00,2014-04-11 14:26:00,1,0,1.0,239,SUCCESS,,
Washing_Machine_2014-04-14_01,Washing Machine,2014-04-14 07:32:00,2014-04-14 08:59:00,2014-04-14 13:00:00,2014-04-14 14:27:00,1,0,1.0,328,SUCCESS,,
Washing_Machine_2014-04-14_02,Washing Machine,2014-04-14 09:18:00,2014-04-14 10:57:00,2014-04-14 13:00:00,2014-04-14 14:39:00,1,0,1.0,222,SUCCESS,,
Washing_Machine_2014-04-22_02,Washing Machine,2014-04-22 08:48:00,2014-04-22 09:59:00,2014-04-22 13:00:00,2014-04-22 14:11:00,1,0,1.0,252,SUCCESS,,
Washing_Machine_2014-04-22_03,Washing Machine,2014-04-22 10:12:00,2014-04-22 11:26:00,2014-04-22 13:00:00,2014-04-22 14:14:00,1,0,1.0,168,SUCCESS,,
Washing_Machine_2014-04-24_01,Washing Machine,2014-04-24 08:06:00,2014-04-24 08:11:00,2014-04-24 13:00:00,2014-04-24 13:05:00,1,0,1.0,294,SUCCESS,,
Washing_Machine_2014-04-25_01,Washing Machine,2014-04-25 07:04:00,2014-04-25 08:38:00,2014-04-25 13:00:00,2014-04-25 14:34:00,1,0,1.0,356,SUCCESS,,
Washing_Machine_2014-04-28_01,Washing Machine,2014-04-28 07:21:00,2014-04-28 08:35:00,2014-04-28 13:00:00,2014-04-28 14:14:00,1,0,1.0,339,SUCCESS,,
Washing_Machine_2014-05-01_01,Washing Machine,2014-05-01 08:16:00,2014-05-01 09:56:00,2014-05-01 13:00:00,2014-05-01 14:40:00,1,0,1.0,284,SUCCESS,,
Washing_Machine_2014-05-09_01,Washing Machine,2014-05-09 07:21:00,2014-05-09 08:32:00,2014-05-09 13:00:00,2014-05-09 14:11:00,1,0,1.0,339,SUCCESS,,
Washing_Machine_2014-05-09_02,Washing Machine,2014-05-09 08:38:00,2014-05-09 09:49:00,2014-05-09 13:00:00,2014-05-09 14:11:00,1,0,1.0,262,SUCCESS,,
Washing_Machine_2014-05-09_03,Washing Machine,2014-05-09 10:17:00,2014-05-09 11:29:00,2014-05-09 13:00:00,2014-05-09 14:12:00,1,0,1.0,163,SUCCESS,,
Washing_Machine_2014-05-09_04,Washing Machine,2014-05-09 16:22:00,2014-05-09 16:33:00,2014-05-09 20:00:00,2014-05-09 20:11:00,1,0,1.0,218,SUCCESS,,
Washing_Machine_2014-05-27_01,Washing Machine,2014-05-27 06:40:00,2014-05-27 08:11:00,2014-05-27 13:00:00,2014-05-27 14:31:00,1,0,1.0,380,SUCCESS,,
Washing_Machine_2014-05-27_02,Washing Machine,2014-05-27 08:18:00,2014-05-27 09:25:00,2014-05-27 13:00:00,2014-05-27 14:07:00,1,0,1.0,282,SUCCESS,,
Washing_Machine_2014-05-27_03,Washing Machine,2014-05-27 09:58:00,2014-05-27 11:12:00,2014-05-27 13:00:00,2014-05-27 14:14:00,1,0,1.0,182,SUCCESS,,
Washing_Machine_2014-05-27_04,Washing Machine,2014-05-27 11:19:00,2014-05-27 12:28:00,2014-05-27 13:00:00,2014-05-27 14:09:00,1,0,1.0,101,SUCCESS,,
Washing_Machine_2014-05-27_05,Washing Machine,2014-05-27 12:32:00,2014-05-27 13:47:00,2014-05-27 13:00:00,2014-05-27 14:15:00,0,0,0.1,28,SUCCESS,,
Washing_Machine_2014-05-30_01,Washing Machine,2014-05-30 07:48:00,2014-05-30 09:05:00,2014-05-30 13:00:00,2014-05-30 14:17:00,1,0,1.0,312,SUCCESS,,
Washing_Machine_2014-05-30_02,Washing Machine,2014-05-30 16:16:00,2014-05-30 16:43:00,2014-05-30 20:00:00,2014-05-30 20:27:00,1,0,1.0,224,SUCCESS,,
Washing_Machine_2014-06-02_01,Washing Machine,2014-06-02 07:40:00,2014-06-02 09:11:00,2014-06-02 13:00:00,2014-06-02 14:31:00,1,0,1.0,320,SUCCESS,,
Washing_Machine_2014-06-02_02,Washing Machine,2014-06-02 12:35:00,2014-06-02 13:58:00,2014-06-02 13:00:00,2014-06-02 14:23:00,0,0,0.1,25,SUCCESS,,
Washing_Machine_2014-06-06_01,Washing Machine,2014-06-06 07:18:00,2014-06-06 08:29:00,2014-06-06 13:00:00,2014-06-06 14:11:00,1,0,1.0,342,SUCCESS,,
Washing_Machine_2014-06-09_01,Washing Machine,2014-06-09 07:28:00,2014-06-09 08:45:00,2014-06-09 13:00:00,2014-06-09 14:17:00,1,0,1.0,332,SUCCESS,,
Washing_Machine_2014-06-12_01,Washing Machine,2014-06-12 06:55:00,2014-06-12 08:08:00,2014-06-12 13:00:00,2014-06-12 14:13:00,1,0,1.0,365,SUCCESS,,
Washing_Machine_2014-06-13_01,Washing Machine,2014-06-13 19:01:00,2014-06-13 20:36:00,2014-06-13 20:00:00,2014-06-13 21:35:00,1,0,1.0,59,SUCCESS,,
Washing_Machine_2014-06-16_01,Washing Machine,2014-06-16 07:22:00,2014-06-16 08:28:00,2014-06-16 13:00:00,2014-06-16 14:06:00,1,0,1.0,338,SUCCESS,,
Washing_Machine_2014-06-18_01,Washing Machine,2014-06-18 12:45:00,2014-06-18 14:15:00,2014-06-18 13:00:00,2014-06-18 14:30:00,0,0,0.1,15,SUCCESS,,
Washing_Machine_2014-06-20_01,Washing Machine,2014-06-20 07:07:00,2014-06-20 08:32:00,2014-06-20 13:00:00,2014-06-20 14:25:00,1,0,1.0,353,SUCCESS,,
Washing_Machine_2014-06-20_02,Washing Machine,2014-06-20 08:48:00,2014-06-20 10:05:00,2014-06-20 13:00:00,2014-06-20 14:17:00,1,0,1.0,252,SUCCESS,,
Washing_Machine_2014-06-20_03,Washing Machine,2014-06-20 11:14:00,2014-06-20 12:38:00,2014-06-20 13:00:00,2014-06-20 14:24:00,1,0,1.0,106,SUCCESS,,
Washing_Machine_2014-06-23_01,Washing Machine,2014-06-23 07:48:00,2014-06-23 09:04:00,2014-06-23 13:00:00,2014-06-23 14:16:00,1,0,1.0,312,SUCCESS,,
Washing_Machine_2014-06-23_02,Washing Machine,2014-06-23 09:16:00,2014-06-23 10:21:00,2014-06-23 13:00:00,2014-06-23 14:05:00,1,0,1.0,224,SUCCESS,,
Washing_Machine_2014-06-27_01,Washing Machine,2014-06-27 06:31:00,2014-06-27 07:43:00,2014-06-27 13:00:00,2014-06-27 14:12:00,1,0,1.0,389,SUCCESS,,
Washing_Machine_2014-06-30_01,Washing Machine,2014-06-30 07:37:00,2014-06-30 08:43:00,2014-06-30 13:00:00,2014-06-30 14:06:00,1,0,1.0,323,SUCCESS,,
Washing_Machine_2014-06-30_02,Washing Machine,2014-06-30 08:57:00,2014-06-30 10:12:00,2014-06-30 13:00:00,2014-06-30 14:15:00,1,0,1.0,243,SUCCESS,,
Washing_Machine_2014-06-30_03,Washing Machine,2014-06-30 10:19:00,2014-06-30 11:31:00,2014-06-30 13:00:00,2014-06-30 14:12:00,1,0,1.0,161,SUCCESS,,
Washing_Machine_2014-07-04_01,Washing Machine,2014-07-04 07:51:00,2014-07-04 09:31:00,2014-07-04 13:00:00,2014-07-04 14:40:00,1,0,1.0,309,SUCCESS,,
Washing_Machine_2014-07-07_01,Washing Machine,2014-07-07 08:32:00,2014-07-07 08:43:00,2014-07-07 13:00:00,2014-07-07 13:11:00,1,0,1.0,268,SUCCESS,,
Washing_Machine_2014-07-13_01,Washing Machine,2014-07-13 16:35:00,2014-07-13 17:59:00,2014-07-13 20:00:00,2014-07-13 21:24:00,1,0,1.0,205,SUCCESS,,
Washing_Machine_2014-07-14_02,Washing Machine,2014-07-14 07:54:00,2014-07-14 09:10:00,2014-07-14 13:00:00,2014-07-14 14:16:00,1,0,1.0,306,SUCCESS,,
Washing_Machine_2014-07-14_03,Washing Machine,2014-07-14 09:35:00,2014-07-14 10:44:00,2014-07-14 13:00:00,2014-07-14 14:09:00,1,0,1.0,205,SUCCESS,,
Washing_Machine_2014-07-14_04,Washing Machine,2014-07-14 12:16:00,2014-07-14 13:47:00,2014-07-14 13:00:00,2014-07-14 14:31:00,0,0,0.1,44,SUCCESS,,
Washing_Machine_2014-07-18_01,Washing Machine,2014-07-18 08:35:00,2014-07-18 09:51:00,2014-07-18 13:00:00,2014-07-18 14:16:00,1,0,1.0,265,SUCCESS,,
Washing_Machine_2014-07-21_01,Washing Machine,2014-07-21 08:53:00,2014-07-21 10:20:00,2014-07-21 13:00:00,2014-07-21 14:27:00,1,0,1.0,247,SUCCESS,,
Washing_Machine_2014-07-25_01,Washing Machine,2014-07-25 16:04:00,2014-07-25 17:36:00,2014-07-25 20:00:00,2014-07-25 21:32:00,1,0,1.0,236,SUCCESS,,
Washing_Machine_2014-07-28_01,Washing Machine,2014-07-28 05:42:00,2014-07-28 07:22:00,2014-07-28 13:00:00,2014-07-28 14:40:00,1,0,1.0,438,SUCCESS,,
Washing_Machine_2014-07-28_02,Washing Machine,2014-07-28 12:45:00,2014-07-28 13:59:00,2014-07-28 13:00:00,2014-07-28 14:14:00,0,0,0.1,15,SUCCESS,,
Washing_Machine_2014-07-29_01,Washing Machine,2014-07-29 10:16:00,2014-07-29 11:23:00,2014-07-29 13:00:00,2014-07-29 14:07:00,1,0,1.0,164,SUCCESS,,
Washing_Machine_2014-08-01_01,Washing Machine,2014-08-01 09:23:00,2014-08-01 10:49:00,2014-08-01 13:00:00,2014-08-01 14:26:00,1,0,1.0,217,SUCCESS,,
Washing_Machine_2014-08-01_02,Washing Machine,2014-08-01 12:57:00,2014-08-01 14:11:00,2014-08-01 13:02:00,2014-08-01 14:16:00,0,0,0.1,5,SUCCESS,,
Washing_Machine_2014-08-04_01,Washing Machine,2014-08-04 10:20:00,2014-08-04 12:00:00,2014-08-04 13:00:00,2014-08-04 14:40:00,1,0,1.0,160,SUCCESS,,
Washing_Machine_2014-08-08_01,Washing Machine,2014-08-08 08:02:00,2014-08-08 09:37:00,2014-08-08 13:00:00,2014-08-08 14:35:00,1,0,1.0,298,SUCCESS,,
Washing_Machine_2014-08-11_01,Washing Machine,2014-08-11 09:22:00,2014-08-11 10:38:00,2014-08-11 13:00:00,2014-08-11 14:16:00,1,0,1.0,218,SUCCESS,,
Washing_Machine_2014-08-11_02,Washing Machine,2014-08-11 10:53:00,2014-08-11 12:04:00,2014-08-11 13:00:00,2014-08-11 14:11:00,1,0,1.0,127,SUCCESS,,
Washing_Machine_2014-08-14_01,Washing Machine,2014-08-14 10:36:00,2014-08-14 11:50:00,2014-08-14 13:00:00,2014-08-14 14:14:00,1,0,1.0,144,SUCCESS,,
Washing_Machine_2014-08-15_01,Washing Machine,2014-08-15 08:20:00,2014-08-15 09:31:00,2014-08-15 13:00:00,2014-08-15 14:11:00,1,0,1.0,280,SUCCESS,,
Washing_Machine_2014-08-15_02,Washing Machine,2014-08-15 09:46:00,2014-08-15 11:11:00,2014-08-15 13:00:00,2014-08-15 14:25:00,1,0,1.0,194,SUCCESS,,
Washing_Machine_2014-08-16_01,Washing Machine,2014-08-16 09:38:00,2014-08-16 09:47:00,2014-08-16 13:00:00,2014-08-16 13:09:00,1,0,1.0,202,SUCCESS,,
Washing_Machine_2014-08-18_03,Washing Machine,2014-08-18 07:50:00,2014-08-18 09:05:00,2014-08-18 13:00:00,2014-08-18 14:15:00,1,0,1.0,310,SUCCESS,,
Washing_Machine_2014-08-20_01,Washing Machine,2014-08-20 07:12:00,2014-08-20 08:29:00,2014-08-20 13:00:00,2014-08-20 14:17:00,1,0,1.0,348,SUCCESS,,
Washing_Machine_2014-08-20_03,Washing Machine,2014-08-20 19:48:00,2014-08-20 19:55:00,2014-08-20 20:00:00,2014-08-20 20:07:00,1,0,1.0,12,SUCCESS,,
Washing_Machine_2014-08-22_01,Washing Machine,2014-08-22 07:17:00,2014-08-22 09:07:00,2014-08-22 13:00:00,2014-08-22 14:50:00,1,0,1.0,343,SUCCESS,,
Washing_Machine_2014-08-22_02,Washing Machine,2014-08-22 11:36:00,2014-08-22 13:15:00,2014-08-22 13:00:00,2014-08-22 14:39:00,1,0,1.0,84,SUCCESS,,
Washing_Machine_2014-08-25_01,Washing Machine,2014-08-25 07:33:00,2014-08-25 08:48:00,2014-08-25 13:00:00,2014-08-25 14:15:00,1,0,1.0,327,SUCCESS,,
Washing_Machine_2014-09-03_02,Washing Machine,2014-09-03 14:59:00,2014-09-03 16:25:00,2014-09-03 15:04:00,2014-09-03 16:30:00,0,0,0.1,5,SUCCESS,,
Washing_Machine_2014-09-03_03,Washing Machine,2014-09-03 16:39:00,2014-09-03 17:53:00,2014-09-03 20:00:00,2014-09-03 21:14:00,1,0,1.0,201,SUCCESS,,
Washing_Machine_2014-09-04_01,Washing Machine,2014-09-04 09:17:00,2014-09-04 10:34:00,2014-09-04 13:00:00,2014-09-04 14:17:00,1,0,1.0,223,SUCCESS,,
Washing_Machine_2014-09-07_02,Washing Machine,2014-09-07 16:09:00,2014-09-07 17:27:00,2014-09-07 20:00:00,2014-09-07 21:18:00,1,0,1.0,231,SUCCESS,,
Washing_Machine_2014-09-08_01,Washing Machine,2014-09-08 07:37:00,2014-09-08 07:47:00,2014-09-08 13:00:00,2014-09-08 13:10:00,1,0,1.0,323,SUCCESS,,
Washing_Machine_2014-09-10_02,Washing Machine,2014-09-10 12:31:00,2014-09-10 13:37:00,2014-09-10 13:00:00,2014-09-10 14:06:00,0,0,0.1,29,SUCCESS,,
Washing_Machine_2014-09-10_04,Washing Machine,2014-09-10 15:27:00,2014-09-10 16:39:00,2014-09-10 15:32:00,2014-09-10 16:44:00,1,0,1.0,5,SUCCESS,,
Washing_Machine_2014-09-12_01,Washing Machine,2014-09-12 08:03:00,2014-09-12 09:30:00,2014-09-12 13:00:00,2014-09-12 14:27:00,1,0,1.0,297,SUCCESS,,
Washing_Machine_2014-09-15_01,Washing Machine,2014-09-15 07:18:00,2014-09-15 08:47:00,2014-09-15 13:00:00,2014-09-15 14:29:00,1,0,1.0,342,SUCCESS,,
Washing_Machine_2014-09-18_01,Washing Machine,2014-09-18 12:44:00,2014-09-18 13:58:00,2014-09-18 13:00:00,2014-09-18 14:14:00,0,0,0.1,16,SUCCESS,,
Washing_Machine_2014-09-19_01,Washing Machine,2014-09-19 07:34:00,2014-09-19 08:52:00,2014-09-19 13:00:00,2014-09-19 14:18:00,1,0,1.0,326,SUCCESS,,
Washing_Machine_2014-09-20_03,Washing Machine,2014-09-20 12:21:00,2014-09-20 12:28:00,2014-09-20 13:00:00,2014-09-20 13:07:00,1,0,1.0,39,SUCCESS,,
Washing_Machine_2014-09-22_01,Washing Machine,2014-09-22 07:21:00,2014-09-22 08:36:00,2014-09-22 13:00:00,2014-09-22 14:15:00,1,0,1.0,339,SUCCESS,,
Washing_Machine_2014-09-22_02,Washing Machine,2014-09-22 08:50:00,2014-09-22 10:00:00,2014-09-22 13:00:00,2014-09-22 14:10:00,1,0,1.0,250,SUCCESS,,
Washing_Machine_2014-09-26_01,Washing Machine,2014-09-26 07:15:00,2014-09-26 08:39:00,2014-09-26 13:00:00,2014-09-26 14:24:00,1,0,1.0,345,SUCCESS,,
Washing_Machine_2014-09-26_02,Washing Machine,2014-09-26 10:55:00,2014-09-26 13:25:00,2014-09-26 13:00:00,2014-09-26 15:30:00,1,0,1.0,125,SUCCESS,,
Washing_Machine_2014-09-28_01,Washing Machine,2014-09-28 16:24:00,2014-09-28 17:33:00,2014-09-28 20:00:00,2014-09-28 21:09:00,1,0,1.0,216,SUCCESS,,
Washing_Machine_2014-09-29_01,Washing Machine,2014-09-29 07:32:00,2014-09-29 08:57:00,2014-09-29 13:00:00,2014-09-29 14:25:00,1,0,1.0,328,SUCCESS,,
Washing_Machine_2014-10-03_01,Washing Machine,2014-10-03 19:49:00,2014-10-03 21:07:00,2014-10-03 20:00:00,2014-10-03 21:18:00,0,0,0.1,11,SUCCESS,,
Washing_Machine_2014-10-04_01,Washing Machine,2014-10-04 09:06:00,2014-10-04 10:13:00,2014-10-04 13:00:00,2014-10-04 14:07:00,1,0,1.0,234,SUCCESS,,
Washing_Machine_2014-10-06_01,Washing Machine,2014-10-06 08:23:00,2014-10-06 10:19:00,2014-10-06 13:00:00,2014-10-06 14:56:00,1,0,1.0,277,SUCCESS,,
Washing_Machine_2014-10-06_02,Washing Machine,2014-10-06 11:57:00,2014-10-06 13:08:00,2014-10-06 13:00:00,2014-10-06 14:11:00,1,0,1.0,63,SUCCESS,,
Washing_Machine_2014-10-10_01,Washing Machine,2014-10-10 08:16:00,2014-10-10 10:02:00,2014-10-10 13:00:00,2014-10-10 14:46:00,1,0,1.0,284,SUCCESS,,
Washing_Machine_2014-10-13_01,Washing Machine,2014-10-13 08:49:00,2014-10-13 10:33:00,2014-10-13 13:00:00,2014-10-13 14:44:00,1,0,1.0,251,SUCCESS,,
Washing_Machine_2014-10-16_01,Washing Machine,2014-10-16 08:39:00,2014-10-16 09:54:00,2014-10-16 13:00:00,2014-10-16 14:15:00,1,0,1.0,261,SUCCESS,,
Washing_Machine_2014-10-17_01,Washing Machine,2014-10-17 09:01:00,2014-10-17 10:18:00,2014-10-17 13:00:00,2014-10-17 14:17:00,1,0,1.0,239,SUCCESS,,
Washing_Machine_2014-10-20_01,Washing Machine,2014-10-20 08:11:00,2014-10-20 09:53:00,2014-10-20 13:00:00,2014-10-20 14:42:00,1,0,1.0,289,SUCCESS,,
Washing_Machine_2014-10-27_01,Washing Machine,2014-10-27 07:56:00,2014-10-27 09:30:00,2014-10-27 13:00:00,2014-10-27 14:34:00,1,0,1.0,304,SUCCESS,,
Washing_Machine_2014-10-27_02,Washing Machine,2014-10-27 09:43:00,2014-10-27 11:04:00,2014-10-27 13:00:00,2014-10-27 14:21:00,1,0,1.0,197,SUCCESS,,
Washing_Machine_2014-10-27_03,Washing Machine,2014-10-27 11:20:00,2014-10-27 12:37:00,2014-10-27 13:00:00,2014-10-27 14:17:00,1,0,1.0,100,SUCCESS,,
Washing_Machine_2014-10-31_01,Washing Machine,2014-10-31 08:48:00,2014-10-31 10:05:00,2014-10-31 13:00:00,2014-10-31 14:17:00,1,0,1.0,252,SUCCESS,,
Washing_Machine_2014-11-03_01,Washing Machine,2014-11-03 08:26:00,2014-11-03 09:43:00,2014-11-03 13:00:00,2014-11-03 14:17:00,1,0,1.0,274,SUCCESS,,
Washing_Machine_2014-11-03_02,Washing Machine,2014-11-03 10:29:00,2014-11-03 11:38:00,2014-11-03 13:00:00,2014-11-03 14:09:00,1,0,1.0,151,SUCCESS,,
Washing_Machine_2014-11-03_03,Washing Machine,2014-11-03 11:46:00,2014-11-03 13:05:00,2014-11-03 13:00:00,2014-11-03 14:19:00,1,0,1.0,74,SUCCESS,,
Washing_Machine_2014-11-07_01,Washing Machine,2014-11-07 08:32:00,2014-11-07 10:08:00,2014-11-07 13:00:00,2014-11-07 14:36:00,1,0,1.0,268,SUCCESS,,
Washing_Machine_2014-11-13_01,Washing Machine,2014-11-13 08:26:00,2014-11-13 09:43:00,2014-11-13 13:00:00,2014-11-13 14:17:00,1,0,1.0,274,SUCCESS,,
Washing_Machine_2014-11-14_01,Washing Machine,2014-11-14 08:47:00,2014-11-14 10:18:00,2014-11-14 13:00:00,2014-11-14 14:31:00,1,0,1.0,253,SUCCESS,,
Washing_Machine_2014-11-17_01,Washing Machine,2014-11-17 09:00:00,2014-11-17 10:17:00,2014-11-17 13:00:00,2014-11-17 14:17:00,1,0,1.0,240,SUCCESS,,
Washing_Machine_2014-11-20_01,Washing Machine,2014-11-20 11:16:00,2014-11-20 12:29:00,2014-11-20 13:00:00,2014-11-20 14:13:00,1,0,1.0,104,SUCCESS,,
Washing_Machine_2014-11-24_01,Washing Machine,2014-11-24 08:02:00,2014-11-24 09:36:00,2014-11-24 13:00:00,2014-11-24 14:34:00,1,0,1.0,298,SUCCESS,,
Washing_Machine_2014-11-24_02,Washing Machine,2014-11-24 09:44:00,2014-11-24 11:19:00,2014-11-24 13:00:00,2014-11-24 14:35:00,1,0,1.0,196,SUCCESS,,
Washing_Machine_2014-11-28_01,Washing Machine,2014-11-28 08:20:00,2014-11-28 09:38:00,2014-11-28 13:00:00,2014-11-28 14:18:00,1,0,1.0,280,SUCCESS,,
Washing_Machine_2014-12-03_02,Washing Machine,2014-12-03 15:10:00,2014-12-03 16:23:00,2014-12-03 15:15:00,2014-12-03 16:28:00,0,0,0.1,5,SUCCESS,,
Washing_Machine_2014-12-05_01,Washing Machine,2014-12-05 11:04:00,2014-12-05 13:06:00,2014-12-05 13:00:00,2014-12-05 15:02:00,1,0,1.0,116,SUCCESS,,
Washing_Machine_2014-12-08_01,Washing Machine,2014-12-08 07:55:00,2014-12-08 09:24:00,2014-12-08 13:00:00,2014-12-08 14:29:00,1,0,1.0,305,SUCCESS,,
Washing_Machine_2014-12-08_02,Washing Machine,2014-12-08 09:30:00,2014-12-08 10:51:00,2014-12-08 13:00:00,2014-12-08 14:21:00,1,0,1.0,210,SUCCESS,,
Washing_Machine_2014-12-09_01,Washing Machine,2014-12-09 08:57:00,2014-12-09 10:09:00,2014-12-09 13:00:00,2014-12-09 14:12:00,1,0,1.0,243,SUCCESS,,
Washing_Machine_2014-12-12_01,Washing Machine,2014-12-12 08:22:00,2014-12-12 09:54:00,2014-12-12 13:00:00,2014-12-12 14:32:00,1,0,1.0,278,SUCCESS,,
Washing_Machine_2014-12-15_01,Washing Machine,2014-12-15 08:27:00,2014-12-15 09:46:00,2014-12-15 13:00:00,2014-12-15 14:19:00,1,0,1.0,273,SUCCESS,,
Washing_Machine_2014-12-19_01,Washing Machine,2014-12-19 10:37:00,2014-12-19 11:22:00,2014-12-19 13:00:00,2014-12-19 13:45:00,1,0,1.0,143,SUCCESS,,
Washing_Machine_2014-12-20_01,Washing Machine,2014-12-20 09:10:00,2014-12-20 10:41:00,2014-12-20 13:00:00,2014-12-20 14:31:00,1,0,1.0,230,SUCCESS,,
Washing_Machine_2014-12-22_01,Washing Machine,2014-12-22 08:35:00,2014-12-22 10:05:00,2014-12-22 13:00:00,2014-12-22 14:30:00,1,0,1.0,265,SUCCESS,,
Washing_Machine_2014-12-26_01,Washing Machine,2014-12-26 11:07:00,2014-12-26 12:27:00,2014-12-26 13:00:00,2014-12-26 14:20:00,1,0,1.0,113,SUCCESS,,
Washing_Machine_2014-12-28_01,Washing Machine,2014-12-28 16:57:00,2014-12-28 18:38:00,2014-12-28 20:00:00,2014-12-28 21:41:00,1,0,1.0,183,SUCCESS,,
Washing_Machine_2014-12-28_02,Washing Machine,2014-12-28 18:55:00,2014-12-28 20:41:00,2014-12-28 20:00:00,2014-12-28 21:46:00,1,0,1.0,65,SUCCESS,,
Washing_Machine_2014-12-29_01,Washing Machine,2014-12-29 09:54:00,2014-12-29 11:17:00,2014-12-29 13:00:00,2014-12-29 14:23:00,1,0,1.0,186,SUCCESS,,
Washing_Machine_2015-01-02_01,Washing Machine,2015-01-02 18:19:00,2015-01-02 19:31:00,2015-01-02 20:00:00,2015-01-02 21:12:00,1,0,1.0,101,SUCCESS,,
Washing_Machine_2015-01-03_01,Washing Machine,2015-01-03 08:51:00,2015-01-03 10:03:00,2015-01-03 13:00:00,2015-01-03 14:12:00,1,0,1.0,249,SUCCESS,,
Washing_Machine_2015-01-03_02,Washing Machine,2015-01-03 10:19:00,2015-01-03 11:37:00,2015-01-03 13:00:00,2015-01-03 14:18:00,1,0,1.0,161,SUCCESS,,
Washing_Machine_2015-01-05_01,Washing Machine,2015-01-05 08:58:00,2015-01-05 10:11:00,2015-01-05 13:00:00,2015-01-05 14:13:00,1,0,1.0,242,SUCCESS,,
Washing_Machine_2015-01-05_02,Washing Machine,2015-01-05 15:29:00,2015-01-05 17:19:00,2015-01-05 15:34:00,2015-01-05 17:24:00,1,0,1.0,5,SUCCESS,,
Washing_Machine_2015-01-06_01,Washing Machine,2015-01-06 08:00:00,2015-01-06 09:07:00,2015-01-06 13:00:00,2015-01-06 14:07:00,1,0,1.0,300,SUCCESS,,
Washing_Machine_2015-01-06_02,Washing Machine,2015-01-06 09:22:00,2015-01-06 11:02:00,2015-01-06 13:00:00,2015-01-06 14:40:00,1,0,1.0,218,SUCCESS,,
Washing_Machine_2015-01-09_01,Washing Machine,2015-01-09 08:53:00,2015-01-09 11:08:00,2015-01-09 13:00:00,2015-01-09 15:15:00,1,0,1.0,247,SUCCESS,,
Washing_Machine_2015-01-10_01,Washing Machine,2015-01-10 11:13:00,2015-01-10 12:48:00,2015-01-10 13:00:00,2015-01-10 14:35:00,1,0,1.0,107,SUCCESS,,
Washing_Machine_2015-01-12_01,Washing Machine,2015-01-12 08:20:00,2015-01-12 09:51:00,2015-01-12 13:00:00,2015-01-12 14:31:00,1,0,1.0,280,SUCCESS,,
Washing_Machine_2015-01-12_02,Washing Machine,2015-01-12 14:00:00,2015-01-12 16:27:00,2015-01-12 14:05:00,2015-01-12 16:32:00,0,0,0.1,5,SUCCESS,,
Washing_Machine_2015-01-17_01,Washing Machine,2015-01-17 12:43:00,2015-01-17 14:41:00,2015-01-17 13:00:00,2015-01-17 14:58:00,0,0,0.1,17,SUCCESS,,
Washing_Machine_2015-01-19_01,Washing Machine,2015-01-19 08:29:00,2015-01-19 10:07:00,2015-01-19 13:00:00,2015-01-19 14:38:00,1,0,1.0,271,SUCCESS,,
Washing_Machine_2015-01-19_02,Washing Machine,2015-01-19 12:20:00,2015-01-19 13:31:00,2015-01-19 13:00:00,2015-01-19 14:11:00,1,0,1.0,40,SUCCESS,,
Washing_Machine_2015-01-23_01,Washing Machine,2015-01-23 08:08:00,2015-01-23 09:40:00,2015-01-23 13:00:00,2015-01-23 14:32:00,1,0,1.0,292,SUCCESS,,
Washing_Machine_2015-01-24_01,Washing Machine,2015-01-24 19:57:00,2015-01-24 21:31:00,2015-01-24 20:02:00,2015-01-24 21:36:00,0,0,0.1,5,SUCCESS,,
Washing_Machine_2015-01-25_01,Washing Machine,2015-01-25 10:04:00,2015-01-25 11:39:00,2015-01-25 13:00:00,2015-01-25 14:35:00,1,0,1.0,176,SUCCESS,,
Washing_Machine_2015-01-30_01,Washing Machine,2015-01-30 08:53:00,2015-01-30 10:26:00,2015-01-30 13:00:00,2015-01-30 14:33:00,1,0,1.0,247,SUCCESS,,
Washing_Machine_2015-02-02_01,Washing Machine,2015-02-02 08:21:00,2015-02-02 09:53:00,2015-02-02 13:00:00,2015-02-02 14:32:00,1,0,1.0,279,SUCCESS,,
Washing_Machine_2015-02-02_02,Washing Machine,2015-02-02 09:58:00,2015-02-02 11:28:00,2015-02-02 13:00:00,2015-02-02 14:30:00,1,0,1.0,182,SUCCESS,,
Washing_Machine_2015-02-05_01,Washing Machine,2015-02-05 08:13:00,2015-02-05 09:28:00,2015-02-05 13:00:00,2015-02-05 14:15:00,1,0,1.0,287,SUCCESS,,
Washing_Machine_2015-02-06_01,Washing Machine,2015-02-06 08:40:00,2015-02-06 10:17:00,2015-02-06 13:00:00,2015-02-06 14:37:00,1,0,1.0,260,SUCCESS,,
Washing_Machine_2015-02-09_01,Washing Machine,2015-02-09 08:30:00,2015-02-09 09:46:00,2015-02-09 13:00:00,2015-02-09 14:16:00,1,0,1.0,270,SUCCESS,,
Washing_Machine_2015-02-12_01,Washing Machine,2015-02-12 08:44:00,2015-02-12 11:16:00,2015-02-12 13:00:00,2015-02-12 15:32:00,1,0,1.0,256,SUCCESS,,
Washing_Machine_2015-02-13_01,Washing Machine,2015-02-13 08:16:00,2015-02-13 09:25:00,2015-02-13 13:00:00,2015-02-13 14:09:00,1,0,1.0,284,SUCCESS,,
Washing_Machine_2015-02-22_01,Washing Machine,2015-02-22 17:44:00,2015-02-22 18:59:00,2015-02-22 20:00:00,2015-02-22 21:15:00,1,0,1.0,136,SUCCESS,,
Washing_Machine_2015-02-23_01,Washing Machine,2015-02-23 08:33:00,2015-02-23 10:11:00,2015-02-23 13:00:00,2015-02-23 14:38:00,1,0,1.0,267,SUCCESS,,
Washing_Machine_2015-02-23_02,Washing Machine,2015-02-23 10:32:00,2015-02-23 12:05:00,2015-02-23 13:00:00,2015-02-23 14:33:00,1,0,1.0,148,SUCCESS,,
Washing_Machine_2015-02-23_03,Washing Machine,2015-02-23 12:12:00,2015-02-23 13:30:00,2015-02-23 13:00:00,2015-02-23 14:18:00,1,0,1.0,48,SUCCESS,,
Washing_Machine_2015-03-15_01,Washing Machine,2015-03-15 17:12:00,2015-03-15 18:45:00,2015-03-15 20:00:00,2015-03-15 21:33:00,1,0,1.0,168,SUCCESS,,
Washing_Machine_2015-03-16_01,Washing Machine,2015-03-16 09:31:00,2015-03-16 10:37:00,2015-03-16 13:00:00,2015-03-16 14:06:00,1,0,1.0,209,SUCCESS,,
Washing_Machine_2015-03-17_01,Washing Machine,2015-03-17 14:40:00,2015-03-17 16:08:00,2015-03-17 14:45:00,2015-03-17 16:13:00,0,0,0.1,5,SUCCESS,,
Washing_Machine_2015-03-20_01,Washing Machine,2015-03-20 08:21:00,2015-03-20 10:09:00,2015-03-20 13:00:00,2015-03-20 14:48:00,1,0,1.0,279,SUCCESS,,
Washing_Machine_2015-03-27_01,Washing Machine,2015-03-27 08:31:00,2015-03-27 09:39:00,2015-03-27 13:00:00,2015-03-27 14:08:00,1,0,1.0,269,SUCCESS,,
Washing_Machine_2015-04-02_01,Washing Machine,2015-04-02 11:14:00,2015-04-02 12:45:00,2015-04-02 13:00:00,2015-04-02 14:31:00,1,0,1.0,106,SUCCESS,,
Washing_Machine_2015-04-10_01,Washing Machine,2015-04-10 08:26:00,2015-04-10 09:38:00,2015-04-10 13:00:00,2015-04-10 14:12:00,1,0,1.0,274,SUCCESS,,
Washing_Machine_2015-04-13_01,Washing Machine,2015-04-13 08:41:00,2015-04-13 10:12:00,2015-04-13 13:00:00,2015-04-13 14:31:00,1,0,1.0,259,SUCCESS,,
Washing_Machine_2015-04-17_01,Washing Machine,2015-04-17 08:35:00,2015-04-17 09:48:00,2015-04-17 13:00:00,2015-04-17 14:13:00,1,0,1.0,265,SUCCESS,,
Washing_Machine_2015-04-20_03,Washing Machine,2015-04-20 08:07:00,2015-04-20 09:24:00,2015-04-20 13:00:00,2015-04-20 14:17:00,1,0,1.0,293,SUCCESS,,
Washing_Machine_2015-04-22_01,Washing Machine,2015-04-22 15:10:00,2015-04-22 16:40:00,2015-04-22 15:15:00,2015-04-22 16:45:00,0,0,0.1,5,SUCCESS,,
Washing_Machine_2015-04-24_01,Washing Machine,2015-04-24 11:46:00,2015-04-24 13:39:00,2015-04-24 13:00:00,2015-04-24 14:53:00,1,0,1.0,74,SUCCESS,,
Washing_Machine_2015-04-25_01,Washing Machine,2015-04-25 18:00:00,2015-04-25 19:07:00,2015-04-25 20:00:00,2015-04-25 21:07:00,1,0,1.0,120,SUCCESS,,
Washing_Machine_2015-04-27_01,Washing Machine,2015-04-27 07:17:00,2015-04-27 08:51:00,2015-04-27 13:00:00,2015-04-27 14:34:00,1,0,1.0,343,SUCCESS,,
Washing_Machine_2015-04-27_02,Washing Machine,2015-04-27 08:59:00,2015-04-27 10:14:00,2015-04-27 13:00:00,2015-04-27 14:15:00,1,0,1.0,241,SUCCESS,,
Washing_Machine_2015-04-28_01,Washing Machine,2015-04-28 09:26:00,2015-04-28 11:04:00,2015-04-28 13:00:00,2015-04-28 14:38:00,1,0,1.0,214,SUCCESS,,
Washing_Machine_2015-05-01_01,Washing Machine,2015-05-01 08:40:00,2015-05-01 09:57:00,2015-05-01 13:00:00,2015-05-01 14:17:00,1,0,1.0,260,SUCCESS,,
Washing_Machine_2015-05-04_01,Washing Machine,2015-05-04 08:45:00,2015-05-04 10:01:00,2015-05-04 13:00:00,2015-05-04 14:16:00,1,0,1.0,255,SUCCESS,,
Washing_Machine_2015-05-08_01,Washing Machine,2015-05-08 08:41:00,2015-05-08 09:58:00,2015-05-08 13:00:00,2015-05-08 14:17:00,1,0,1.0,259,SUCCESS,,
Washing_Machine_2015-05-22_01,Washing Machine,2015-05-22 08:24:00,2015-05-22 10:00:00,2015-05-22 13:00:00,2015-05-22 14:36:00,1,0,1.0,276,SUCCESS,,
Washing_Machine_2015-05-25_01,Washing Machine,2015-05-25 08:12:00,2015-05-25 09:26:00,2015-05-25 13:00:00,2015-05-25 14:14:00,1,0,1.0,288,SUCCESS,,
Washing_Machine_2015-05-27_01,Washing Machine,2015-05-27 08:05:00,2015-05-27 09:16:00,2015-05-27 13:00:00,2015-05-27 14:11:00,1,0,1.0,295,SUCCESS,,
Washing_Machine_2015-05-27_02,Washing Machine,2015-05-27 09:21:00,2015-05-27 11:02:00,2015-05-27 13:00:00,2015-05-27 14:41:00,1,0,1.0,219,SUCCESS,,
Washing_Machine_2015-05-29_01,Washing Machine,2015-05-29 14:44:00,2015-05-29 16:19:00,2015-05-29 14:49:00,2015-05-29 16:24:00,0,0,0.1,5,SUCCESS,,
Washing_Machine_2015-06-01_01,Washing Machine,2015-06-01 08:29:00,2015-06-01 09:51:00,2015-06-01 13:00:00,2015-06-01 14:22:00,1,0,1.0,271,SUCCESS,,
Washing_Machine_2015-06-03_01,Washing Machine,2015-06-03 14:34:00,2015-06-03 17:27:00,2015-06-03 14:39:00,2015-06-03 17:32:00,1,0,1.0,5,SUCCESS,,
Washing_Machine_2015-06-03_02,Washing Machine,2015-06-03 18:27:00,2015-06-03 20:06:00,2015-06-03 20:00:00,2015-06-03 21:39:00,1,0,1.0,93,SUCCESS,,
Washing_Machine_2015-06-05_01,Washing Machine,2015-06-05 08:26:00,2015-06-05 09:42:00,2015-06-05 13:00:00,2015-06-05 14:16:00,1,0,1.0,274,SUCCESS,,
Washing_Machine_2015-06-05_02,Washing Machine,2015-06-05 14:55:00,2015-06-05 16:43:00,2015-06-05 15:00:00,2015-06-05 16:48:00,0,0,0.1,5,SUCCESS,,
Washing_Machine_2015-06-08_01,Washing Machine,2015-06-08 08:17:00,2015-06-08 09:35:00,2015-06-08 13:00:00,2015-06-08 14:18:00,1,0,1.0,283,SUCCESS,,
Washing_Machine_2015-06-08_02,Washing Machine,2015-06-08 09:57:00,2015-06-08 11:03:00,2015-06-08 13:00:00,2015-06-08 14:06:00,1,0,1.0,183,SUCCESS,,
Washing_Machine_2015-06-08_03,Washing Machine,2015-06-08 11:54:00,2015-06-08 13:35:00,2015-06-08 13:00:00,2015-06-08 14:41:00,1,0,1.0,66,SUCCESS,,
Washing_Machine_2015-06-18_01,Washing Machine,2015-06-18 07:17:00,2015-06-18 08:27:00,2015-06-18 13:00:00,2015-06-18 14:10:00,1,0,1.0,343,SUCCESS,,
Washing_Machine_2015-06-19_01,Washing Machine,2015-06-19 08:43:00,2015-06-19 10:01:00,2015-06-19 13:00:00,2015-06-19 14:18:00,1,0,1.0,257,SUCCESS,,
Washing_Machine_2015-06-22_01,Washing Machine,2015-06-22 08:29:00,2015-06-22 10:00:00,2015-06-22 13:00:00,2015-06-22 14:31:00,1,0,1.0,271,SUCCESS,,
Dishwasher_2014-03-22_02,Dishwasher,2014-03-22 19:53:00,2014-03-22 20:31:00,2014-03-22 20:00:00,2014-03-22 20:38:00,0,0,0.1,7,SUCCESS,,
Dishwasher_2014-03-25_01,Dishwasher,2014-03-25 07:44:00,2014-03-25 08:54:00,2014-03-25 13:00:00,2014-03-25 14:10:00,1,0,1.0,316,SUCCESS,,
Dishwasher_2014-03-29_01,Dishwasher,2014-03-29 07:17:00,2014-03-29 08:27:00,2014-03-29 13:00:00,2014-03-29 14:10:00,1,0,1.0,343,SUCCESS,,
Dishwasher_2014-03-31_01,Dishwasher,2014-03-31 18:03:00,2014-03-31 18:42:00,2014-03-31 20:00:00,2014-03-31 20:39:00,1,0,1.0,117,SUCCESS,,
Dishwasher_2014-03-31_02,Dishwasher,2014-03-31 18:43:00,2014-03-31 19:15:00,2014-03-31 20:00:00,2014-03-31 20:32:00,1,0,1.0,77,SUCCESS,,
Dishwasher_2014-04-03_01,Dishwasher,2014-04-03 19:12:00,2014-04-03 20:22:00,2014-04-03 20:00:00,2014-04-03 21:10:00,1,0,1.0,48,SUCCESS,,
Dishwasher_2014-04-08_01,Dishwasher,2014-04-08 12:32:00,2014-04-08 13:41:00,2014-04-08 13:00:00,2014-04-08 14:09:00,0,0,0.1,28,SUCCESS,,
Dishwasher_2014-04-11_01,Dishwasher,2014-04-11 06:43:00,2014-04-11 07:50:00,2014-04-11 13:00:00,2014-04-11 14:07:00,1,0,1.0,377,SUCCESS,,
Dishwasher_2014-04-14_01,Dishwasher,2014-04-14 05:54:00,2014-04-14 07:06:00,2014-04-14 13:00:00,2014-04-14 14:12:00,1,0,1.0,426,SUCCESS,,
Dishwasher_2014-04-16_01,Dishwasher,2014-04-16 18:53:00,2014-04-16 20:03:00,2014-04-16 20:00:00,2014-04-16 21:10:00,1,0,1.0,67,SUCCESS,,
Dishwasher_2014-04-19_01,Dishwasher,2014-04-19 19:07:00,2014-04-19 20:13:00,2014-04-19 20:00:00,2014-04-19 21:06:00,1,0,1.0,53,SUCCESS,,
Dishwasher_2014-04-22_01,Dishwasher,2014-04-22 07:01:00,2014-04-22 08:10:00,2014-04-22 13:00:00,2014-04-22 14:09:00,1,0,1.0,359,SUCCESS,,
Dishwasher_2014-04-25_01,Dishwasher,2014-04-25 06:42:00,2014-04-25 07:55:00,2014-04-25 13:00:00,2014-04-25 14:13:00,1,0,1.0,378,SUCCESS,,
Dishwasher_2014-04-28_01,Dishwasher,2014-04-28 06:41:00,2014-04-28 07:51:00,2014-04-28 13:00:00,2014-04-28 14:10:00,1,0,1.0,379,SUCCESS,,
Dishwasher_2014-04-30_01,Dishwasher,2014-04-30 18:04:00,2014-04-30 19:10:00,2014-04-30 20:00:00,2014-04-30 21:06:00,1,0,1.0,116,SUCCESS,,
Dishwasher_2014-05-01_01,Dishwasher,2014-05-01 06:11:00,2014-05-01 07:48:00,2014-05-01 13:00:00,2014-05-01 14:37:00,1,0,1.0,409,SUCCESS,,
Dishwasher_2014-05-29_01,Dishwasher,2014-05-29 18:24:00,2014-05-29 19:34:00,2014-05-29 20:00:00,2014-05-29 21:10:00,1,0,1.0,96,SUCCESS,,
Dishwasher_2014-06-01_01,Dishwasher,2014-06-01 18:51:00,2014-06-01 19:56:00,2014-06-01 20:00:00,2014-06-01 21:05:00,1,0,1.0,69,SUCCESS,,
Dishwasher_2014-06-04_01,Dishwasher,2014-06-04 11:58:00,2014-06-04 13:03:00,2014-06-04 13:00:00,2014-06-04 14:05:00,1,0,1.0,62,SUCCESS,,
Dishwasher_2014-06-06_01,Dishwasher,2014-06-06 18:57:00,2014-06-06 20:02:00,2014-06-06 20:00:00,2014-06-06 21:05:00,1,0,1.0,63,SUCCESS,,
Dishwasher_2014-06-08_01,Dishwasher,2014-06-08 18:25:00,2014-06-08 19:34:00,2014-06-08 20:00:00,2014-06-08 21:09:00,1,0,1.0,95,SUCCESS,,
Dishwasher_2014-06-11_01,Dishwasher,2014-06-11 06:37:00,2014-06-11 08:29:00,2014-06-11 13:00:00,2014-06-11 14:52:00,1,0,1.0,383,SUCCESS,,
Dishwasher_2014-06-13_01,Dishwasher,2014-06-13 18:57:00,2014-06-13 20:17:00,2014-06-13 20:00:00,2014-06-13 21:20:00,1,0,1.0,63,SUCCESS,,
Dishwasher_2014-06-16_01,Dishwasher,2014-06-16 06:43:00,2014-06-16 07:54:00,2014-06-16 13:00:00,2014-06-16 14:11:00,1,0,1.0,377,SUCCESS,,
Dishwasher_2014-06-18_01,Dishwasher,2014-06-18 06:49:00,2014-06-18 07:55:00,2014-06-18 13:00:00,2014-06-18 14:06:00,1,0,1.0,371,SUCCESS,,
Dishwasher_2014-06-20_01,Dishwasher,2014-06-20 06:21:00,2014-06-20 07:25:00,2014-06-20 13:00:00,2014-06-20 14:04:00,1,0,1.0,399,SUCCESS,,
Dishwasher_2014-06-20_02,Dishwasher,2014-06-20 07:26:00,2014-06-20 07:43:00,2014-06-20 13:00:00,2014-06-20 13:17:00,1,0,1.0,334,SUCCESS,,
Dishwasher_2014-06-22_01,Dishwasher,2014-06-22 18:51:00,2014-06-22 19:56:00,2014-06-22 20:00:00,2014-06-22 21:05:00,1,0,1.0,69,SUCCESS,,
Dishwasher_2014-06-26_01,Dishwasher,2014-06-26 12:45:00,2014-06-26 13:54:00,2014-06-26 13:00:00,2014-06-26 14:09:00,0,0,0.1,15,SUCCESS,,
Dishwasher_2014-06-29_01,Dishwasher,2014-06-29 18:37:00,2014-06-29 19:24:00,2014-06-29 20:00:00,2014-06-29 20:47:00,1,0,1.0,83,SUCCESS,,
Dishwasher_2014-06-29_02,Dishwasher,2014-06-29 19:25:00,2014-06-29 19:42:00,2014-06-29 20:00:00,2014-06-29 20:17:00,1,0,1.0,35,SUCCESS,,
Dishwasher_2014-07-02_01,Dishwasher,2014-07-02 18:34:00,2014-07-02 19:39:00,2014-07-02 20:00:00,2014-07-02 21:05:00,1,0,1.0,86,SUCCESS,,
Dishwasher_2014-07-05_01,Dishwasher,2014-07-05 06:57:00,2014-07-05 07:44:00,2014-07-05 13:00:00,2014-07-05 13:47:00,1,0,1.0,363,SUCCESS,,
Dishwasher_2014-07-05_02,Dishwasher,2014-07-05 07:45:00,2014-07-05 08:01:00,2014-07-05 13:00:00,2014-07-05 13:16:00,1,0,1.0,315,SUCCESS,,
Dishwasher_2014-07-08_01,Dishwasher,2014-07-08 06:43:00,2014-07-08 07:53:00,2014-07-08 13:00:00,2014-07-08 14:10:00,1,0,1.0,377,SUCCESS,,
Dishwasher_2014-07-16_01,Dishwasher,2014-07-16 06:46:00,2014-07-16 07:51:00,2014-07-16 13:00:00,2014-07-16 14:05:00,1,0,1.0,374,SUCCESS,,
Dishwasher_2014-07-19_01,Dishwasher,2014-07-19 07:26:00,2014-07-19 08:14:00,2014-07-19 13:00:00,2014-07-19 13:48:00,1,0,1.0,334,SUCCESS,,
Dishwasher_2014-07-19_02,Dishwasher,2014-07-19 08:15:00,2014-07-19 08:31:00,2014-07-19 13:00:00,2014-07-19 13:16:00,1,0,1.0,285,SUCCESS,,
Dishwasher_2014-07-22_01,Dishwasher,2014-07-22 06:54:00,2014-07-22 07:59:00,2014-07-22 13:00:00,2014-07-22 14:05:00,1,0,1.0,366,SUCCESS,,
Dishwasher_2014-07-26_01,Dishwasher,2014-07-26 07:17:00,2014-07-26 08:28:00,2014-07-26 13:00:00,2014-07-26 14:11:00,1,0,1.0,343,SUCCESS,,
Dishwasher_2014-07-29_01,Dishwasher,2014-07-29 05:42:00,2014-07-29 06:46:00,2014-07-29 13:00:00,2014-07-29 14:04:00,1,0,1.0,438,SUCCESS,,
Dishwasher_2014-08-01_01,Dishwasher,2014-08-01 06:43:00,2014-08-01 07:20:00,2014-08-01 13:00:00,2014-08-01 13:37:00,1,0,1.0,377,SUCCESS,,
Dishwasher_2014-08-01_02,Dishwasher,2014-08-01 07:21:00,2014-08-01 07:47:00,2014-08-01 13:00:00,2014-08-01 13:26:00,1,0,1.0,339,SUCCESS,,
Dishwasher_2014-08-03_01,Dishwasher,2014-08-03 18:32:00,2014-08-03 19:38:00,2014-08-03 20:00:00,2014-08-03 21:06:00,1,0,1.0,88,SUCCESS,,
Dishwasher_2014-08-06_01,Dishwasher,2014-08-06 06:44:00,2014-08-06 07:52:00,2014-08-06 13:00:00,2014-08-06 14:08:00,1,0,1.0,376,SUCCESS,,
Dishwasher_2014-08-09_01,Dishwasher,2014-08-09 07:19:00,2014-08-09 08:23:00,2014-08-09 13:00:00,2014-08-09 14:04:00,1,0,1.0,341,SUCCESS,,
Dishwasher_2014-08-11_01,Dishwasher,2014-08-11 19:45:00,2014-08-11 20:49:00,2014-08-11 20:00:00,2014-08-11 21:04:00,0,0,0.1,15,SUCCESS,,
Dishwasher_2014-08-14_01,Dishwasher,2014-08-14 17:24:00,2014-08-14 18:29:00,2014-08-14 20:00:00,2014-08-14 21:05:00,1,0,1.0,156,SUCCESS,,
Dishwasher_2014-08-17_01,Dishwasher,2014-08-17 18:25:00,2014-08-17 19:34:00,2014-08-17 20:00:00,2014-08-17 21:09:00,1,0,1.0,95,SUCCESS,,
Dishwasher_2014-08-20_01,Dishwasher,2014-08-20 06:39:00,2014-08-20 07:19:00,2014-08-20 13:00:00,2014-08-20 13:40:00,1,0,1.0,381,SUCCESS,,
Dishwasher_2014-08-20_02,Dishwasher,2014-08-20 07:20:00,2014-08-20 07:46:00,2014-08-20 13:00:00,2014-08-20 13:26:00,1,0,1.0,340,SUCCESS,,
Dishwasher_2014-08-22_01,Dishwasher,2014-08-22 18:23:00,2014-08-22 19:28:00,2014-08-22 20:00:00,2014-08-22 21:05:00,1,0,1.0,97,SUCCESS,,
Dishwasher_2014-08-25_01,Dishwasher,2014-08-25 07:12:00,2014-08-25 08:18:00,2014-08-25 13:00:00,2014-08-25 14:06:00,1,0,1.0,348,SUCCESS,,
Dishwasher_2014-08-27_01,Dishwasher,2014-08-27 07:13:00,2014-08-27 08:23:00,2014-08-27 13:00:00,2014-08-27 14:10:00,1,0,1.0,347,SUCCESS,,
Dishwasher_2014-09-04_01,Dishwasher,2014-09-04 12:15:00,2014-09-04 13:20:00,2014-09-04 13:00:00,2014-09-04 14:05:00,1,0,1.0,45,SUCCESS,,
Dishwasher_2014-09-06_01,Dishwasher,2014-09-06 07:16:00,2014-09-06 08:21:00,2014-09-06 13:00:00,2014-09-06 14:05:00,1,0,1.0,344,SUCCESS,,
Dishwasher_2014-09-07_01,Dishwasher,2014-09-07 21:37:00,2014-09-07 22:41:00,2014-09-07 21:42:00,2014-09-07 22:46:00,1,0,1.0,5,SUCCESS,,
Dishwasher_2014-09-09_01,Dishwasher,2014-09-09 19:47:00,2014-09-09 20:56:00,2014-09-09 20:00:00,2014-09-09 21:09:00,0,0,0.1,13,SUCCESS,,
Dishwasher_2014-09-12_01,Dishwasher,2014-09-12 06:39:00,2014-09-12 07:44:00,2014-09-12 13:00:00,2014-09-12 14:05:00,1,0,1.0,381,SUCCESS,,
Dishwasher_2014-09-13_01,Dishwasher,2014-09-13 18:52:00,2014-09-13 19:39:00,2014-09-13 20:00:00,2014-09-13 20:47:00,1,0,1.0,68,SUCCESS,,
Dishwasher_2014-09-13_02,Dishwasher,2014-09-13 19:40:00,2014-09-13 19:56:00,2014-09-13 20:00:00,2014-09-13 20:16:00,1,0,1.0,20,SUCCESS,,
Dishwasher_2014-09-15_01,Dishwasher,2014-09-15 06:44:00,2014-09-15 07:48:00,2014-09-15 13:00:00,2014-09-15 14:04:00,1,0,1.0,376,SUCCESS,,
Dishwasher_2014-09-17_01,Dishwasher,2014-09-17 12:39:00,2014-09-17 13:31:00,2014-09-17 13:00:00,2014-09-17 13:52:00,0,0,0.1,21,SUCCESS,,
Dishwasher_2014-09-20_01,Dishwasher,2014-09-20 06:59:00,2014-09-20 08:03:00,2014-09-20 13:00:00,2014-09-20 14:04:00,1,0,1.0,361,SUCCESS,,
Dishwasher_2014-09-23_01,Dishwasher,2014-09-23 18:51:00,2014-09-23 19:56:00,2014-09-23 20:00:00,2014-09-23 21:05:00,1,0,1.0,69,SUCCESS,,
Dishwasher_2014-09-26_01,Dishwasher,2014-09-26 17:55:00,2014-09-26 18:59:00,2014-09-26 20:00:00,2014-09-26 21:04:00,1,0,1.0,125,SUCCESS,,
Dishwasher_2014-09-29_01,Dishwasher,2014-09-29 06:45:00,2014-09-29 07:53:00,2014-09-29 13:00:00,2014-09-29 14:08:00,1,0,1.0,375,SUCCESS,,
Dishwasher_2014-10-01_01,Dishwasher,2014-10-01 19:39:00,2014-10-01 20:43:00,2014-10-01 20:00:00,2014-10-01 21:04:00,0,0,0.1,21,SUCCESS,,
Dishwasher_2014-10-04_01,Dishwasher,2014-10-04 19:47:00,2014-10-04 20:51:00,2014-10-04 20:00:00,2014-10-04 21:04:00,0,0,0.1,13,SUCCESS,,
Dishwasher_2014-10-07_01,Dishwasher,2014-10-07 07:55:00,2014-10-07 08:59:00,2014-10-07 13:00:00,2014-10-07 14:04:00,1,0,1.0,305,SUCCESS,,
Dishwasher_2014-10-09_02,Dishwasher,2014-10-09 19:25:00,2014-10-09 20:34:00,2014-10-09 20:00:00,2014-10-09 21:09:00,1,0,1.0,35,SUCCESS,,
Dishwasher_2014-10-12_01,Dishwasher,2014-10-12 19:37:00,2014-10-12 20:45:00,2014-10-12 20:00:00,2014-10-12 21:08:00,0,0,0.1,23,SUCCESS,,
Dishwasher_2014-10-18_01,Dishwasher,2014-10-18 08:27:00,2014-10-18 09:33:00,2014-10-18 13:00:00,2014-10-18 14:06:00,1,0,1.0,273,SUCCESS,,
Dishwasher_2014-10-20_01,Dishwasher,2014-10-20 19:42:00,2014-10-20 20:51:00,2014-10-20 20:00:00,2014-10-20 21:09:00,0,0,0.1,18,SUCCESS,,
Dishwasher_2014-10-28_01,Dishwasher,2014-10-28 19:27:00,2014-10-28 20:32:00,2014-10-28 20:00:00,2014-10-28 21:05:00,1,0,1.0,33,SUCCESS,,
Dishwasher_2014-10-29_01,Dishwasher,2014-10-29 12:15:00,2014-10-29 13:52:00,2014-10-29 13:00:00,2014-10-29 14:37:00,0,0,0.1,45,SUCCESS,,
Dishwasher_2014-10-31_01,Dishwasher,2014-10-31 18:30:00,2014-10-31 19:35:00,2014-10-31 20:00:00,2014-10-31 21:05:00,1,0,1.0,90,SUCCESS,,
Dishwasher_2014-11-03_01,Dishwasher,2014-11-03 07:49:00,2014-11-03 09:00:00,2014-11-03 13:00:00,2014-11-03 14:11:00,1,0,1.0,311,SUCCESS,,
Dishwasher_2014-11-05_01,Dishwasher,2014-11-05 19:00:00,2014-11-05 20:07:00,2014-11-05 20:00:00,2014-11-05 21:07:00,1,0,1.0,60,SUCCESS,,
Dishwasher_2014-11-08_01,Dishwasher,2014-11-08 08:29:00,2014-11-08 09:35:00,2014-11-08 13:00:00,2014-11-08 14:06:00,1,0,1.0,271,SUCCESS,,
Dishwasher_2014-11-10_01,Dishwasher,2014-11-10 19:29:00,2014-11-10 20:43:00,2014-11-10 20:00:00,2014-11-10 21:14:00,0,0,0.1,31,SUCCESS,,
Dishwasher_2014-11-13_01,Dishwasher,2014-11-13 07:48:00,2014-11-13 08:59:00,2014-11-13 13:00:00,2014-11-13 14:11:00,1,0,1.0,312,SUCCESS,,
Dishwasher_2014-11-15_01,Dishwasher,2014-11-15 19:37:00,2014-11-15 20:43:00,2014-11-15 20:00:00,2014-11-15 21:06:00,0,0,0.1,23,SUCCESS,,
Dishwasher_2014-11-17_01,Dishwasher,2014-11-17 19:33:00,2014-11-17 20:38:00,2014-11-17 20:00:00,2014-11-17 21:05:00,0,0,0.1,27,SUCCESS,,
Dishwasher_2014-11-20_01,Dishwasher,2014-11-20 07:52:00,2014-11-20 08:59:00,2014-11-20 13:00:00,2014-11-20 14:07:00,1,0,1.0,308,SUCCESS,,
Dishwasher_2014-11-22_01,Dishwasher,2014-11-22 19:31:00,2014-11-22 20:41:00,2014-11-22 20:00:00,2014-11-22 21:10:00,0,0,0.1,29,SUCCESS,,
Dishwasher_2014-11-25_01,Dishwasher,2014-11-25 07:40:00,2014-11-25 08:47:00,2014-11-25 13:00:00,2014-11-25 14:07:00,1,0,1.0,320,SUCCESS,,
Dishwasher_2014-11-27_01,Dishwasher,2014-11-27 18:38:00,2014-11-27 19:45:00,2014-11-27 20:00:00,2014-11-27 21:07:00,1,0,1.0,82,SUCCESS,,
Dishwasher_2014-12-03_01,Dishwasher,2014-12-03 07:54:00,2014-12-03 09:04:00,2014-12-03 13:00:00,2014-12-03 14:10:00,1,0,1.0,306,SUCCESS,,
Dishwasher_2014-12-05_04,Dishwasher,2014-12-05 19:49:00,2014-12-05 20:41:00,2014-12-05 20:00:00,2014-12-05 20:52:00,0,0,0.1,11,SUCCESS,,
Dishwasher_2014-12-08_01,Dishwasher,2014-12-08 07:40:00,2014-12-08 08:29:00,2014-12-08 13:00:00,2014-12-08 13:49:00,1,0,1.0,320,SUCCESS,,
Dishwasher_2014-12-08_02,Dishwasher,2014-12-08 08:30:00,2014-12-08 08:47:00,2014-12-08 13:00:00,2014-12-08 13:17:00,1,0,1.0,270,SUCCESS,,
Dishwasher_2014-12-11_01,Dishwasher,2014-12-11 19:28:00,2014-12-11 20:35:00,2014-12-11 20:00:00,2014-12-11 21:07:00,0,0,0.1,32,SUCCESS,,
Dishwasher_2014-12-14_01,Dishwasher,2014-12-14 08:16:00,2014-12-14 09:23:00,2014-12-14 13:00:00,2014-12-14 14:07:00,1,0,1.0,284,SUCCESS,,
Dishwasher_2014-12-16_01,Dishwasher,2014-12-16 17:40:00,2014-12-16 18:51:00,2014-12-16 20:00:00,2014-12-16 21:11:00,1,0,1.0,140,SUCCESS,,
Dishwasher_2014-12-20_01,Dishwasher,2014-12-20 08:36:00,2014-12-20 09:42:00,2014-12-20 13:00:00,2014-12-20 14:06:00,1,0,1.0,264,SUCCESS,,
Dishwasher_2014-12-22_01,Dishwasher,2014-12-22 19:48:00,2014-12-22 20:56:00,2014-12-22 20:00:00,2014-12-22 21:08:00,0,0,0.1,12,SUCCESS,,
Dishwasher_2014-12-24_01,Dishwasher,2014-12-24 19:32:00,2014-12-24 20:44:00,2014-12-24 20:00:00,2014-12-24 21:12:00,0,0,0.1,28,SUCCESS,,
Dishwasher_2014-12-26_01,Dishwasher,2014-12-26 07:23:00,2014-12-26 08:29:00,2014-12-26 13:00:00,2014-12-26 14:06:00,1,0,1.0,337,SUCCESS,,
Dishwasher_2014-12-29_01,Dishwasher,2014-12-29 19:26:00,2014-12-29 20:33:00,2014-12-29 20:00:00,2014-12-29 21:07:00,1,0,1.0,34,SUCCESS,,
Dishwasher_2015-01-01_01,Dishwasher,2015-01-01 08:49:00,2015-01-01 10:04:00,2015-01-01 13:00:00,2015-01-01 14:15:00,1,0,1.0,251,SUCCESS,,
Dishwasher_2015-01-04_01,Dishwasher,2015-01-04 19:38:00,2015-01-04 20:45:00,2015-01-04 20:00:00,2015-01-04 21:07:00,0,0,0.1,22,SUCCESS,,
Dishwasher_2015-01-06_01,Dishwasher,2015-01-06 19:30:00,2015-01-06 20:37:00,2015-01-06 20:00:00,2015-01-06 21:07:00,0,0,0.1,30,SUCCESS,,
Dishwasher_2015-01-09_01,Dishwasher,2015-01-09 07:46:00,2015-01-09 08:58:00,2015-01-09 13:00:00,2015-01-09 14:12:00,1,0,1.0,314,SUCCESS,,
Dishwasher_2015-01-10_01,Dishwasher,2015-01-10 19:23:00,2015-01-10 20:29:00,2015-01-10 20:00:00,2015-01-10 21:06:00,1,0,1.0,37,SUCCESS,,
Dishwasher_2015-01-14_01,Dishwasher,2015-01-14 19:54:00,2015-01-14 21:04:00,2015-01-14 20:00:00,2015-01-14 21:10:00,0,0,0.1,6,SUCCESS,,
Dishwasher_2015-01-16_02,Dishwasher,2015-01-16 19:33:00,2015-01-16 20:45:00,2015-01-16 20:00:00,2015-01-16 21:12:00,0,0,0.1,27,SUCCESS,,
Dishwasher_2015-01-18_01,Dishwasher,2015-01-18 19:39:00,2015-01-18 20:49:00,2015-01-18 20:00:00,2015-01-18 21:10:00,0,0,0.1,21,SUCCESS,,
Dishwasher_2015-01-20_01,Dishwasher,2015-01-20 19:21:00,2015-01-20 20:29:00,2015-01-20 20:00:00,2015-01-20 21:08:00,1,0,1.0,39,SUCCESS,,
Dishwasher_2015-01-25_01,Dishwasher,2015-01-25 19:27:00,2015-01-25 20:38:00,2015-01-25 20:00:00,2015-01-25 21:11:00,0,0,0.1,33,SUCCESS,,
Dishwasher_2015-01-28_01,Dishwasher,2015-01-28 06:43:00,2015-01-28 07:50:00,2015-01-28 13:00:00,2015-01-28 14:07:00,1,0,1.0,377,SUCCESS,,
Dishwasher_2015-01-31_01,Dishwasher,2015-01-31 08:12:00,2015-01-31 09:20:00,2015-01-31 13:00:00,2015-01-31 14:08:00,1,0,1.0,288,SUCCESS,,
Dishwasher_2015-02-02_01,Dishwasher,2015-02-02 19:24:00,2015-02-02 20:30:00,2015-02-02 20:00:00,2015-02-02 21:06:00,1,0,1.0,36,SUCCESS,,
Dishwasher_2015-02-05_01,Dishwasher,2015-02-05 19:59:00,2015-02-05 21:11:00,2015-02-05 20:04:00,2015-02-05 21:16:00,0,0,0.1,5,SUCCESS,,
Dishwasher_2015-02-08_01,Dishwasher,2015-02-08 19:36:00,2015-02-08 20:42:00,2015-02-08 20:00:00,2015-02-08 21:06:00,0,0,0.1,24,SUCCESS,,
Dishwasher_2015-02-11_01,Dishwasher,2015-02-11 19:27:00,2015-02-11 20:34:00,2015-02-11 20:00:00,2015-02-11 21:07:00,0,0,0.1,33,SUCCESS,,
Dishwasher_2015-02-25_01,Dishwasher,2015-02-25 19:55:00,2015-02-25 21:02:00,2015-02-25 20:00:00,2015-02-25 21:07:00,0,0,0.1,5,SUCCESS,,
Dishwasher_2015-03-19_01,Dishwasher,2015-03-19 08:18:00,2015-03-19 09:25:00,2015-03-19 13:00:00,2015-03-19 14:07:00,1,0,1.0,282,SUCCESS,,
Dishwasher_2015-03-20_01,Dishwasher,2015-03-20 19:28:00,2015-03-20 20:35:00,2015-03-20 20:00:00,2015-03-20 21:07:00,0,0,0.1,32,SUCCESS,,
Dishwasher_2015-03-28_01,Dishwasher,2015-03-28 08:14:00,2015-03-28 09:20:00,2015-03-28 13:00:00,2015-03-28 14:06:00,1,0,1.0,286,SUCCESS,,
Dishwasher_2015-04-09_01,Dishwasher,2015-04-09 18:57:00,2015-04-09 20:06:00,2015-04-09 20:00:00,2015-04-09 21:09:00,1,0,1.0,63,SUCCESS,,
Dishwasher_2015-04-12_01,Dishwasher,2015-04-12 19:13:00,2015-04-12 20:24:00,2015-04-12 20:00:00,2015-04-12 21:11:00,1,0,1.0,47,SUCCESS,,
Dishwasher_2015-04-18_01,Dishwasher,2015-04-18 19:40:00,2015-04-18 20:48:00,2015-04-18 20:00:00,2015-04-18 21:08:00,0,0,0.1,20,SUCCESS,,
Dishwasher_2015-04-21_01,Dishwasher,2015-04-21 19:56:00,2015-04-21 21:03:00,2015-04-21 20:01:00,2015-04-21 21:08:00,0,0,0.1,5,SUCCESS,,
Dishwasher_2015-04-24_01,Dishwasher,2015-04-24 19:47:00,2015-04-24 20:59:00,2015-04-24 20:00:00,2015-04-24 21:12:00,0,0,0.1,13,SUCCESS,,
Dishwasher_2015-04-27_01,Dishwasher,2015-04-27 19:32:00,2015-04-27 20:39:00,2015-04-27 20:00:00,2015-04-27 21:07:00,0,0,0.1,28,SUCCESS,,
Dishwasher_2015-04-30_01,Dishwasher,2015-04-30 19:27:00,2015-04-30 20:15:00,2015-04-30 20:00:00,2015-04-30 20:48:00,1,0,1.0,33,SUCCESS,,
Dishwasher_2015-05-04_01,Dishwasher,2015-05-04 08:22:00,2015-05-04 09:30:00,2015-05-04 13:00:00,2015-05-04 14:08:00,1,0,1.0,278,SUCCESS,,
Dishwasher_2015-05-06_01,Dishwasher,2015-05-06 19:36:00,2015-05-06 20:29:00,2015-05-06 20:00:00,2015-05-06 20:53:00,0,0,0.1,24,SUCCESS,,
Dishwasher_2015-05-20_01,Dishwasher,2015-05-20 19:27:00,2015-05-20 20:39:00,2015-05-20 20:00:00,2015-05-20 21:12:00,0,0,0.1,33,SUCCESS,,
Dishwasher_2015-05-23_01,Dishwasher,2015-05-23 19:33:00,2015-05-23 20:42:00,2015-05-23 20:00:00,2015-05-23 21:09:00,0,0,0.1,27,SUCCESS,,
Dishwasher_2015-05-26_01,Dishwasher,2015-05-26 07:56:00,2015-05-26 08:34:00,2015-05-26 13:00:00,2015-05-26 13:38:00,1,0,1.0,304,SUCCESS,,
Dishwasher_2015-05-26_02,Dishwasher,2015-05-26 08:35:00,2015-05-26 09:01:00,2015-05-26 13:00:00,2015-05-26 13:26:00,1,0,1.0,265,SUCCESS,,
Dishwasher_2015-05-28_01,Dishwasher,2015-05-28 19:24:00,2015-05-28 20:32:00,2015-05-28 20:00:00,2015-05-28 21:08:00,1,0,1.0,36,SUCCESS,,
Dishwasher_2015-05-31_01,Dishwasher,2015-05-31 19:55:00,2015-05-31 21:04:00,2015-05-31 20:00:00,2015-05-31 21:09:00,0,0,0.1,5,SUCCESS,,
Dishwasher_2015-06-03_01,Dishwasher,2015-06-03 07:42:00,2015-06-03 09:04:00,2015-06-03 13:00:00,2015-06-03 14:22:00,1,0,1.0,318,SUCCESS,,
Dishwasher_2015-06-07_01,Dishwasher,2015-06-07 07:32:00,2015-06-07 08:36:00,2015-06-07 13:00:00,2015-06-07 14:04:00,1,0,1.0,328,SUCCESS,,
Dishwasher_2015-06-21_01,Dishwasher,2015-06-21 19:51:00,2015-06-21 21:04:00,2015-06-21 20:00:00,2015-06-21 21:13:00,0,0,0.1,9,SUCCESS,,
