event_id,appliance_name,orig_when,orig_season,orig_start_time,orig_end_time,orig_minutes,orig_total_W,orig_total_cost,orig_level_0_minutes,orig_level_0_W,orig_level_0_rate,orig_level_0_cost,orig_level_1_minutes,orig_level_1_W,orig_level_1_rate,orig_level_1_cost,sched_when,sched_season,sched_start_time,sched_end_time,sched_minutes,sched_total_W,sched_total_cost,sched_level_0_minutes,sched_level_0_W,sched_level_0_rate,sched_level_0_cost,sched_level_1_minutes,sched_level_1_W,sched_level_1_rate,sched_level_1_cost
house2_event_10512,Washing Machine,original,,2013-09-20 11:12:00,2013-09-20 11:21:00,6,4427.07,0.022135349999999995,0,0.0,0.15,0.0,6,4427.07,0.3,0.022135349999999995,scheduled,,2013-09-21 06:00:00,2013-09-21 06:09:00,6,4427.07,0.011067674999999997,6,4427.07,0.15,0.011067674999999997,0,0.0,0.3,0.0
house2_event_10513,Washing Machine,original,,2013-09-21 17:30:00,2013-09-21 17:36:00,6,4660.9,0.0233045,0,0.0,0.15,0.0,6,4660.9,0.3,0.0233045,scheduled,,2013-09-22 06:00:00,2013-09-22 06:06:00,6,4660.9,0.01165225,6,4660.9,0.15,0.01165225,0,0.0,0.3,0.0
house2_event_10517,Washing Machine,original,,2013-09-27 16:40:00,2013-09-27 16:45:00,5,4161.06,0.020805300000000002,0,0.0,0.15,0.0,5,4161.06,0.3,0.020805300000000002,scheduled,,2013-09-28 06:00:00,2013-09-28 06:05:00,5,4161.06,0.010402650000000001,5,4161.06,0.15,0.010402650000000001,0,0.0,0.3,0.0
house2_event_10521,Washing Machine,original,,2013-10-01 17:42:00,2013-10-01 17:48:00,6,42.93,0.00021464999999999999,0,0.0,0.15,0.0,6,42.93,0.3,0.00021464999999999999,scheduled,,2013-10-02 06:00:00,2013-10-02 06:06:00,6,42.93,0.00010732499999999999,6,42.93,0.15,0.00010732499999999999,0,0.0,0.3,0.0
house2_event_10540,Washing Machine,original,,2013-10-14 10:57:00,2013-10-14 11:02:00,5,2997.52,0.014987599999999998,0,0.0,0.15,0.0,5,2997.52,0.3,0.014987599999999998,scheduled,,2013-10-15 06:00:00,2013-10-15 06:05:00,5,2997.52,0.007493799999999999,5,2997.52,0.15,0.007493799999999999,0,0.0,0.3,0.0
house2_event_10543,Washing Machine,original,,2013-10-16 10:28:00,2013-10-16 10:34:00,6,2741.04,0.013705199999999999,0,0.0,0.15,0.0,6,2741.04,0.3,0.013705199999999999,scheduled,,2013-10-17 06:00:00,2013-10-17 06:06:00,6,2741.04,0.0068525999999999995,6,2741.04,0.15,0.0068525999999999995,0,0.0,0.3,0.0
house2_event_10547,Washing Machine,original,,2013-10-20 13:41:00,2013-10-20 13:49:00,6,3758.54,0.0187927,0,0.0,0.15,0.0,6,3758.5399999999995,0.3,0.0187927,scheduled,,2013-10-21 06:00:00,2013-10-21 06:08:00,6,3758.54,0.00939635,6,3758.5399999999995,0.15,0.00939635,0,0.0,0.3,0.0
house2_event_10549,Washing Machine,original,,2013-10-21 11:18:00,2013-10-21 11:26:00,8,4574.09,0.02287045,0,0.0,0.15,0.0,8,4574.09,0.3,0.02287045,scheduled,,2013-10-22 06:00:00,2013-10-22 06:08:00,8,4574.09,0.011435225,8,4574.09,0.15,0.011435225,0,0.0,0.3,0.0
house2_event_10555,Washing Machine,original,,2013-10-23 19:52:00,2013-10-23 20:10:00,15,1755.11,0.008775549999999997,0,0.0,0.15,0.0,15,1755.1099999999994,0.3,0.008775549999999997,scheduled,,2013-10-24 06:00:00,2013-10-24 06:18:00,15,1755.11,0.004387774999999998,15,1755.1099999999994,0.15,0.004387774999999998,0,0.0,0.3,0.0
house2_event_10561,Washing Machine,original,,2014-03-07 11:55:00,2014-03-07 12:01:00,5,2812.85,0.014064249999999997,0,0.0,0.15,0.0,5,2812.8499999999995,0.3,0.014064249999999997,scheduled,,2014-03-08 06:00:00,2014-03-08 06:06:00,5,2812.85,0.0070321249999999984,5,2812.8499999999995,0.15,0.0070321249999999984,0,0.0,0.3,0.0
house2_event_10562,Washing Machine,original,,2014-03-08 11:57:00,2014-03-08 12:02:00,5,3157.27,0.015786349999999998,0,0.0,0.15,0.0,5,3157.2699999999995,0.3,0.015786349999999998,scheduled,,2014-03-09 06:00:00,2014-03-09 06:05:00,5,3157.27,0.007893174999999999,5,3157.2699999999995,0.15,0.007893174999999999,0,0.0,0.3,0.0
house2_event_10564,Washing Machine,original,,2014-03-09 12:52:00,2014-03-09 12:59:00,7,4532.56,0.0226628,0,0.0,0.15,0.0,7,4532.56,0.3,0.0226628,scheduled,,2014-03-10 06:00:00,2014-03-10 06:07:00,7,4532.56,0.0113314,7,4532.56,0.15,0.0113314,0,0.0,0.3,0.0
house2_event_10568,Washing Machine,original,,2014-03-14 08:08:00,2014-03-14 08:16:00,5,3624.03,0.01812015,0,0.0,0.15,0.0,5,3624.03,0.3,0.01812015,scheduled,,2014-03-15 06:03:00,2014-03-15 06:11:00,5,3624.03,0.009060075,5,3624.03,0.15,0.009060075,0,0.0,0.3,0.0
house2_event_10570,Washing Machine,original,,2014-03-14 12:15:00,2014-03-14 12:18:00,5,3468.15,0.01734075,0,0.0,0.15,0.0,5,3468.15,0.3,0.01734075,scheduled,,2014-03-15 06:00:00,2014-03-15 06:03:00,5,3468.15,0.008670375,5,3468.15,0.15,0.008670375,0,0.0,0.3,0.0
house2_event_10584,Washing Machine,original,,2014-03-20 11:34:00,2014-03-20 11:39:00,5,3494.94,0.017474700000000003,0,0.0,0.15,0.0,5,3494.9400000000005,0.3,0.017474700000000003,scheduled,,2014-03-21 06:00:00,2014-03-21 06:05:00,5,3494.94,0.008737350000000001,5,3494.9400000000005,0.15,0.008737350000000001,0,0.0,0.3,0.0
house2_event_10605,Washing Machine,original,,2014-04-05 11:00:00,2014-04-05 11:07:00,7,4088.23,0.02044115,0,0.0,0.15,0.0,7,4088.23,0.3,0.02044115,scheduled,,2014-04-06 06:06:00,2014-04-06 06:13:00,7,4088.23,0.010220575,7,4088.23,0.15,0.010220575,0,0.0,0.3,0.0
house2_event_10606,Washing Machine,original,,2014-04-05 11:11:00,2014-04-05 11:17:00,5,2252.37,0.011261849999999999,0,0.0,0.15,0.0,5,2252.37,0.3,0.011261849999999999,scheduled,,2014-04-06 06:00:00,2014-04-06 06:06:00,5,2252.37,0.005630924999999999,5,2252.37,0.15,0.005630924999999999,0,0.0,0.3,0.0
house2_event_10620,Washing Machine,original,,2014-04-10 23:58:00,2014-04-10 23:59:00,5,32.28,0.00016140000000000002,0,0.0,0.15,0.0,5,32.28,0.3,0.00016140000000000002,scheduled,,2014-04-11 06:00:00,2014-04-11 06:01:00,5,32.28,8.070000000000001e-05,5,32.28,0.15,8.070000000000001e-05,0,0.0,0.3,0.0
house2_event_10624,Washing Machine,original,,2014-04-12 09:19:00,2014-04-12 09:24:00,8,449.69,0.00224845,0,0.0,0.15,0.0,8,449.69,0.3,0.00224845,scheduled,,2014-04-13 06:00:00,2014-04-13 06:05:00,8,449.69,0.001124225,8,449.69,0.15,0.001124225,0,0.0,0.3,0.0
house2_event_10642,Washing Machine,original,,2014-04-25 09:28:00,2014-04-25 09:54:00,29,896.57,0.0044828499999999966,0,0.0,0.15,0.0,29,896.5699999999994,0.3,0.0044828499999999966,scheduled,,2014-04-26 06:05:00,2014-04-26 06:31:00,29,896.57,0.0022414249999999983,29,896.5699999999994,0.15,0.0022414249999999983,0,0.0,0.3,0.0
house2_event_10643,Washing Machine,original,,2014-04-25 11:26:00,2014-04-25 11:31:00,5,3200.41,0.016002049999999997,0,0.0,0.15,0.0,5,3200.41,0.3,0.016002049999999997,scheduled,,2014-04-26 06:00:00,2014-04-26 06:05:00,5,3200.41,0.008001024999999998,5,3200.41,0.15,0.008001024999999998,0,0.0,0.3,0.0
house2_event_10651,Washing Machine,original,,2014-05-04 19:28:00,2014-05-04 19:33:00,5,3476.13,0.01738065,0,0.0,0.15,0.0,5,3476.13,0.3,0.01738065,scheduled,,2014-05-05 06:07:00,2014-05-05 06:12:00,5,3476.13,0.008690325,5,3476.13,0.15,0.008690325,0,0.0,0.3,0.0
house2_event_10652,Washing Machine,original,,2014-05-04 19:37:00,2014-05-04 19:44:00,5,1448.22,0.0072410999999999994,0,0.0,0.15,0.0,5,1448.22,0.3,0.0072410999999999994,scheduled,,2014-05-05 06:00:00,2014-05-05 06:07:00,5,1448.22,0.0036205499999999997,5,1448.22,0.15,0.0036205499999999997,0,0.0,0.3,0.0
house2_event_10692,Washing Machine,original,,2014-06-06 23:27:00,2014-06-06 23:33:00,6,3966.16,0.0198308,0,0.0,0.15,0.0,6,3966.16,0.3,0.0198308,scheduled,,2014-06-07 06:00:00,2014-06-07 06:06:00,6,3966.16,0.0099154,6,3966.16,0.15,0.0099154,0,0.0,0.3,0.0
house2_event_10693,Washing Machine,original,,2014-06-07 11:36:00,2014-06-07 11:54:00,18,558.65,0.0027932499999999993,0,0.0,0.15,0.0,18,558.6499999999999,0.3,0.0027932499999999993,scheduled,,2014-06-08 06:23:00,2014-06-08 06:41:00,18,558.65,0.0013966249999999996,18,558.6499999999999,0.15,0.0013966249999999996,0,0.0,0.3,0.0
house2_event_10696,Washing Machine,original,,2014-06-07 16:48:00,2014-06-07 17:11:00,23,716.61,0.003583050000000001,0,0.0,0.15,0.0,23,716.6100000000001,0.3,0.003583050000000001,scheduled,,2014-06-08 06:00:00,2014-06-08 06:23:00,23,716.61,0.0017915250000000004,23,716.6100000000001,0.15,0.0017915250000000004,0,0.0,0.3,0.0
house2_event_10697,Washing Machine,original,,2014-06-07 19:03:00,2014-06-07 20:55:00,112,2262.75,0.01131375,0,0.0,0.15,0.0,112,2262.75,0.3,0.01131375,scheduled,,2014-06-07 19:08:00,2014-06-07 21:00:00,112,2262.75,0.01131375,0,0.0,0.15,0.0,112,2262.75,0.3,0.01131375
house2_event_10707,Washing Machine,original,,2014-06-10 20:31:00,2014-06-10 20:38:00,7,5904.77,0.029523849999999997,0,0.0,0.15,0.0,7,5904.7699999999995,0.3,0.029523849999999997,scheduled,,2014-06-11 06:00:00,2014-06-11 06:07:00,7,5904.77,0.014761924999999999,7,5904.7699999999995,0.15,0.014761924999999999,0,0.0,0.3,0.0
house2_event_10737,Washing Machine,original,,2014-07-09 12:09:00,2014-07-09 12:23:00,13,52.66,0.0002633,0,0.0,0.15,0.0,13,52.66000000000001,0.3,0.0002633,scheduled,,2014-07-10 06:00:00,2014-07-10 06:14:00,13,52.66,0.00013165,13,52.66000000000001,0.15,0.00013165,0,0.0,0.3,0.0
house2_event_10744,Washing Machine,original,,2014-07-18 20:14:00,2014-07-18 20:21:00,6,2433.77,0.01216885,0,0.0,0.15,0.0,6,2433.77,0.3,0.01216885,scheduled,,2014-07-19 06:00:00,2014-07-19 06:07:00,6,2433.77,0.006084425,6,2433.77,0.15,0.006084425,0,0.0,0.3,0.0
house2_event_10750,Washing Machine,original,,2014-07-25 10:49:00,2014-07-25 10:53:00,7,5878.66,0.029393300000000004,0,0.0,0.15,0.0,7,5878.660000000001,0.3,0.029393300000000004,scheduled,,2014-07-26 06:00:00,2014-07-26 06:04:00,7,5878.66,0.014696650000000002,7,5878.660000000001,0.15,0.014696650000000002,0,0.0,0.3,0.0
house2_event_10752,Washing Machine,original,,2014-08-04 13:37:00,2014-08-04 13:41:00,6,364.33,0.00182165,0,0.0,0.15,0.0,6,364.33000000000004,0.3,0.00182165,scheduled,,2014-08-05 06:00:00,2014-08-05 06:04:00,6,364.33,0.000910825,6,364.33000000000004,0.15,0.000910825,0,0.0,0.3,0.0
house2_event_10754,Washing Machine,original,,2014-08-07 12:11:00,2014-08-07 12:19:00,5,3054.21,0.015271050000000001,0,0.0,0.15,0.0,5,3054.21,0.3,0.015271050000000001,scheduled,,2014-08-08 06:00:00,2014-08-08 06:08:00,5,3054.21,0.007635525000000001,5,3054.21,0.15,0.007635525000000001,0,0.0,0.3,0.0
house2_event_10764,Washing Machine,original,,2014-08-19 11:19:00,2014-08-19 11:29:00,10,7245.08,0.0362254,0,0.0,0.15,0.0,10,7245.079999999999,0.3,0.0362254,scheduled,,2014-08-20 06:00:00,2014-08-20 06:10:00,10,7245.08,0.0181127,10,7245.079999999999,0.15,0.0181127,0,0.0,0.3,0.0
house2_event_10769,Washing Machine,original,,2014-09-02 12:36:00,2014-09-02 12:43:00,7,4889.05,0.024445249999999998,0,0.0,0.15,0.0,7,4889.05,0.3,0.024445249999999998,scheduled,,2014-09-03 06:00:00,2014-09-03 06:07:00,7,4889.05,0.012222624999999999,7,4889.05,0.15,0.012222624999999999,0,0.0,0.3,0.0
house2_event_10770,Washing Machine,original,,2014-09-04 12:27:00,2014-09-04 12:33:00,6,3736.24,0.018681199999999995,0,0.0,0.15,0.0,6,3736.2399999999993,0.3,0.018681199999999995,scheduled,,2014-09-05 06:00:00,2014-09-05 06:06:00,6,3736.24,0.009340599999999998,6,3736.2399999999993,0.15,0.009340599999999998,0,0.0,0.3,0.0
house2_event_10771,Washing Machine,original,,2014-09-05 12:00:00,2014-09-05 12:04:00,6,3583.5,0.0179175,0,0.0,0.15,0.0,6,3583.5,0.3,0.0179175,scheduled,,2014-09-06 06:00:00,2014-09-06 06:04:00,6,3583.5,0.00895875,6,3583.5,0.15,0.00895875,0,0.0,0.3,0.0
house2_event_10775,Washing Machine,original,,2014-09-07 11:32:00,2014-09-07 11:38:00,6,4185.51,0.02092755,0,0.0,0.15,0.0,6,4185.51,0.3,0.02092755,scheduled,,2014-09-08 06:00:00,2014-09-08 06:06:00,6,4185.51,0.010463775,6,4185.51,0.15,0.010463775,0,0.0,0.3,0.0
house2_event_10781,Washing Machine,original,,2014-09-15 11:19:00,2014-09-15 11:24:00,5,2685.45,0.01342725,0,0.0,0.15,0.0,5,2685.45,0.3,0.01342725,scheduled,,2014-09-16 06:00:00,2014-09-16 06:05:00,5,2685.45,0.006713625,5,2685.45,0.15,0.006713625,0,0.0,0.3,0.0
house2_event_10786,Washing Machine,original,,2014-09-20 10:53:00,2014-09-20 10:56:00,6,3444.2,0.017220999999999997,0,0.0,0.15,0.0,6,3444.2,0.3,0.017220999999999997,scheduled,,2014-09-21 06:00:00,2014-09-21 06:03:00,6,3444.2,0.008610499999999998,6,3444.2,0.15,0.008610499999999998,0,0.0,0.3,0.0
house2_event_10793,Washing Machine,original,,2014-09-28 08:19:00,2014-09-28 08:24:00,5,3165.43,0.015827149999999998,0,0.0,0.15,0.0,5,3165.4300000000003,0.3,0.015827149999999998,scheduled,,2014-09-29 06:08:00,2014-09-29 06:13:00,5,3165.43,0.007913574999999999,5,3165.4300000000003,0.15,0.007913574999999999,0,0.0,0.3,0.0
house2_event_10794,Washing Machine,original,,2014-09-28 08:28:00,2014-09-28 08:36:00,6,4047.47,0.020237349999999998,0,0.0,0.15,0.0,6,4047.47,0.3,0.020237349999999998,scheduled,,2014-09-29 06:00:00,2014-09-29 06:08:00,6,4047.47,0.010118674999999999,6,4047.47,0.15,0.010118674999999999,0,0.0,0.3,0.0
house2_event_10801,Washing Machine,original,,2014-10-04 15:14:00,2014-10-04 16:08:00,54,213.11,0.0010655499999999989,0,0.0,0.15,0.0,54,213.10999999999981,0.3,0.0010655499999999989,scheduled,,2014-10-05 06:00:00,2014-10-05 06:54:00,54,213.11,0.0005327749999999994,54,213.10999999999981,0.15,0.0005327749999999994,0,0.0,0.3,0.0
house2_event_10809,Washing Machine,original,,2014-10-09 14:33:00,2014-10-09 14:39:00,6,4433.17,0.02216585,0,0.0,0.15,0.0,6,4433.17,0.3,0.02216585,scheduled,,2014-10-10 06:00:00,2014-10-10 06:06:00,6,4433.17,0.011082925,6,4433.17,0.15,0.011082925,0,0.0,0.3,0.0
house2_event_10817,Washing Machine,original,,2014-10-12 21:01:00,2014-10-12 21:07:00,6,3806.0,0.019030000000000002,0,0.0,0.15,0.0,6,3806.0000000000005,0.3,0.019030000000000002,scheduled,,2014-10-13 06:00:00,2014-10-13 06:06:00,6,3806.0,0.009515000000000001,6,3806.0000000000005,0.15,0.009515000000000001,0,0.0,0.3,0.0
house2_event_10818,Washing Machine,original,,2014-10-13 12:21:00,2014-10-13 12:29:00,5,2893.67,0.014468350000000001,0,0.0,0.15,0.0,5,2893.67,0.3,0.014468350000000001,scheduled,,2014-10-14 06:00:00,2014-10-14 06:08:00,5,2893.67,0.007234175000000001,5,2893.67,0.15,0.007234175000000001,0,0.0,0.3,0.0
house2_event_10821,Washing Machine,original,,2014-10-14 11:35:00,2014-10-14 11:41:00,6,3470.33,0.01735165,0,0.0,0.15,0.0,6,3470.33,0.3,0.01735165,scheduled,,2014-10-15 06:00:00,2014-10-15 06:06:00,6,3470.33,0.008675825,6,3470.33,0.15,0.008675825,0,0.0,0.3,0.0
house2_event_10822,Washing Machine,original,,2014-10-16 07:40:00,2014-10-16 07:43:00,6,4718.18,0.0235909,0,0.0,0.15,0.0,6,4718.18,0.3,0.0235909,scheduled,,2014-10-17 06:00:00,2014-10-17 06:03:00,6,4718.18,0.01179545,6,4718.18,0.15,0.01179545,0,0.0,0.3,0.0
house2_event_10837,Washing Machine,original,,2014-10-22 12:01:00,2014-10-22 12:06:00,5,3412.77,0.01706385,0,0.0,0.15,0.0,5,3412.77,0.3,0.01706385,scheduled,,2014-10-23 06:00:00,2014-10-23 06:05:00,5,3412.77,0.008531925,5,3412.77,0.15,0.008531925,0,0.0,0.3,0.0
house2_event_10840,Washing Machine,original,,2014-10-24 11:49:00,2014-10-24 11:53:00,5,3455.26,0.0172763,0,0.0,0.15,0.0,5,3455.26,0.3,0.0172763,scheduled,,2014-10-25 06:00:00,2014-10-25 06:04:00,5,3455.26,0.00863815,5,3455.26,0.15,0.00863815,0,0.0,0.3,0.0
house2_event_10855,Washing Machine,original,,2014-10-29 21:10:00,2014-10-29 21:16:00,6,4453.59,0.022267949999999998,0,0.0,0.15,0.0,6,4453.59,0.3,0.022267949999999998,scheduled,,2014-10-30 06:00:00,2014-10-30 06:06:00,6,4453.59,0.011133974999999999,6,4453.59,0.15,0.011133974999999999,0,0.0,0.3,0.0
house2_event_10860,Washing Machine,original,,2014-11-07 09:34:00,2014-11-07 09:38:00,5,3072.34,0.015361699999999999,0,0.0,0.15,0.0,5,3072.34,0.3,0.015361699999999999,scheduled,,2014-11-08 06:06:00,2014-11-08 06:10:00,5,3072.34,0.0076808499999999995,5,3072.34,0.15,0.0076808499999999995,0,0.0,0.3,0.0
house2_event_10861,Washing Machine,original,,2014-11-07 11:24:00,2014-11-07 11:30:00,6,2614.7,0.013073499999999998,0,0.0,0.15,0.0,6,2614.7,0.3,0.013073499999999998,scheduled,,2014-11-08 06:00:00,2014-11-08 06:06:00,6,2614.7,0.006536749999999999,6,2614.7,0.15,0.006536749999999999,0,0.0,0.3,0.0
house2_event_10864,Washing Machine,original,,2014-11-11 10:16:00,2014-11-11 10:23:00,6,3475.7,0.017378499999999998,0,0.0,0.15,0.0,6,3475.7,0.3,0.017378499999999998,scheduled,,2014-11-12 06:00:00,2014-11-12 06:07:00,6,3475.7,0.008689249999999999,6,3475.7,0.15,0.008689249999999999,0,0.0,0.3,0.0
house2_event_10866,Washing Machine,original,,2014-11-12 18:32:00,2014-11-12 18:37:00,5,3230.68,0.0161534,0,0.0,0.15,0.0,5,3230.68,0.3,0.0161534,scheduled,,2014-11-13 06:00:00,2014-11-13 06:05:00,5,3230.68,0.0080767,5,3230.68,0.15,0.0080767,0,0.0,0.3,0.0
house2_event_10868,Washing Machine,original,,2014-11-14 12:09:00,2014-11-14 12:14:00,5,3014.14,0.0150707,0,0.0,0.15,0.0,5,3014.14,0.3,0.0150707,scheduled,,2014-11-15 06:00:00,2014-11-15 06:05:00,5,3014.14,0.00753535,5,3014.14,0.15,0.00753535,0,0.0,0.3,0.0
house2_event_10869,Washing Machine,original,,2014-11-15 11:39:00,2014-11-15 11:42:00,5,3440.45,0.01720225,0,0.0,0.15,0.0,5,3440.45,0.3,0.01720225,scheduled,,2014-11-16 06:00:00,2014-11-16 06:03:00,5,3440.45,0.008601125,5,3440.45,0.15,0.008601125,0,0.0,0.3,0.0
house2_event_10873,Washing Machine,original,,2014-11-22 11:28:00,2014-11-22 11:35:00,5,3282.15,0.01641075,0,0.0,0.15,0.0,5,3282.1500000000005,0.3,0.01641075,scheduled,,2014-11-23 06:06:00,2014-11-23 06:13:00,5,3282.15,0.008205375,5,3282.1500000000005,0.15,0.008205375,0,0.0,0.3,0.0
house2_event_10874,Washing Machine,original,,2014-11-22 11:52:00,2014-11-22 11:58:00,5,3543.5,0.017717499999999997,0,0.0,0.15,0.0,5,3543.5,0.3,0.017717499999999997,scheduled,,2014-11-23 06:00:00,2014-11-23 06:06:00,5,3543.5,0.008858749999999999,5,3543.5,0.15,0.008858749999999999,0,0.0,0.3,0.0
house2_event_10876,Washing Machine,original,,2014-11-22 22:16:00,2014-11-22 22:21:00,5,818.21,0.00409105,0,0.0,0.15,0.0,5,818.21,0.3,0.00409105,scheduled,,2014-11-23 06:13:00,2014-11-23 06:18:00,5,818.21,0.002045525,5,818.21,0.15,0.002045525,0,0.0,0.3,0.0
house2_event_10880,Washing Machine,original,,2014-11-23 07:35:00,2014-11-23 07:41:00,6,4435.93,0.022179650000000002,0,0.0,0.15,0.0,6,4435.93,0.3,0.022179650000000002,scheduled,,2014-11-24 06:00:00,2014-11-24 06:06:00,6,4435.93,0.011089825000000001,6,4435.93,0.15,0.011089825000000001,0,0.0,0.3,0.0
house2_event_10883,Washing Machine,original,,2014-11-25 20:58:00,2014-11-25 21:07:00,9,5726.53,0.028632649999999996,0,0.0,0.15,0.0,9,5726.53,0.3,0.028632649999999996,scheduled,,2014-11-26 06:00:00,2014-11-26 06:09:00,9,5726.53,0.014316324999999998,9,5726.53,0.15,0.014316324999999998,0,0.0,0.3,0.0
house2_event_10884,Washing Machine,original,,2014-11-26 12:31:00,2014-11-26 12:39:00,5,3293.97,0.016469849999999998,0,0.0,0.15,0.0,5,3293.97,0.3,0.016469849999999998,scheduled,,2014-11-27 06:06:00,2014-11-27 06:14:00,5,3293.97,0.008234924999999999,5,3293.97,0.15,0.008234924999999999,0,0.0,0.3,0.0
house2_event_10886,Washing Machine,original,,2014-11-26 21:49:00,2014-11-26 21:55:00,6,3279.12,0.0163956,0,0.0,0.15,0.0,6,3279.12,0.3,0.0163956,scheduled,,2014-11-27 06:00:00,2014-11-27 06:06:00,6,3279.12,0.0081978,6,3279.12,0.15,0.0081978,0,0.0,0.3,0.0
house2_event_10889,Washing Machine,original,,2014-11-29 13:51:00,2014-11-29 13:56:00,5,3536.65,0.017683249999999998,0,0.0,0.15,0.0,5,3536.65,0.3,0.017683249999999998,scheduled,,2014-11-30 06:00:00,2014-11-30 06:05:00,5,3536.65,0.008841624999999999,5,3536.65,0.15,0.008841624999999999,0,0.0,0.3,0.0
house2_event_10894,Washing Machine,original,,2014-12-03 12:21:00,2014-12-03 12:26:00,5,3204.69,0.016023449999999998,0,0.0,0.15,0.0,5,3204.69,0.3,0.016023449999999998,scheduled,,2014-12-04 06:05:00,2014-12-04 06:10:00,5,3204.69,0.008011724999999999,5,3204.69,0.15,0.008011724999999999,0,0.0,0.3,0.0
house2_event_10895,Washing Machine,original,,2014-12-03 21:17:00,2014-12-03 21:22:00,5,3861.2,0.019305999999999993,0,0.0,0.15,0.0,5,3861.2,0.3,0.019305999999999993,scheduled,,2014-12-04 06:00:00,2014-12-04 06:05:00,5,3861.2,0.009652999999999997,5,3861.2,0.15,0.009652999999999997,0,0.0,0.3,0.0
house2_event_10908,Washing Machine,original,,2014-12-20 21:03:00,2014-12-20 21:09:00,6,4216.73,0.021083649999999995,0,0.0,0.15,0.0,6,4216.73,0.3,0.021083649999999995,scheduled,,2014-12-21 06:04:00,2014-12-21 06:10:00,6,4216.73,0.010541824999999998,6,4216.73,0.15,0.010541824999999998,0,0.0,0.3,0.0
house2_event_10909,Washing Machine,original,,2014-12-20 21:38:00,2014-12-20 21:42:00,7,4516.44,0.022582199999999993,0,0.0,0.15,0.0,7,4516.44,0.3,0.022582199999999993,scheduled,,2014-12-21 06:00:00,2014-12-21 06:04:00,7,4516.44,0.011291099999999997,7,4516.44,0.15,0.011291099999999997,0,0.0,0.3,0.0
house2_event_10911,Washing Machine,original,,2014-12-21 07:27:00,2014-12-21 07:32:00,5,3471.58,0.012150530000000003,3,2082.9480000000003,0.15,0.005207370000000002,2,1388.632,0.3,0.00694316,scheduled,,2014-12-22 06:05:00,2014-12-22 06:10:00,5,3471.58,0.00867895,5,3471.58,0.15,0.00867895,0,0.0,0.3,0.0
house2_event_10912,Washing Machine,original,,2014-12-21 07:45:00,2014-12-21 07:50:00,5,2556.94,0.012784700000000001,0,0.0,0.15,0.0,5,2556.94,0.3,0.012784700000000001,scheduled,,2014-12-22 06:00:00,2014-12-22 06:05:00,5,2556.94,0.006392350000000001,5,2556.94,0.15,0.006392350000000001,0,0.0,0.3,0.0
house2_event_10927,Washing Machine,original,,2014-12-27 10:08:00,2014-12-27 10:18:00,10,7057.56,0.03528780000000001,0,0.0,0.15,0.0,10,7057.560000000002,0.3,0.03528780000000001,scheduled,,2014-12-28 06:00:00,2014-12-28 06:10:00,10,7057.56,0.017643900000000004,10,7057.560000000002,0.15,0.017643900000000004,0,0.0,0.3,0.0
house2_event_10933,Washing Machine,original,,2014-12-29 08:09:00,2014-12-29 08:14:00,5,3289.9,0.0164495,0,0.0,0.15,0.0,5,3289.9,0.3,0.0164495,scheduled,,2014-12-30 06:00:00,2014-12-30 06:05:00,5,3289.9,0.00822475,5,3289.9,0.15,0.00822475,0,0.0,0.3,0.0
house2_event_10937,Washing Machine,original,,2015-01-07 11:55:00,2015-01-07 12:03:00,7,4366.87,0.02183435,0,0.0,0.15,0.0,7,4366.87,0.3,0.02183435,scheduled,,2015-01-08 06:00:00,2015-01-08 06:08:00,7,4366.87,0.010917175,7,4366.87,0.15,0.010917175,0,0.0,0.3,0.0
house2_event_10938,Washing Machine,original,,2015-01-08 12:30:00,2015-01-08 12:36:00,6,4505.89,0.022529450000000003,0,0.0,0.15,0.0,6,4505.89,0.3,0.022529450000000003,scheduled,,2015-01-09 06:00:00,2015-01-09 06:06:00,6,4505.89,0.011264725000000001,6,4505.89,0.15,0.011264725000000001,0,0.0,0.3,0.0
house2_event_10951,Washing Machine,original,,2015-01-15 11:27:00,2015-01-15 11:32:00,5,3181.94,0.0159097,0,0.0,0.15,0.0,5,3181.94,0.3,0.0159097,scheduled,,2015-01-16 06:00:00,2015-01-16 06:05:00,5,3181.94,0.00795485,5,3181.94,0.15,0.00795485,0,0.0,0.3,0.0
house2_event_10954,Washing Machine,original,,2015-01-16 18:02:00,2015-01-16 18:07:00,5,2712.78,0.0135639,0,0.0,0.15,0.0,5,2712.78,0.3,0.0135639,scheduled,,2015-01-17 06:00:00,2015-01-17 06:05:00,5,2712.78,0.00678195,5,2712.78,0.15,0.00678195,0,0.0,0.3,0.0
house2_event_10957,Washing Machine,original,,2015-01-18 21:30:00,2015-01-18 21:35:00,5,3909.77,0.019548849999999996,0,0.0,0.15,0.0,5,3909.7699999999995,0.3,0.019548849999999996,scheduled,,2015-01-19 06:00:00,2015-01-19 06:05:00,5,3909.77,0.009774424999999998,5,3909.7699999999995,0.15,0.009774424999999998,0,0.0,0.3,0.0
house2_event_10964,Washing Machine,original,,2015-01-21 12:16:00,2015-01-21 12:25:00,6,4709.29,0.023546450000000003,0,0.0,0.15,0.0,6,4709.29,0.3,0.023546450000000003,scheduled,,2015-01-22 06:00:00,2015-01-22 06:09:00,6,4709.29,0.011773225000000002,6,4709.29,0.15,0.011773225000000002,0,0.0,0.3,0.0
house2_event_10972,Washing Machine,original,,2015-01-26 11:41:00,2015-01-26 11:46:00,5,3775.38,0.018876900000000002,0,0.0,0.15,0.0,5,3775.38,0.3,0.018876900000000002,scheduled,,2015-01-27 06:00:00,2015-01-27 06:05:00,5,3775.38,0.009438450000000001,5,3775.38,0.15,0.009438450000000001,0,0.0,0.3,0.0
house2_event_10982,Washing Machine,original,,2015-01-30 11:35:00,2015-01-30 11:40:00,5,4166.4,0.020832,0,0.0,0.15,0.0,5,4166.4,0.3,0.020832,scheduled,,2015-01-31 06:00:00,2015-01-31 06:05:00,5,4166.4,0.010416,5,4166.4,0.15,0.010416,0,0.0,0.3,0.0
house2_event_10989,Washing Machine,original,,2015-02-02 11:52:00,2015-02-02 12:00:00,9,6054.24,0.030271199999999998,0,0.0,0.15,0.0,9,6054.24,0.3,0.030271199999999998,scheduled,,2015-02-03 06:00:00,2015-02-03 06:08:00,9,6054.24,0.015135599999999999,9,6054.24,0.15,0.015135599999999999,0,0.0,0.3,0.0
house2_event_11001,Washing Machine,original,,2015-02-07 12:58:00,2015-02-07 13:07:00,9,5932.81,0.02966405,0,0.0,0.15,0.0,9,5932.81,0.3,0.02966405,scheduled,,2015-02-08 06:00:00,2015-02-08 06:09:00,9,5932.81,0.014832025,9,5932.81,0.15,0.014832025,0,0.0,0.3,0.0
house2_event_11011,Washing Machine,original,,2015-02-16 00:12:00,2015-02-16 00:17:00,5,3468.67,0.017343349999999997,0,0.0,0.15,0.0,5,3468.67,0.3,0.017343349999999997,scheduled,,2015-02-16 06:00:00,2015-02-16 06:05:00,5,3468.67,0.008671674999999998,5,3468.67,0.15,0.008671674999999998,0,0.0,0.3,0.0
house2_event_11017,Washing Machine,original,,2015-02-21 21:45:00,2015-02-21 21:50:00,5,72.0,0.00035999999999999997,0,0.0,0.15,0.0,5,72.0,0.3,0.00035999999999999997,scheduled,,2015-02-22 06:00:00,2015-02-22 06:05:00,5,72.0,0.00017999999999999998,5,72.0,0.15,0.00017999999999999998,0,0.0,0.3,0.0
house2_event_11022,Washing Machine,original,,2015-03-01 08:20:00,2015-03-01 08:25:00,5,2728.04,0.013640200000000002,0,0.0,0.15,0.0,5,2728.04,0.3,0.013640200000000002,scheduled,,2015-03-02 06:00:00,2015-03-02 06:05:00,5,2728.04,0.006820100000000001,5,2728.04,0.15,0.006820100000000001,0,0.0,0.3,0.0
house2_event_11033,Washing Machine,original,,2015-03-14 07:23:00,2015-03-14 07:28:00,5,2381.97,0.005954924999999999,5,2381.97,0.15,0.005954924999999999,0,0.0,0.3,0.0,scheduled,,2015-03-14 07:28:00,2015-03-14 07:33:00,5,2381.97,0.009527879999999997,2,952.7879999999999,0.15,0.0023819699999999993,3,1429.1819999999998,0.3,0.007145909999999998
house2_event_11036,Washing Machine,original,,2015-03-15 18:21:00,2015-03-15 18:29:00,8,4270.96,0.021354799999999997,0,0.0,0.15,0.0,8,4270.96,0.3,0.021354799999999997,scheduled,,2015-03-16 06:00:00,2015-03-16 06:08:00,8,4270.96,0.010677399999999998,8,4270.96,0.15,0.010677399999999998,0,0.0,0.3,0.0
house2_event_11047,Washing Machine,original,,2015-03-30 19:02:00,2015-03-30 19:09:00,6,4345.65,0.021728249999999998,0,0.0,0.15,0.0,6,4345.65,0.3,0.021728249999999998,scheduled,,2015-03-31 06:00:00,2015-03-31 06:07:00,6,4345.65,0.010864124999999999,6,4345.65,0.15,0.010864124999999999,0,0.0,0.3,0.0
house2_event_11053,Washing Machine,original,,2015-04-09 21:17:00,2015-04-09 21:25:00,5,3120.82,0.015604099999999997,0,0.0,0.15,0.0,5,3120.8199999999997,0.3,0.015604099999999997,scheduled,,2015-04-10 06:00:00,2015-04-10 06:08:00,5,3120.82,0.007802049999999999,5,3120.8199999999997,0.15,0.007802049999999999,0,0.0,0.3,0.0
house2_event_11067,Washing Machine,original,,2015-04-16 12:35:00,2015-04-16 12:41:00,6,3215.81,0.016079049999999998,0,0.0,0.15,0.0,6,3215.81,0.3,0.016079049999999998,scheduled,,2015-04-17 06:00:00,2015-04-17 06:06:00,6,3215.81,0.008039524999999999,6,3215.81,0.15,0.008039524999999999,0,0.0,0.3,0.0
house2_event_11075,Washing Machine,original,,2015-04-19 18:25:00,2015-04-19 18:32:00,6,3926.38,0.0196319,0,0.0,0.15,0.0,6,3926.3799999999997,0.3,0.0196319,scheduled,,2015-04-20 06:00:00,2015-04-20 06:07:00,6,3926.38,0.00981595,6,3926.3799999999997,0.15,0.00981595,0,0.0,0.3,0.0
house2_event_11080,Washing Machine,original,,2015-04-22 21:34:00,2015-04-22 21:40:00,6,3139.78,0.015698900000000002,0,0.0,0.15,0.0,6,3139.78,0.3,0.015698900000000002,scheduled,,2015-04-23 06:00:00,2015-04-23 06:06:00,6,3139.78,0.007849450000000001,6,3139.78,0.15,0.007849450000000001,0,0.0,0.3,0.0
house2_event_11082,Washing Machine,original,,2015-04-23 18:59:00,2015-04-23 19:06:00,7,3208.41,0.016042050000000002,0,0.0,0.15,0.0,7,3208.4100000000003,0.3,0.016042050000000002,scheduled,,2015-04-24 06:00:00,2015-04-24 06:07:00,7,3208.41,0.008021025000000001,7,3208.4100000000003,0.15,0.008021025000000001,0,0.0,0.3,0.0
house2_event_11087,Washing Machine,original,,2015-05-02 08:23:00,2015-05-02 08:28:00,5,3130.2,0.015650999999999998,0,0.0,0.15,0.0,5,3130.2,0.3,0.015650999999999998,scheduled,,2015-05-03 06:00:00,2015-05-03 06:05:00,5,3130.2,0.007825499999999999,5,3130.2,0.15,0.007825499999999999,0,0.0,0.3,0.0
house2_event_11103,Dishwasher,original,,2013-09-19 17:08:00,2013-09-19 17:31:00,22,429.5,0.0021474999999999992,0,0.0,0.15,0.0,22,429.4999999999999,0.3,0.0021474999999999992,scheduled,,2013-09-20 06:00:00,2013-09-20 06:23:00,22,429.5,0.0010737499999999996,22,429.4999999999999,0.15,0.0010737499999999996,0,0.0,0.3,0.0
house2_event_11104,Dishwasher,original,,2013-09-21 18:00:00,2013-09-21 18:19:00,19,413.51,0.00206755,0,0.0,0.15,0.0,19,413.51000000000005,0.3,0.00206755,scheduled,,2013-09-22 06:00:00,2013-09-22 06:19:00,19,413.51,0.001033775,19,413.51000000000005,0.15,0.001033775,0,0.0,0.3,0.0
house2_event_11106,Dishwasher,original,,2013-09-29 09:56:00,2013-09-29 10:20:00,24,443.43,0.0022171499999999993,0,0.0,0.15,0.0,24,443.4299999999999,0.3,0.0022171499999999993,scheduled,,2013-09-29 10:01:00,2013-09-29 10:25:00,24,443.43,0.0022171499999999993,0,0.0,0.15,0.0,24,443.4299999999999,0.3,0.0022171499999999993
house2_event_11107,Dishwasher,original,,2013-09-29 15:10:00,2013-09-29 18:20:00,190,3608.53,0.01804265,0,0.0,0.15,0.0,190,3608.53,0.3,0.01804265,scheduled,,2013-09-30 06:00:00,2013-09-30 09:10:00,190,3608.53,0.013769390789473684,90,1709.3036842105264,0.15,0.004273259210526316,100,1899.2263157894738,0.3,0.009496131578947369
house2_event_11108,Dishwasher,original,,2013-09-30 07:29:00,2013-09-30 11:59:00,268,4657.78,0.02324545055970135,1,17.379776119402983,0.15,4.3449440298507455e-05,267,4640.400223880568,0.3,0.02320200111940284,scheduled,,2013-09-30 07:34:00,2013-09-30 12:04:00,268,4657.78,0.023288899999999852,0,0.0,0.15,0.0,268,4657.779999999971,0.3,0.023288899999999852
house2_event_11109,Dishwasher,original,,2013-09-30 15:56:00,2013-10-01 06:31:00,877,15221.94,0.06035837668186994,363,6300.5293272519875,0.15,0.015751323318129968,514,8921.410672747994,0.3,0.04460705336373997,scheduled,,2013-10-01 06:00:00,2013-10-01 20:35:00,877,15221.94,0.07220441322690982,90,1562.1147092360302,0.15,0.0039052867730900755,787,13659.82529076395,0.3,0.06829912645381975
house2_event_11111,Dishwasher,original,,2013-10-03 17:12:00,2013-10-03 17:59:00,47,636.46,0.0031823,0,0.0,0.15,0.0,47,636.46,0.3,0.0031823,scheduled,,2013-10-04 06:00:00,2013-10-04 06:47:00,47,636.46,0.00159115,47,636.46,0.15,0.00159115,0,0.0,0.3,0.0
house2_event_11114,Dishwasher,original,,2013-10-04 23:36:00,2013-10-05 14:10:00,874,14828.18,0.05632672494279164,420,7125.67002288328,0.15,0.017814175057208198,454,7702.509977116688,0.3,0.03851254988558344,scheduled,,2013-10-05 06:00:00,2013-10-05 20:34:00,874,14828.18,0.07032357677345522,90,1526.9292906178468,0.15,0.003817323226544617,784,13301.25070938212,0.3,0.0665062535469106
house2_event_11115,Dishwasher,original,,2013-10-05 17:32:00,2013-10-05 17:44:00,12,228.1,0.0011404999999999996,0,0.0,0.15,0.0,12,228.09999999999994,0.3,0.0011404999999999996,scheduled,,2013-10-06 06:00:00,2013-10-06 06:12:00,12,228.1,0.0005702499999999998,12,228.09999999999994,0.15,0.0005702499999999998,0,0.0,0.3,0.0
house2_event_11117,Dishwasher,original,,2013-10-06 19:32:00,2013-10-06 21:06:00,94,1888.66,0.009443300000000012,0,0.0,0.15,0.0,94,1888.6600000000026,0.3,0.009443300000000012,scheduled,,2013-10-07 06:00:00,2013-10-07 07:34:00,94,1888.66,0.00492257127659575,90,1808.2914893617044,0.15,0.004520728723404261,4,80.36851063829788,0.3,0.0004018425531914894
house2_event_11118,Dishwasher,original,,2013-10-07 08:07:00,2013-10-07 08:13:00,8,143.65,0.0007182499999999999,0,0.0,0.15,0.0,8,143.65,0.3,0.0007182499999999999,scheduled,,2013-10-07 08:12:00,2013-10-07 08:18:00,8,143.65,0.0007182499999999999,0,0.0,0.15,0.0,8,143.65,0.3,0.0007182499999999999
house2_event_11119,Dishwasher,original,,2013-10-07 14:34:00,2013-10-08 16:08:00,1531,25698.22,0.11086658595689171,420,7049.80561724367,0.15,0.017624514043109173,1111,18648.414382756506,0.3,0.09324207191378253,scheduled,,2013-10-08 06:00:00,2013-10-09 07:34:00,1531,25698.22,0.10708990437622545,510,8560.478249510175,0.15,0.02140119562377544,1021,17137.74175049,0.3,0.08568870875245001
house2_event_11120,Dishwasher,original,,2013-10-09 08:14:00,2013-10-09 08:22:00,8,144.98,0.0007249,0,0.0,0.15,0.0,8,144.98,0.3,0.0007249,scheduled,,2013-10-09 08:19:00,2013-10-09 08:27:00,8,144.98,0.0007249,0,0.0,0.15,0.0,8,144.98,0.3,0.0007249
house2_event_11121,Dishwasher,original,,2013-10-09 17:13:00,2013-10-09 22:59:00,345,5443.4,0.027216999999999845,0,0.0,0.15,0.0,345,5443.399999999969,0.3,0.027216999999999845,scheduled,,2013-10-10 06:00:00,2013-10-10 11:46:00,345,5443.4,0.02366695652173916,90,1420.0173913043495,0.15,0.0035500434782608737,255,4023.382608695658,0.3,0.020116913043478287
house2_event_11122,Dishwasher,original,,2013-10-10 17:55:00,2013-10-10 18:15:00,19,341.03,0.0017051499999999995,0,0.0,0.15,0.0,19,341.0299999999999,0.3,0.0017051499999999995,scheduled,,2013-10-11 06:00:00,2013-10-11 06:20:00,19,341.03,0.0008525749999999997,19,341.0299999999999,0.15,0.0008525749999999997,0,0.0,0.3,0.0
house2_event_11123,Dishwasher,original,,2013-10-11 13:06:00,2013-10-11 13:15:00,8,150.54,0.0007526999999999999,0,0.0,0.15,0.0,8,150.54,0.3,0.0007526999999999999,scheduled,,2013-10-12 06:00:00,2013-10-12 06:09:00,8,150.54,0.00037634999999999996,8,150.54,0.15,0.00037634999999999996,0,0.0,0.3,0.0
house2_event_11124,Dishwasher,original,,2013-10-12 07:37:00,2013-10-12 07:59:00,22,426.69,0.0021334499999999994,0,0.0,0.15,0.0,22,426.6899999999999,0.3,0.0021334499999999994,scheduled,,2013-10-13 06:36:00,2013-10-13 06:58:00,22,426.69,0.0010667249999999997,22,426.6899999999999,0.15,0.0010667249999999997,0,0.0,0.3,0.0
house2_event_11125,Dishwasher,original,,2013-10-12 15:56:00,2013-10-12 16:32:00,38,748.19,0.003740950000000001,0,0.0,0.15,0.0,38,748.1900000000003,0.3,0.003740950000000001,scheduled,,2013-10-13 06:00:00,2013-10-13 06:36:00,38,748.19,0.0018704750000000006,38,748.1900000000003,0.15,0.0018704750000000006,0,0.0,0.3,0.0
house2_event_11126,Dishwasher,original,,2013-10-13 15:18:00,2013-10-13 18:08:00,170,2790.38,0.013951900000000043,0,0.0,0.15,0.0,170,2790.3800000000083,0.3,0.013951900000000043,scheduled,,2013-10-14 06:00:00,2013-10-14 08:50:00,170,2790.38,0.010258749999999994,90,1477.259999999999,0.15,0.0036931499999999975,80,1313.1199999999992,0.3,0.006565599999999997
house2_event_11128,Dishwasher,original,,2013-10-16 10:21:00,2013-10-16 10:32:00,10,194.78,0.0009739000000000002,0,0.0,0.15,0.0,10,194.78000000000006,0.3,0.0009739000000000002,scheduled,,2013-10-16 10:26:00,2013-10-16 10:37:00,10,194.78,0.0009739000000000002,0,0.0,0.15,0.0,10,194.78000000000006,0.3,0.0009739000000000002
house2_event_11129,Dishwasher,original,,2013-10-16 19:53:00,2013-10-16 21:13:00,83,1497.32,0.0074865999999999926,0,0.0,0.15,0.0,83,1497.3199999999983,0.3,0.0074865999999999926,scheduled,,2013-10-17 06:00:00,2013-10-17 07:20:00,83,1497.32,0.0037432999999999963,83,1497.3199999999983,0.15,0.0037432999999999963,0,0.0,0.3,0.0
house2_event_11130,Dishwasher,original,,2013-10-20 14:09:00,2013-10-20 16:06:00,116,1800.42,0.009002099999999982,0,0.0,0.15,0.0,116,1800.4199999999964,0.3,0.009002099999999982,scheduled,,2013-10-20 14:14:00,2013-10-20 16:11:00,116,1800.42,0.009002099999999982,0,0.0,0.15,0.0,116,1800.4199999999964,0.3,0.009002099999999982
house2_event_11131,Dishwasher,original,,2013-10-20 19:33:00,2013-10-20 20:54:00,81,1539.26,0.007696300000000004,0,0.0,0.15,0.0,81,1539.260000000001,0.3,0.007696300000000004,scheduled,,2013-10-21 06:00:00,2013-10-21 07:21:00,81,1539.26,0.003848150000000002,81,1539.260000000001,0.15,0.003848150000000002,0,0.0,0.3,0.0
house2_event_11134,Dishwasher,original,,2014-02-21 13:41:00,2014-02-22 16:03:00,1582,3409.46,0.014784384070796313,420,905.1663716814236,0.15,0.0022629159292035586,1162,2504.293628318551,0.3,0.012521468141592754,scheduled,,2014-02-22 06:00:00,2014-02-23 08:22:00,1582,3409.46,0.01429947351453844,510,1099.1305941845847,0.15,0.0027478264854614615,1072,2310.329405815396,0.3,0.011551647029076979
house2_event_11135,Dishwasher,original,,2014-02-24 11:13:00,2014-02-24 11:22:00,12,168.26,0.0008412999999999999,0,0.0,0.15,0.0,12,168.26,0.3,0.0008412999999999999,scheduled,,2014-02-25 06:59:00,2014-02-25 07:08:00,12,168.26,0.00042064999999999995,12,168.26,0.15,0.00042064999999999995,0,0.0,0.3,0.0
house2_event_11136,Dishwasher,original,,2014-02-24 15:15:00,2014-02-24 16:14:00,59,929.78,0.004648899999999994,0,0.0,0.15,0.0,59,929.7799999999987,0.3,0.004648899999999994,scheduled,,2014-02-25 06:00:00,2014-02-25 06:59:00,59,929.78,0.002324449999999997,59,929.7799999999987,0.15,0.002324449999999997,0,0.0,0.3,0.0
house2_event_11137,Dishwasher,original,,2014-02-27 16:50:00,2014-02-27 18:43:00,115,1717.0,0.008585,0,0.0,0.15,0.0,115,1717.0000000000002,0.3,0.008585,scheduled,,2014-02-27 16:55:00,2014-02-27 18:48:00,115,1717.0,0.008585,0,0.0,0.15,0.0,115,1717.0000000000002,0.3,0.008585
house2_event_11138,Dishwasher,original,,2014-02-27 18:51:00,2014-02-27 20:24:00,96,1348.77,0.006743849999999988,0,0.0,0.15,0.0,96,1348.7699999999977,0.3,0.006743849999999988,scheduled,,2014-02-28 06:00:00,2014-02-28 07:33:00,96,1348.77,0.003582670312499996,90,1264.4718749999984,0.15,0.003161179687499996,6,84.298125,0.3,0.000421490625
house2_event_11139,Dishwasher,original,,2014-03-03 18:30:00,2014-03-04 07:50:00,800,11695.42,0.04312686125000004,420,6140.095500000006,0.15,0.015350238750000016,380,5555.324500000005,0.3,0.027776622500000025,scheduled,,2014-03-04 06:00:00,2014-03-04 19:20:00,800,11695.42,0.05518776312499938,90,1315.734750000001,0.15,0.003289336875000002,710,10379.685249999875,0.3,0.05189842624999938
house2_event_11140,Dishwasher,original,,2014-03-06 07:43:00,2014-03-06 08:06:00,26,258.08,0.0012904000000000004,0,0.0,0.15,0.0,26,258.0800000000001,0.3,0.0012904000000000004,scheduled,,2014-03-07 06:00:00,2014-03-07 06:23:00,26,258.08,0.0006452000000000002,26,258.0800000000001,0.15,0.0006452000000000002,0,0.0,0.3,0.0
house2_event_11141,Dishwasher,original,,2014-03-07 19:50:00,2014-03-07 22:33:00,163,2225.46,0.01112729999999999,0,0.0,0.15,0.0,163,2225.4599999999978,0.3,0.01112729999999999,scheduled,,2014-03-08 06:00:00,2014-03-08 08:43:00,163,2225.46,0.008055346012269931,90,1228.7815950920235,0.15,0.0030719539877300584,73,996.6784049079747,0.3,0.004983392024539872
house2_event_11142,Dishwasher,original,,2014-03-08 16:41:00,2014-03-08 16:58:00,17,295.81,0.00147905,0,0.0,0.15,0.0,17,295.81,0.3,0.00147905,scheduled,,2014-03-09 06:00:00,2014-03-09 06:17:00,17,295.81,0.000739525,17,295.81,0.15,0.000739525,0,0.0,0.3,0.0
house2_event_11143,Dishwasher,original,,2014-03-11 09:09:00,2014-03-11 10:16:00,67,1258.27,0.0062913500000000054,0,0.0,0.15,0.0,67,1258.2700000000011,0.3,0.0062913500000000054,scheduled,,2014-03-11 09:14:00,2014-03-11 10:21:00,67,1258.27,0.0062913500000000054,0,0.0,0.15,0.0,67,1258.2700000000011,0.3,0.0062913500000000054
house2_event_11144,Dishwasher,original,,2014-03-11 18:20:00,2014-03-11 19:00:00,40,568.9,0.002844500000000002,0,0.0,0.15,0.0,40,568.9000000000003,0.3,0.002844500000000002,scheduled,,2014-03-12 06:00:00,2014-03-12 06:40:00,40,568.9,0.001422250000000001,40,568.9000000000003,0.15,0.001422250000000001,0,0.0,0.3,0.0
house2_event_11147,Dishwasher,original,,2014-03-16 15:42:00,2014-03-16 19:21:00,216,4072.78,0.020363900000000008,0,0.0,0.15,0.0,216,4072.780000000002,0.3,0.020363900000000008,scheduled,,2014-03-17 06:00:00,2014-03-17 09:39:00,216,4072.78,0.01612142083333334,90,1696.9916666666675,0.15,0.004242479166666669,126,2375.7883333333343,0.3,0.011878941666666672
house2_event_11148,Dishwasher,original,,2014-03-20 11:00:00,2014-03-20 11:22:00,22,419.13,0.0020956500000000006,0,0.0,0.15,0.0,22,419.1300000000001,0.3,0.0020956500000000006,scheduled,,2014-03-21 06:00:00,2014-03-21 06:22:00,22,419.13,0.0010478250000000003,22,419.1300000000001,0.15,0.0010478250000000003,0,0.0,0.3,0.0
house2_event_11149,Dishwasher,original,,2014-03-22 14:41:00,2014-03-23 11:08:00,1228,19963.71,0.08274860252442935,420,6827.978990228066,0.15,0.017069947475570165,808,13135.731009771838,0.3,0.06567865504885918,scheduled,,2014-03-23 06:00:00,2014-03-24 02:27:00,1228,19963.71,0.09136486172638289,208,3381.4753094462667,0.15,0.008453688273615666,1020,16582.234690553447,0.3,0.08291117345276723
house2_event_11150,Dishwasher,original,,2014-03-30 10:27:00,2014-04-01 22:49:00,3622,55258.71,0.2442550930701302,840,12815.38277194934,0.15,0.03203845692987335,2782,42443.32722805138,0.3,0.21221663614025688,scheduled,,2014-03-31 06:00:00,2014-04-02 18:22:00,3622,55258.71,0.24082240125621432,930,14188.459497515383,0.15,0.035471148743788455,2692,41070.25050248517,0.3,0.20535125251242586
house2_event_11151,Dishwasher,original,,2014-04-05 09:13:00,2014-04-05 11:38:00,144,2313.5,0.011567499999999972,0,0.0,0.15,0.0,144,2313.4999999999945,0.3,0.011567499999999972,scheduled,,2014-04-06 06:00:00,2014-04-06 08:25:00,144,2313.5,0.007952656249999988,90,1445.9374999999973,0.15,0.003614843749999993,54,867.562499999999,0.3,0.004337812499999995
house2_event_11152,Dishwasher,original,,2014-04-06 17:35:00,2014-04-06 17:51:00,16,312.76,0.0015638000000000004,0,0.0,0.15,0.0,16,312.7600000000001,0.3,0.0015638000000000004,scheduled,,2014-04-07 06:00:00,2014-04-07 06:16:00,16,312.76,0.0007819000000000002,16,312.7600000000001,0.15,0.0007819000000000002,0,0.0,0.3,0.0
house2_event_11153,Dishwasher,original,,2014-04-10 14:29:00,2014-04-10 20:49:00,378,6153.5,0.03076749999999976,0,0.0,0.15,0.0,378,6153.499999999953,0.3,0.03076749999999976,scheduled,,2014-04-11 06:00:00,2014-04-11 12:20:00,378,6153.5,0.02710470238095234,90,1465.119047619049,0.15,0.003662797619047623,288,4688.380952380943,0.3,0.023441904761904716
house2_event_11154,Dishwasher,original,,2014-04-12 09:39:00,2014-04-12 20:21:00,642,10581.05,0.052905250000000154,0,0.0,0.15,0.0,642,10581.05000000003,0.3,0.052905250000000154,scheduled,,2014-04-13 06:00:00,2014-04-13 16:42:00,642,10581.05,0.04919693808411228,90,1483.3247663551429,0.15,0.0037083119158878566,552,9097.725233644886,0.3,0.045488626168224425
house2_event_11155,Dishwasher,original,,2014-04-26 15:06:00,2014-04-26 19:38:00,272,4285.66,0.02142829999999992,0,0.0,0.15,0.0,272,4285.6599999999835,0.3,0.02142829999999992,scheduled,,2014-04-27 06:00:00,2014-04-27 10:32:00,272,4285.66,0.01788317683823528,90,1418.0492647058836,0.15,0.003545123161764709,182,2867.6107352941144,0.3,0.014338053676470572
house2_event_11156,Dishwasher,original,,2014-04-27 15:50:00,2014-04-28 06:06:00,856,13761.53,0.05530334485981284,336,5401.722056074745,0.15,0.013504305140186862,520,8359.807943925196,0.3,0.04179903971962598,scheduled,,2014-04-28 06:00:00,2014-04-28 20:16:00,856,13761.53,0.0651904254088782,90,1446.8898364485972,0.15,0.003617224591121493,766,12314.640163551343,0.3,0.06157320081775671
house2_event_11157,Dishwasher,original,,2014-05-08 15:33:00,2014-05-08 19:01:00,208,3712.33,0.018561650000000054,0,0.0,0.15,0.0,208,3712.330000000011,0.3,0.018561650000000054,scheduled,,2014-05-09 06:00:00,2014-05-09 09:28:00,208,3712.33,0.014545908413461562,90,1606.2966346153864,0.15,0.004015741586538465,118,2106.033365384619,0.3,0.010530166826923096
house2_event_11158,Dishwasher,original,,2014-05-10 18:37:00,2014-05-10 21:10:00,151,2584.77,0.012923849999999976,0,0.0,0.15,0.0,151,2584.7699999999954,0.3,0.012923849999999976,scheduled,,2014-05-11 06:00:00,2014-05-11 08:33:00,151,2584.77,0.009072371523178798,90,1540.5913907284746,0.15,0.003851478476821186,61,1044.1786092715222,0.3,0.005220893046357611
house2_event_11159,Dishwasher,original,,2014-05-11 12:01:00,2014-05-11 17:03:00,302,5157.45,0.02578724999999998,0,0.0,0.15,0.0,302,5157.449999999996,0.3,0.02578724999999998,scheduled,,2014-05-12 06:00:00,2014-05-12 11:02:00,302,5157.45,0.02194477897350986,90,1536.9884105960282,0.15,0.0038424710264900706,212,3620.4615894039584,0.3,0.01810230794701979
house2_event_11160,Dishwasher,original,,2014-05-12 09:08:00,2014-05-12 09:47:00,39,708.42,0.0035420999999999972,0,0.0,0.15,0.0,39,708.4199999999995,0.3,0.0035420999999999972,scheduled,,2014-05-13 06:00:00,2014-05-13 06:39:00,39,708.42,0.0017710499999999986,39,708.4199999999995,0.15,0.0017710499999999986,0,0.0,0.3,0.0
house2_event_11162,Dishwasher,original,,2014-05-23 12:10:00,2014-05-23 13:26:00,76,1394.05,0.006970250000000004,0,0.0,0.15,0.0,76,1394.0500000000009,0.3,0.006970250000000004,scheduled,,2014-05-24 06:05:00,2014-05-24 07:21:00,76,1394.05,0.003485125000000002,76,1394.0500000000009,0.15,0.003485125000000002,0,0.0,0.3,0.0
house2_event_11163,Dishwasher,original,,2014-05-23 13:49:00,2014-05-23 13:54:00,7,137.48,0.0006873999999999999,0,0.0,0.15,0.0,7,137.48,0.3,0.0006873999999999999,scheduled,,2014-05-24 06:00:00,2014-05-24 06:05:00,7,137.48,0.00034369999999999995,7,137.48,0.15,0.00034369999999999995,0,0.0,0.3,0.0
house2_event_11164,Dishwasher,original,,2014-05-24 07:23:00,2014-05-24 07:32:00,9,148.46,0.00045362777777777774,7,115.46888888888888,0.15,0.0002886722222222222,2,32.99111111111111,0.3,0.00016495555555555555,scheduled,,2014-05-25 06:00:00,2014-05-25 06:09:00,9,148.46,0.00037114999999999994,9,148.45999999999998,0.15,0.00037114999999999994,0,0.0,0.3,0.0
house2_event_11165,Dishwasher,original,,2014-05-25 07:32:00,2014-05-25 21:05:00,813,13287.98,0.06643990000000034,0,0.0,0.15,0.0,813,13287.980000000069,0.3,0.06643990000000034,scheduled,,2014-05-26 06:00:00,2014-05-26 19:33:00,813,13287.98,0.06276241476014773,90,1470.9940959409623,0.15,0.0036774852398524056,723,11816.985904059064,0.3,0.05908492952029532
house2_event_11168,Dishwasher,original,,2014-05-29 09:41:00,2014-05-29 09:45:00,5,79.9,0.0003995,0,0.0,0.15,0.0,5,79.9,0.3,0.0003995,scheduled,,2014-05-30 06:00:00,2014-05-30 06:04:00,5,79.9,0.00019975,5,79.9,0.15,0.00019975,0,0.0,0.3,0.0
house2_event_11170,Dishwasher,original,,2014-05-31 13:31:00,2014-05-31 20:45:00,433,7214.08,0.03607039999999976,0,0.0,0.15,0.0,433,7214.079999999953,0.3,0.03607039999999976,scheduled,,2014-06-01 06:00:00,2014-06-01 13:14:00,433,7214.08,0.0323217441108544,90,1499.462355658197,0.15,0.003748655889145493,343,5714.617644341783,0.3,0.02857308822170891
house2_event_11172,Dishwasher,original,,2014-06-04 13:17:00,2014-06-04 20:45:00,448,7285.73,0.03642865000000024,0,0.0,0.15,0.0,448,7285.730000000049,0.3,0.03642865000000024,scheduled,,2014-06-05 06:00:00,2014-06-05 13:28:00,448,7285.73,0.0327695222098215,90,1463.651116071426,0.15,0.003659127790178565,358,5822.078883928589,0.3,0.02911039441964294
house2_event_11173,Dishwasher,original,,2014-06-06 10:55:00,2014-06-06 11:32:00,37,720.86,0.003604299999999998,0,0.0,0.15,0.0,37,720.8599999999996,0.3,0.003604299999999998,scheduled,,2014-06-07 06:00:00,2014-06-07 06:37:00,37,720.86,0.001802149999999999,37,720.8599999999996,0.15,0.001802149999999999,0,0.0,0.3,0.0
house2_event_11174,Dishwasher,original,,2014-06-14 16:15:00,2014-06-14 22:35:00,382,5760.05,0.02880025000000011,0,0.0,0.15,0.0,382,5760.050000000022,0.3,0.02880025000000011,scheduled,,2014-06-15 06:00:00,2014-06-15 12:20:00,382,5760.05,0.025407550392670234,90,1357.0798429319377,0.15,0.003392699607329844,292,4402.970157068078,0.3,0.02201485078534039
house2_event_11175,Dishwasher,original,,2014-06-16 13:01:00,2014-06-16 13:10:00,9,167.62,0.0008381,0,0.0,0.15,0.0,9,167.62,0.3,0.0008381,scheduled,,2014-06-17 06:00:00,2014-06-17 06:09:00,9,167.62,0.00041905,9,167.62,0.15,0.00041905,0,0.0,0.3,0.0
house2_event_11177,Dishwasher,original,,2014-07-01 15:16:00,2014-07-01 19:19:00,243,3752.21,0.018761049999999967,0,0.0,0.15,0.0,243,3752.2099999999937,0.3,0.018761049999999967,scheduled,,2014-07-02 06:00:00,2014-07-02 10:03:00,243,3752.21,0.015286781481481462,90,1389.707407407406,0.15,0.0034742685185185146,153,2362.5025925925893,0.3,0.011812512962962946
house2_event_11178,Dishwasher,original,,2014-07-04 12:56:00,2014-07-04 17:47:00,290,4697.49,0.023487449999999927,0,0.0,0.15,0.0,290,4697.489999999985,0.3,0.023487449999999927,scheduled,,2014-07-05 06:00:00,2014-07-05 10:51:00,290,4697.49,0.019842845689655126,90,1457.8417241379302,0.15,0.003644604310344826,200,3239.6482758620605,0.3,0.0161982413793103
house2_event_11179,Dishwasher,original,,2014-07-06 07:24:00,2014-07-06 09:23:00,119,2215.23,0.0107969193277311,6,111.69226890756302,0.15,0.00027923067226890753,113,2103.5377310924387,0.3,0.010517688655462192,scheduled,,2014-07-06 07:29:00,2014-07-06 09:28:00,119,2215.23,0.01102961155462185,1,18.615378151260504,0.15,4.653844537815126e-05,118,2196.61462184874,0.3,0.010983073109243699
house2_event_11180,Dishwasher,original,,2014-07-07 08:40:00,2014-07-07 09:38:00,58,1056.7,0.005283499999999999,0,0.0,0.15,0.0,58,1056.6999999999998,0.3,0.005283499999999999,scheduled,,2014-07-08 06:00:00,2014-07-08 06:58:00,58,1056.7,0.0026417499999999996,58,1056.6999999999998,0.15,0.0026417499999999996,0,0.0,0.3,0.0
house2_event_11181,Dishwasher,original,,2014-07-09 17:14:00,2014-07-09 19:11:00,118,1990.88,0.009954399999999993,0,0.0,0.15,0.0,118,1990.879999999999,0.3,0.009954399999999993,scheduled,,2014-07-10 06:00:00,2014-07-10 07:57:00,118,1990.88,0.006158230508474572,90,1518.4677966101688,0.15,0.0037961694915254213,28,472.4122033898303,0.3,0.0023620610169491512
house2_event_11183,Dishwasher,original,,2014-07-12 07:29:00,2014-07-12 07:43:00,17,314.89,0.0015281426470588235,1,18.52294117647059,0.15,4.630735294117647e-05,16,296.3670588235294,0.3,0.001481835294117647,scheduled,,2014-07-12 07:34:00,2014-07-12 07:48:00,17,314.89,0.00157445,0,0.0,0.15,0.0,17,314.89,0.3,0.00157445
house2_event_11185,Dishwasher,original,,2014-07-12 22:09:00,2014-07-13 20:53:00,1363,22912.13,0.0969100729640493,420,7060.230814380102,0.15,0.017650577035950254,943,15851.899185619808,0.3,0.07925949592809904,scheduled,,2014-07-13 06:00:00,2014-07-14 04:44:00,1363,22912.13,0.10014601208730653,343,5765.855165077063,0.15,0.014414637912692657,1020,17146.274834922777,0.3,0.08573137417461388
house2_event_11186,Dishwasher,original,,2014-07-19 08:45:00,2014-07-19 15:33:00,411,7035.5,0.03517749999999982,0,0.0,0.15,0.0,411,7035.4999999999645,0.3,0.03517749999999982,scheduled,,2014-07-20 06:00:00,2014-07-20 12:48:00,411,7035.5,0.031325948905109355,90,1540.6204379562016,0.15,0.003851551094890504,321,5494.8795620437695,0.3,0.027474397810218848
house2_event_11187,Dishwasher,original,,2014-08-02 21:56:00,2014-08-03 06:22:00,505,8549.23,0.027890804801980085,351,5942.1380792078735,0.15,0.014855345198019683,154,2607.09192079208,0.3,0.0130354596039604,scheduled,,2014-08-03 06:00:00,2014-08-03 14:26:00,505,8549.23,0.03893708712871249,90,1523.625148514852,0.15,0.00380906287128713,415,7025.604851485073,0.3,0.03512802425742536
house2_event_11188,Dishwasher,original,,2014-08-04 14:01:00,2014-08-04 19:33:00,332,5492.88,0.027464399999999785,0,0.0,0.15,0.0,332,5492.879999999956,0.3,0.027464399999999785,scheduled,,2014-08-05 06:00:00,2014-08-05 11:32:00,332,5492.88,0.02374181566265048,90,1489.0337349397598,0.15,0.0037225843373493994,242,4003.8462650602164,0.3,0.02001923132530108
house2_event_11189,Dishwasher,original,,2014-08-05 14:48:00,2014-08-05 15:48:00,60,1073.38,0.0053669000000000034,0,0.0,0.15,0.0,60,1073.3800000000006,0.3,0.0053669000000000034,scheduled,,2014-08-06 06:00:00,2014-08-06 07:00:00,60,1073.38,0.0026834500000000017,60,1073.3800000000006,0.15,0.0026834500000000017,0,0.0,0.3,0.0
house2_event_11190,Dishwasher,original,,2014-08-06 17:20:00,2014-08-06 20:17:00,177,2932.74,0.014663700000000059,0,0.0,0.15,0.0,177,2932.7400000000116,0.3,0.014663700000000059,scheduled,,2014-08-07 06:00:00,2014-08-07 08:57:00,177,2932.74,0.0109356406779661,90,1491.223728813559,0.15,0.0037280593220338975,87,1441.5162711864405,0.3,0.0072075813559322015
house2_event_11191,Dishwasher,original,,2014-08-08 15:49:00,2014-08-08 21:25:00,336,5364.82,0.026824099999999858,0,0.0,0.15,0.0,336,5364.819999999972,0.3,0.026824099999999858,scheduled,,2014-08-09 06:00:00,2014-08-09 11:36:00,336,5364.82,0.023231586607142786,90,1437.005357142858,0.15,0.0035925133928571447,246,3927.8146428571285,0.3,0.01963907321428564
house2_event_11192,Dishwasher,original,,2014-08-09 14:26:00,2014-08-09 15:38:00,72,1217.37,0.006086849999999992,0,0.0,0.15,0.0,72,1217.3699999999985,0.3,0.006086849999999992,scheduled,,2014-08-10 06:09:00,2014-08-10 07:21:00,72,1217.37,0.003043424999999996,72,1217.3699999999985,0.15,0.003043424999999996,0,0.0,0.3,0.0
house2_event_11193,Dishwasher,original,,2014-08-09 17:30:00,2014-08-09 17:39:00,10,169.27,0.0008463499999999997,0,0.0,0.15,0.0,10,169.26999999999995,0.3,0.0008463499999999997,scheduled,,2014-08-10 06:00:00,2014-08-10 06:09:00,10,169.27,0.00042317499999999986,10,169.26999999999995,0.15,0.00042317499999999986,0,0.0,0.3,0.0
house2_event_11194,Dishwasher,original,,2014-08-14 08:24:00,2014-08-15 20:11:00,2146,34377.54,0.1550673752096946,420,6728.129916123051,0.15,0.016820324790307626,1726,27649.410083877396,0.3,0.13824705041938698,scheduled,,2014-08-15 06:00:00,2014-08-16 17:47:00,2146,34377.54,0.15146301989748578,510,8169.872041006582,0.15,0.020424680102516454,1636,26207.667958993865,0.3,0.13103833979496932
house2_event_11195,Dishwasher,original,,2014-08-17 17:36:00,2014-08-17 17:58:00,22,448.62,0.0022430999999999987,0,0.0,0.15,0.0,22,448.6199999999998,0.3,0.0022430999999999987,scheduled,,2014-08-18 06:00:00,2014-08-18 06:22:00,22,448.62,0.0011215499999999994,22,448.6199999999998,0.15,0.0011215499999999994,0,0.0,0.3,0.0
house2_event_11196,Dishwasher,original,,2014-08-19 08:36:00,2014-08-19 19:38:00,664,11566.56,0.05783279999999973,0,0.0,0.15,0.0,664,11566.559999999947,0.3,0.05783279999999973,scheduled,,2014-08-20 06:00:00,2014-08-20 17:02:00,664,11566.56,0.05391340843373471,90,1567.756626506022,0.15,0.003919391566265055,574,9998.80337349393,0.3,0.049994016867469654
house2_event_11197,Dishwasher,original,,2014-09-06 07:02:00,2014-09-06 07:58:00,56,1006.28,0.0037735500000000005,28,503.14000000000004,0.15,0.0012578500000000002,28,503.14000000000004,0.3,0.0025157000000000005,scheduled,,2014-09-06 07:07:00,2014-09-06 08:03:00,56,1006.28,0.003998166071428571,23,413.29357142857145,0.15,0.0010332339285714287,33,592.9864285714284,0.3,0.002964932142857142
house2_event_11198,Dishwasher,original,,2014-09-08 15:33:00,2014-09-08 16:18:00,45,835.4,0.004177000000000002,0,0.0,0.15,0.0,45,835.4000000000004,0.3,0.004177000000000002,scheduled,,2014-09-09 06:00:00,2014-09-09 06:45:00,45,835.4,0.002088500000000001,45,835.4000000000004,0.15,0.002088500000000001,0,0.0,0.3,0.0
house2_event_11199,Dishwasher,original,,2014-09-12 09:22:00,2014-09-12 09:37:00,15,276.41,0.0013820499999999997,0,0.0,0.15,0.0,15,276.40999999999997,0.3,0.0013820499999999997,scheduled,,2014-09-13 06:00:00,2014-09-13 06:15:00,15,276.41,0.0006910249999999998,15,276.40999999999997,0.15,0.0006910249999999998,0,0.0,0.3,0.0
house2_event_11200,Dishwasher,original,,2014-09-15 17:04:00,2014-09-15 20:18:00,194,3155.49,0.01577745000000003,0,0.0,0.15,0.0,194,3155.490000000006,0.3,0.01577745000000003,scheduled,,2014-09-16 06:00:00,2014-09-16 09:14:00,194,3155.49,0.012117732216494863,90,1463.8871134020637,0.15,0.003659717783505159,104,1691.6028865979406,0.3,0.008458014432989703
house2_event_11201,Dishwasher,original,,2014-09-17 13:51:00,2014-09-17 14:08:00,18,348.73,0.0017436499999999998,0,0.0,0.15,0.0,18,348.72999999999996,0.3,0.0017436499999999998,scheduled,,2014-09-18 06:00:00,2014-09-18 06:17:00,18,348.73,0.0008718249999999999,18,348.72999999999996,0.15,0.0008718249999999999,0,0.0,0.3,0.0
house2_event_11203,Dishwasher,original,,2014-09-19 15:41:00,2014-09-19 15:59:00,18,379.8,0.001899,0,0.0,0.15,0.0,18,379.80000000000007,0.3,0.001899,scheduled,,2014-09-20 06:00:00,2014-09-20 06:18:00,18,379.8,0.0009495,18,379.80000000000007,0.15,0.0009495,0,0.0,0.3,0.0
house2_event_11205,Dishwasher,original,,2014-09-20 11:42:00,2014-09-20 17:44:00,362,6074.19,0.030370950000000042,0,0.0,0.15,0.0,362,6074.190000000009,0.3,0.030370950000000042,scheduled,,2014-09-21 06:00:00,2014-09-21 12:02:00,362,6074.19,0.026595555662983356,90,1510.1577348066312,0.15,0.003775394337016578,272,4564.032265193356,0.3,0.022820161325966776
house2_event_11206,Dishwasher,original,,2014-09-22 08:05:00,2014-09-22 14:56:00,414,6753.64,0.03376820000000027,0,0.0,0.15,0.0,414,6753.640000000054,0.3,0.03376820000000027,scheduled,,2014-09-22 08:10:00,2014-09-22 15:01:00,414,6753.64,0.03376820000000027,0,0.0,0.15,0.0,414,6753.640000000054,0.3,0.03376820000000027
house2_event_11207,Dishwasher,original,,2014-09-22 15:55:00,2014-09-22 17:42:00,104,1775.64,0.00887819999999999,0,0.0,0.15,0.0,104,1775.639999999998,0.3,0.00887819999999999,scheduled,,2014-09-23 06:00:00,2014-09-23 07:47:00,104,1775.64,0.00503667115384615,90,1536.6115384615368,0.15,0.003841528846153842,14,239.02846153846158,0.3,0.0011951423076923078
house2_event_11209,Dishwasher,original,,2014-09-26 18:09:00,2014-09-26 19:58:00,110,1921.43,0.009607149999999986,0,0.0,0.15,0.0,110,1921.429999999997,0.3,0.009607149999999986,scheduled,,2014-09-27 06:00:00,2014-09-27 07:49:00,110,1921.43,0.005676952272727267,90,1572.0790909090888,0.15,0.003930197727272722,20,349.3509090909091,0.3,0.0017467545454545453
house2_event_11210,Dishwasher,original,,2014-09-27 07:44:00,2014-09-27 08:16:00,30,531.17,0.00265585,0,0.0,0.15,0.0,30,531.1700000000001,0.3,0.00265585,scheduled,,2014-09-27 07:49:00,2014-09-27 08:21:00,30,531.17,0.00265585,0,0.0,0.15,0.0,30,531.1700000000001,0.3,0.00265585
house2_event_11211,Dishwasher,original,,2014-09-27 15:43:00,2014-09-27 17:03:00,80,1234.82,0.006174099999999999,0,0.0,0.15,0.0,80,1234.82,0.3,0.006174099999999999,scheduled,,2014-09-28 06:00:00,2014-09-28 07:20:00,80,1234.82,0.0030870499999999996,80,1234.82,0.15,0.0030870499999999996,0,0.0,0.3,0.0
house2_event_11212,Dishwasher,original,,2014-09-29 15:15:00,2014-09-29 18:42:00,208,3372.61,0.016863050000000077,0,0.0,0.15,0.0,208,3372.610000000015,0.3,0.016863050000000077,scheduled,,2014-09-30 06:00:00,2014-09-30 09:27:00,208,3372.61,0.013214793990384648,90,1459.3024038461565,0.15,0.003648256009615391,118,1913.3075961538518,0.3,0.009566537980769257
house2_event_11213,Dishwasher,original,,2014-09-30 08:29:00,2014-09-30 18:47:00,618,10012.5,0.050062500000000294,0,0.0,0.15,0.0,618,10012.50000000006,0.3,0.050062500000000294,scheduled,,2014-09-30 08:34:00,2014-09-30 18:52:00,618,10012.5,0.050062500000000294,0,0.0,0.15,0.0,618,10012.50000000006,0.3,0.050062500000000294
house2_event_11214,Dishwasher,original,,2014-09-30 19:51:00,2014-09-30 22:09:00,138,2498.43,0.012492149999999999,0,0.0,0.15,0.0,138,2498.43,0.3,0.012492149999999999,scheduled,,2014-10-01 06:00:00,2014-10-01 08:18:00,138,2498.43,0.008418622826086958,90,1629.4108695652192,0.15,0.0040735271739130476,48,869.0191304347821,0.3,0.004345095652173911
house2_event_11215,Dishwasher,original,,2014-10-03 10:14:00,2014-10-03 10:29:00,18,322.06,0.0016102999999999998,0,0.0,0.15,0.0,18,322.06,0.3,0.0016102999999999998,scheduled,,2014-10-03 10:19:00,2014-10-03 10:34:00,18,322.06,0.0016102999999999998,0,0.0,0.15,0.0,18,322.06,0.3,0.0016102999999999998
house2_event_11216,Dishwasher,original,,2014-10-03 12:48:00,2014-10-03 14:22:00,94,1565.62,0.007828099999999987,0,0.0,0.15,0.0,94,1565.6199999999974,0.3,0.007828099999999987,scheduled,,2014-10-04 06:00:00,2014-10-04 07:34:00,94,1565.62,0.00408060531914893,90,1498.997872340423,0.15,0.003747494680851057,4,66.62212765957446,0.3,0.0003331106382978723
house2_event_11218,Dishwasher,original,,2014-10-05 22:43:00,2014-10-05 23:10:00,27,509.65,0.002548249999999999,0,0.0,0.15,0.0,27,509.64999999999975,0.3,0.002548249999999999,scheduled,,2014-10-06 06:00:00,2014-10-06 06:27:00,27,509.65,0.0012741249999999994,27,509.64999999999975,0.15,0.0012741249999999994,0,0.0,0.3,0.0
house2_event_11219,Dishwasher,original,,2014-10-06 11:57:00,2014-10-06 12:16:00,21,403.39,0.00201695,0,0.0,0.15,0.0,21,403.39000000000004,0.3,0.00201695,scheduled,,2014-10-07 06:00:00,2014-10-07 06:19:00,21,403.39,0.001008475,21,403.39000000000004,0.15,0.001008475,0,0.0,0.3,0.0
house2_event_11220,Dishwasher,original,,2014-10-09 08:17:00,2014-10-26 09:41:00,24564,368314.85,1.5739297266121361,7140,107057.80935515529,0.15,0.2676445233878882,17424,261257.0406448496,0.3,1.306285203224248,scheduled,,2014-10-10 06:00:00,2014-10-27 07:24:00,24564,368314.85,1.5707809675134552,7224,108317.3129946277,0.15,0.27079328248656925,17340,259997.53700537718,0.3,1.2999876850268859
house2_event_11221,Dishwasher,original,,2014-10-26 15:38:00,2014-10-26 19:39:00,241,3855.73,0.0192786500000001,0,0.0,0.15,0.0,241,3855.73000000002,0.3,0.0192786500000001,scheduled,,2014-10-27 06:00:00,2014-10-27 10:01:00,241,3855.73,0.0156789020746888,90,1439.8991701244795,0.15,0.0035997479253111983,151,2415.8308298755205,0.3,0.0120791541493776
house2_event_11222,Dishwasher,original,,2014-10-28 15:59:00,2014-10-28 18:35:00,158,2683.44,0.013417200000000023,0,0.0,0.15,0.0,158,2683.4400000000046,0.3,0.013417200000000023,scheduled,,2014-10-29 06:00:00,2014-10-29 08:36:00,158,2683.44,0.009595845569620244,90,1528.541772151897,0.15,0.003821354430379742,68,1154.8982278481003,0.3,0.005774491139240502
house2_event_11223,Dishwasher,original,,2014-10-30 08:54:00,2014-10-30 15:37:00,402,6803.5,0.03401750000000011,0,0.0,0.15,0.0,402,6803.500000000022,0.3,0.03401750000000011,scheduled,,2014-10-31 06:00:00,2014-10-31 12:43:00,402,6803.5,0.030209570895522384,90,1523.1716417910466,0.15,0.0038079291044776165,312,5280.328358208953,0.3,0.026401641791044768
house2_event_11224,Dishwasher,original,,2014-10-31 09:08:00,2014-10-31 15:40:00,390,6170.23,0.030851149999999765,0,0.0,0.15,0.0,390,6170.229999999953,0.3,0.030851149999999765,scheduled,,2014-11-01 06:00:00,2014-11-01 12:32:00,390,6170.23,0.02729140192307688,90,1423.8992307692326,0.15,0.0035597480769230814,300,4746.33076923076,0.3,0.023731653846153798
house2_event_11225,Dishwasher,original,,2014-11-05 16:37:00,2014-11-05 18:55:00,135,2086.93,0.01043464999999999,0,0.0,0.15,0.0,135,2086.929999999998,0.3,0.01043464999999999,scheduled,,2014-11-06 06:00:00,2014-11-06 08:18:00,135,2086.93,0.006956433333333328,90,1391.2866666666655,0.15,0.0034782166666666634,45,695.6433333333329,0.3,0.003478216666666664
house2_event_11226,Dishwasher,original,,2014-11-07 08:38:00,2014-11-07 08:58:00,20,384.39,0.0019219499999999993,0,0.0,0.15,0.0,20,384.38999999999993,0.3,0.0019219499999999993,scheduled,,2014-11-08 06:00:00,2014-11-08 06:20:00,20,384.39,0.0009609749999999997,20,384.38999999999993,0.15,0.0009609749999999997,0,0.0,0.3,0.0
house2_event_11227,Dishwasher,original,,2014-11-11 14:15:00,2014-11-11 19:37:00,323,6776.12,0.033880599999999914,0,0.0,0.15,0.0,323,6776.119999999982,0.3,0.033880599999999914,scheduled,,2014-11-12 06:00:00,2014-11-12 11:22:00,323,6776.12,0.029160392569659466,90,1888.0829721362204,0.15,0.00472020743034055,233,4888.037027863783,0.3,0.024440185139318914
house2_event_11232,Dishwasher,original,,2014-11-12 18:51:00,2014-11-12 23:26:00,278,4894.07,0.024470350000000186,0,0.0,0.15,0.0,278,4894.070000000037,0.3,0.024470350000000186,scheduled,,2014-11-13 06:00:00,2014-11-13 10:35:00,278,4894.07,0.020509322122302238,90,1584.4111510791367,0.15,0.003961027877697841,188,3309.65884892088,0.3,0.016548294244604397
house2_event_11233,Dishwasher,original,,2014-11-14 17:46:00,2014-11-14 23:00:00,311,5305.91,0.02652954999999998,0,0.0,0.15,0.0,311,5305.909999999996,0.3,0.02652954999999998,scheduled,,2014-11-15 06:00:00,2014-11-15 11:14:00,311,5305.91,0.022690869131832894,90,1535.4723472668843,0.15,0.0038386808681672106,221,3770.437652733137,0.3,0.018852188263665682
house2_event_11234,Dishwasher,original,,2014-11-16 15:33:00,2014-11-16 18:41:00,188,3119.81,0.015599050000000026,0,0.0,0.15,0.0,188,3119.8100000000054,0.3,0.015599050000000026,scheduled,,2014-11-17 06:00:00,2014-11-17 09:08:00,188,3119.81,0.011865234840425547,90,1493.526063829789,0.15,0.0037338151595744727,98,1626.283936170215,0.3,0.008131419680851074
house2_event_11235,Dishwasher,original,,2014-11-19 08:40:00,2014-11-19 09:21:00,41,845.35,0.0042267500000000005,0,0.0,0.15,0.0,41,845.3500000000001,0.3,0.0042267500000000005,scheduled,,2014-11-20 06:00:00,2014-11-20 06:41:00,41,845.35,0.0021133750000000002,41,845.3500000000001,0.15,0.0021133750000000002,0,0.0,0.3,0.0
house2_event_11236,Dishwasher,original,,2014-11-20 07:55:00,2014-11-20 10:15:00,137,2353.54,0.01176769999999999,0,0.0,0.15,0.0,137,2353.5399999999986,0.3,0.01176769999999999,scheduled,,2014-11-20 08:00:00,2014-11-20 10:20:00,137,2353.54,0.01176769999999999,0,0.0,0.15,0.0,137,2353.5399999999986,0.3,0.01176769999999999
house2_event_11237,Dishwasher,original,,2014-11-20 14:08:00,2014-11-20 21:58:00,473,8304.97,0.04152484999999987,0,0.0,0.15,0.0,473,8304.969999999974,0.3,0.04152484999999987,scheduled,,2014-11-21 06:00:00,2014-11-21 13:50:00,473,8304.97,0.03757428287526421,90,1580.226849894291,0.15,0.003950567124735727,383,6724.743150105697,0.3,0.033623715750528485
house2_event_11238,Dishwasher,original,,2014-11-23 08:21:00,2014-11-23 16:56:00,512,7836.16,0.03918080000000025,0,0.0,0.15,0.0,512,7836.160000000052,0.3,0.03918080000000025,scheduled,,2014-11-23 08:26:00,2014-11-23 17:01:00,512,7836.16,0.03918080000000025,0,0.0,0.15,0.0,512,7836.160000000052,0.3,0.03918080000000025
house2_event_11240,Dishwasher,original,,2014-11-23 18:14:00,2014-11-23 18:48:00,34,681.91,0.003409549999999998,0,0.0,0.15,0.0,34,681.9099999999996,0.3,0.003409549999999998,scheduled,,2014-11-24 06:00:00,2014-11-24 06:34:00,34,681.91,0.001704774999999999,34,681.9099999999996,0.15,0.001704774999999999,0,0.0,0.3,0.0
house2_event_11242,Dishwasher,original,,2014-11-24 15:48:00,2014-11-24 19:24:00,216,4213.1,0.02106549999999995,0,0.0,0.15,0.0,216,4213.099999999989,0.3,0.02106549999999995,scheduled,,2014-11-25 06:00:00,2014-11-25 09:36:00,216,4213.1,0.01667685416666664,90,1755.4583333333314,0.15,0.004388645833333329,126,2457.6416666666623,0.3,0.01228820833333331
house2_event_11243,Dishwasher,original,,2014-11-27 14:27:00,2014-11-27 15:32:00,65,1265.24,0.0063262,0,0.0,0.15,0.0,65,1265.24,0.3,0.0063262,scheduled,,2014-11-28 06:00:00,2014-11-28 07:05:00,65,1265.24,0.0031631,65,1265.24,0.15,0.0031631,0,0.0,0.3,0.0
house2_event_11244,Dishwasher,original,,2014-11-28 15:24:00,2014-11-28 15:41:00,17,323.29,0.00161645,0,0.0,0.15,0.0,17,323.29,0.3,0.00161645,scheduled,,2014-11-28 15:29:00,2014-11-28 15:46:00,17,323.29,0.00161645,0,0.0,0.15,0.0,17,323.29,0.3,0.00161645
house2_event_11245,Dishwasher,original,,2014-11-28 16:46:00,2014-11-28 23:22:00,396,6464.2,0.03232100000000013,0,0.0,0.15,0.0,396,6464.200000000026,0.3,0.03232100000000013,scheduled,,2014-11-29 06:00:00,2014-11-29 12:36:00,396,6464.2,0.028648159090909182,90,1469.1363636363646,0.15,0.003672840909090911,306,4995.063636363655,0.3,0.024975318181818272
house2_event_11247,Dishwasher,original,,2014-12-01 11:51:00,2014-12-01 11:56:00,6,128.98,0.0006448999999999999,0,0.0,0.15,0.0,6,128.98,0.3,0.0006448999999999999,scheduled,,2014-12-02 06:20:00,2014-12-02 06:25:00,6,128.98,0.00032244999999999995,6,128.98,0.15,0.00032244999999999995,0,0.0,0.3,0.0
house2_event_11248,Dishwasher,original,,2014-12-01 18:19:00,2014-12-01 18:39:00,18,370.26,0.0018512999999999995,0,0.0,0.15,0.0,18,370.25999999999993,0.3,0.0018512999999999995,scheduled,,2014-12-02 06:00:00,2014-12-02 06:20:00,18,370.26,0.0009256499999999998,18,370.25999999999993,0.15,0.0009256499999999998,0,0.0,0.3,0.0
house2_event_11249,Dishwasher,original,,2014-12-02 09:40:00,2014-12-02 10:23:00,41,791.61,0.003958049999999997,0,0.0,0.15,0.0,41,791.6099999999993,0.3,0.003958049999999997,scheduled,,2014-12-03 06:00:00,2014-12-03 06:43:00,41,791.61,0.0019790249999999984,41,791.6099999999993,0.15,0.0019790249999999984,0,0.0,0.3,0.0
house2_event_11251,Dishwasher,original,,2014-12-08 00:09:00,2014-12-08 07:08:00,421,7022.47,0.01843189869358682,400,6672.180522565369,0.15,0.01668045130641342,21,350.28947743467955,0.3,0.0017514473871733979,scheduled,,2014-12-08 06:00:00,2014-12-08 12:59:00,421,7022.47,0.03135924845605718,90,1501.240617577195,0.15,0.0037531015439429874,331,5521.229382422838,0.3,0.02760614691211419
house2_event_11253,Dishwasher,original,,2014-12-08 18:13:00,2014-12-08 22:44:00,271,4591.2,0.022955999999999924,0,0.0,0.15,0.0,271,4591.199999999985,0.3,0.022955999999999924,scheduled,,2014-12-09 06:00:00,2014-12-09 10:31:00,271,4591.2,0.019144118081180765,90,1524.752767527677,0.15,0.003811881918819192,181,3066.4472324723147,0.3,0.015332236162361573
house2_event_11255,Dishwasher,original,,2014-12-11 17:58:00,2014-12-12 11:53:00,1077,17846.96,0.0718352568245119,420,6959.817270194997,0.15,0.017399543175487493,657,10887.142729804884,0.3,0.054435713649024414,scheduled,,2014-12-12 06:00:00,2014-12-12 23:55:00,1077,17846.96,0.08550632646239344,90,1491.389415041784,0.15,0.0037284735376044605,987,16355.570584957797,0.3,0.08177785292478898
house2_event_11256,Dishwasher,original,,2014-12-13 14:13:00,2014-12-13 19:57:00,347,5565.07,0.027825349999999877,0,0.0,0.15,0.0,347,5565.069999999976,0.3,0.027825349999999877,scheduled,,2014-12-14 06:00:00,2014-12-14 11:44:00,347,5565.07,0.024216875216138384,90,1443.389913544669,0.15,0.0036084747838616726,257,4121.6800864553425,0.3,0.02060840043227671
house2_event_11257,Dishwasher,original,,2014-12-15 08:18:00,2014-12-15 09:02:00,47,793.89,0.003969449999999998,0,0.0,0.15,0.0,47,793.8899999999996,0.3,0.003969449999999998,scheduled,,2014-12-16 06:00:00,2014-12-16 06:44:00,47,793.89,0.001984724999999999,47,793.8899999999996,0.15,0.001984724999999999,0,0.0,0.3,0.0
house2_event_11258,Dishwasher,original,,2014-12-21 08:14:00,2014-12-21 21:07:00,773,12432.04,0.062160200000000485,0,0.0,0.15,0.0,773,12432.040000000095,0.3,0.062160200000000485,scheduled,,2014-12-22 06:00:00,2014-12-22 18:53:00,773,12432.04,0.05854155963777511,90,1447.4561448900376,0.15,0.0036186403622250943,683,10984.583855110002,0.3,0.054922919275550014
house2_event_11259,Dishwasher,original,,2014-12-24 16:03:00,2014-12-24 23:07:00,426,6837.15,0.03418574999999977,0,0.0,0.15,0.0,426,6837.149999999954,0.3,0.03418574999999977,scheduled,,2014-12-25 06:00:00,2014-12-25 13:04:00,426,6837.15,0.030574579225351967,90,1444.4683098591581,0.15,0.003611170774647895,336,5392.681690140815,0.3,0.026963408450704072
house2_event_11260,Dishwasher,original,,2014-12-27 15:48:00,2014-12-27 19:49:00,241,4235.8,0.02117900000000007,0,0.0,0.15,0.0,241,4235.800000000015,0.3,0.02117900000000007,scheduled,,2014-12-28 06:00:00,2014-12-28 10:01:00,241,4235.8,0.017224414937759384,90,1581.8340248962684,0.15,0.003954585062240671,151,2653.9659751037434,0.3,0.013269829875518715
house2_event_11261,Dishwasher,original,,2014-12-28 08:43:00,2014-12-30 09:44:00,2941,42944.65,0.18405893004079557,840,12265.72798367914,0.15,0.03066431995919785,2101,30678.922016319546,0.3,0.15339461008159772,scheduled,,2014-12-29 06:00:00,2014-12-31 07:01:00,2941,42944.65,0.18183211632947344,901,13156.453468208223,0.15,0.03289113367052056,2040,29788.196531790574,0.3,0.14894098265895286
house2_event_11267,Dishwasher,original,,2015-01-02 18:41:00,2015-01-02 19:33:00,52,1067.01,0.005335050000000001,0,0.0,0.15,0.0,52,1067.0100000000002,0.3,0.005335050000000001,scheduled,,2015-01-03 06:00:00,2015-01-03 06:52:00,52,1067.01,0.0026675250000000005,52,1067.0100000000002,0.15,0.0026675250000000005,0,0.0,0.3,0.0
house2_event_11268,Dishwasher,original,,2015-01-03 17:55:00,2015-01-03 22:25:00,270,4633.9,0.023169500000000117,0,0.0,0.15,0.0,270,4633.900000000023,0.3,0.023169500000000117,scheduled,,2015-01-04 06:00:00,2015-01-04 10:30:00,270,4633.9,0.019307916666666695,90,1544.6333333333307,0.15,0.0038615833333333262,180,3089.2666666666737,0.3,0.015446333333333367
house2_event_11269,Dishwasher,original,,2015-01-07 17:40:00,2015-01-07 19:51:00,134,2154.96,0.01077479999999999,0,0.0,0.15,0.0,134,2154.959999999998,0.3,0.01077479999999999,scheduled,,2015-01-08 06:00:00,2015-01-08 08:11:00,134,2154.96,0.007156397014925368,90,1447.361194029849,0.15,0.0036184029850746223,44,707.5988059701491,0.3,0.0035379940298507456
house2_event_11270,Dishwasher,original,,2015-01-09 10:56:00,2015-01-09 11:21:00,25,429.32,0.0021465999999999994,0,0.0,0.15,0.0,25,429.31999999999994,0.3,0.0021465999999999994,scheduled,,2015-01-09 11:01:00,2015-01-09 11:26:00,25,429.32,0.0021465999999999994,0,0.0,0.15,0.0,25,429.31999999999994,0.3,0.0021465999999999994
house2_event_11271,Dishwasher,original,,2015-01-09 12:45:00,2015-01-09 15:42:00,177,2980.83,0.014904150000000043,0,0.0,0.15,0.0,177,2980.830000000009,0.3,0.014904150000000043,scheduled,,2015-01-10 06:00:00,2015-01-10 08:57:00,177,2980.83,0.011114959322033907,90,1515.6762711864421,0.15,0.003789190677966105,87,1465.1537288135605,0.3,0.007325768644067802
house2_event_11272,Dishwasher,original,,2015-01-10 15:23:00,2015-01-10 15:32:00,12,195.55,0.0009777500000000003,0,0.0,0.15,0.0,12,195.55000000000007,0.3,0.0009777500000000003,scheduled,,2015-01-11 06:00:00,2015-01-11 06:09:00,12,195.55,0.0004888750000000002,12,195.55000000000007,0.15,0.0004888750000000002,0,0.0,0.3,0.0
house2_event_11273,Dishwasher,original,,2015-01-13 16:45:00,2015-01-13 18:13:00,91,1459.93,0.007299650000000002,0,0.0,0.15,0.0,91,1459.9300000000005,0.3,0.007299650000000002,scheduled,,2015-01-14 06:00:00,2015-01-14 07:28:00,91,1459.93,0.0036899329670329684,90,1443.8868131868137,0.15,0.003609717032967034,1,16.043186813186814,0.3,8.021593406593406e-05
house2_event_11274,Dishwasher,original,,2015-01-14 07:24:00,2015-01-14 08:59:00,94,1498.47,0.007253232446808507,6,95.64702127659574,0.15,0.00023911755319148934,88,1402.8229787234036,0.3,0.007014114893617017,scheduled,,2015-01-14 07:29:00,2015-01-14 09:04:00,94,1498.47,0.00745249707446808,1,15.941170212765957,0.15,3.985292553191489e-05,93,1482.528829787233,0.3,0.007412644148936165
house2_event_11277,Dishwasher,original,,2015-01-20 15:57:00,2015-01-20 17:46:00,107,2036.52,0.010182600000000016,0,0.0,0.15,0.0,107,2036.5200000000036,0.3,0.010182600000000016,scheduled,,2015-01-20 16:02:00,2015-01-20 17:51:00,107,2036.52,0.010182600000000016,0,0.0,0.15,0.0,107,2036.5200000000036,0.3,0.010182600000000016
house2_event_11278,Dishwasher,original,,2015-01-21 06:56:00,2015-01-21 09:10:00,134,2149.32,0.009383225373134317,34,545.3498507462684,0.15,0.0013633746268656712,100,1603.9701492537292,0.3,0.008019850746268646,scheduled,,2015-01-21 07:01:00,2015-01-21 09:15:00,134,2149.32,0.009583721641791032,29,465.1513432835818,0.15,0.0011628783582089545,105,1684.1686567164154,0.3,0.008420843283582077
house2_event_11279,Dishwasher,original,,2015-01-21 14:02:00,2015-01-21 15:58:00,116,2196.69,0.010983449999999983,0,0.0,0.15,0.0,116,2196.6899999999964,0.3,0.010983449999999983,scheduled,,2015-01-22 06:00:00,2015-01-22 07:56:00,116,2196.69,0.006722628879310339,90,1704.3284482758604,0.15,0.004260821120689651,26,492.36155172413777,0.3,0.0024618077586206883
house2_event_11280,Dishwasher,original,,2015-01-28 09:43:00,2015-01-28 11:24:00,104,1657.14,0.008285699999999986,0,0.0,0.15,0.0,104,1657.1399999999974,0.3,0.008285699999999986,scheduled,,2015-01-29 06:00:00,2015-01-29 07:41:00,104,1657.14,0.00470054134615384,90,1434.0634615384595,0.15,0.003585158653846148,14,223.0765384615384,0.3,0.001115382692307692
house2_event_11281,Dishwasher,original,,2015-01-30 10:44:00,2015-01-30 15:25:00,283,4772.96,0.02386479999999996,0,0.0,0.15,0.0,283,4772.959999999993,0.3,0.02386479999999996,scheduled,,2015-01-30 10:49:00,2015-01-30 15:30:00,283,4772.96,0.02386479999999996,0,0.0,0.15,0.0,283,4772.959999999993,0.3,0.02386479999999996
house2_event_11282,Dishwasher,original,,2015-01-30 17:47:00,2015-01-31 19:56:00,1569,25250.85,0.10935597562141602,420,6759.309751434001,0.15,0.016898274378585,1149,18491.540248566205,0.3,0.09245770124283102,scheduled,,2015-01-31 06:00:00,2015-02-01 08:09:00,1569,25250.85,0.10573491682600536,510,8207.733269598428,0.15,0.020519333173996068,1059,17043.11673040186,0.3,0.08521558365200929
house2_event_11283,Dishwasher,original,,2015-01-31 19:53:00,2015-02-01 00:39:00,288,5067.95,0.02485583116319433,11,193.56753472222223,0.15,0.0004839188368055555,277,4874.382465277755,0.3,0.024371912326388776,scheduled,,2015-02-01 06:00:00,2015-02-01 10:46:00,288,5067.95,0.02138041406249995,90,1583.734375000001,0.15,0.003959335937500003,198,3484.2156249999894,0.3,0.017421078124999947
house2_event_11285,Dishwasher,original,,2015-02-01 20:10:00,2015-02-01 22:29:00,137,2541.67,0.012708349999999976,0,0.0,0.15,0.0,137,2541.6699999999955,0.3,0.012708349999999976,scheduled,,2015-02-02 06:00:00,2015-02-02 08:19:00,137,2541.67,0.008534074452554734,90,1669.7102189780996,0.15,0.004174275547445249,47,871.9597810218971,0.3,0.004359798905109485
house2_event_11286,Dishwasher,original,,2015-02-02 11:28:00,2015-02-02 11:50:00,25,461.59,0.0023079499999999987,0,0.0,0.15,0.0,25,461.58999999999975,0.3,0.0023079499999999987,scheduled,,2015-02-02 11:33:00,2015-02-02 11:55:00,25,461.59,0.0023079499999999987,0,0.0,0.15,0.0,25,461.58999999999975,0.3,0.0023079499999999987
house2_event_11287,Dishwasher,original,,2015-02-02 15:15:00,2015-02-02 20:56:00,343,5484.34,0.027421700000000007,0,0.0,0.15,0.0,343,5484.340000000001,0.3,0.027421700000000007,scheduled,,2015-02-03 06:00:00,2015-02-03 11:41:00,343,5484.34,0.02382410087463547,90,1439.0396501457744,0.15,0.003597599125364436,253,4045.3003498542066,0.3,0.02022650174927103
house2_event_11289,Dishwasher,original,,2015-02-03 11:19:00,2015-02-03 17:22:00,364,6409.43,0.03204715000000008,0,0.0,0.15,0.0,364,6409.430000000017,0.3,0.03204715000000008,scheduled,,2015-02-04 06:00:00,2015-02-04 12:03:00,364,6409.43,0.028085277060439617,90,1584.7491758241763,0.15,0.003961872939560441,274,4824.680824175835,0.3,0.024123404120879176
house2_event_11290,Dishwasher,original,,2015-02-04 14:56:00,2015-02-04 19:51:00,298,5021.94,0.02510970000000012,0,0.0,0.15,0.0,298,5021.940000000024,0.3,0.02510970000000012,scheduled,,2015-02-05 06:00:00,2015-02-05 10:55:00,298,5021.94,0.021317966778523573,90,1516.6932885906067,0.15,0.0037917332214765166,208,3505.246711409411,0.3,0.017526233557047056
house2_event_11291,Dishwasher,original,,2015-02-06 10:06:00,2015-02-06 11:24:00,78,1616.85,0.008084250000000008,0,0.0,0.15,0.0,78,1616.8500000000017,0.3,0.008084250000000008,scheduled,,2015-02-07 06:00:00,2015-02-07 07:18:00,78,1616.85,0.004042125000000004,78,1616.8500000000017,0.15,0.004042125000000004,0,0.0,0.3,0.0
house2_event_11294,Dishwasher,original,,2015-02-07 13:45:00,2015-02-08 03:51:00,846,14488.97,0.06383881285460971,201,3442.4148581560203,0.15,0.00860603714539005,645,11046.555141843934,0.3,0.05523277570921967,scheduled,,2015-02-08 06:00:00,2015-02-08 20:06:00,846,14488.97,0.06859140053191466,90,1541.3797872340417,0.15,0.003853449468085104,756,12947.590212765912,0.3,0.06473795106382955
house2_event_11295,Dishwasher,original,,2015-02-08 19:57:00,2015-02-08 21:05:00,68,1081.33,0.005406650000000002,0,0.0,0.15,0.0,68,1081.3300000000004,0.3,0.005406650000000002,scheduled,,2015-02-09 06:00:00,2015-02-09 07:08:00,68,1081.33,0.002703325000000001,68,1081.3300000000004,0.15,0.002703325000000001,0,0.0,0.3,0.0
house2_event_11296,Dishwasher,original,,2015-02-12 17:47:00,2015-02-12 22:46:00,298,4508.01,0.022540049999999975,0,0.0,0.15,0.0,298,4508.009999999996,0.3,0.022540049999999975,scheduled,,2015-02-13 06:00:00,2015-02-13 10:59:00,298,4508.01,0.019136351174496677,90,1361.4795302013438,0.15,0.0034036988255033594,208,3146.530469798663,0.3,0.015732652348993317
house2_event_11297,Dishwasher,original,,2015-02-13 17:00:00,2015-02-13 22:51:00,351,5961.98,0.02980990000000016,0,0.0,0.15,0.0,351,5961.980000000032,0.3,0.02980990000000016,scheduled,,2015-02-14 06:00:00,2015-02-14 11:51:00,351,5961.98,0.025988117948717932,90,1528.71282051282,0.15,0.00382178205128205,261,4433.267179487177,0.3,0.02216633589743588
house2_event_11299,Dishwasher,original,,2015-02-25 08:27:00,2015-02-25 08:48:00,21,322.27,0.0016113500000000003,0,0.0,0.15,0.0,21,322.2700000000001,0.3,0.0016113500000000003,scheduled,,2015-02-26 06:00:00,2015-02-26 06:21:00,21,322.27,0.0008056750000000002,21,322.2700000000001,0.15,0.0008056750000000002,0,0.0,0.3,0.0
house2_event_11300,Dishwasher,original,,2015-02-26 15:30:00,2015-02-26 15:46:00,19,365.35,0.0018267500000000002,0,0.0,0.15,0.0,19,365.3500000000001,0.3,0.0018267500000000002,scheduled,,2015-02-27 06:00:00,2015-02-27 06:16:00,19,365.35,0.0009133750000000001,19,365.3500000000001,0.15,0.0009133750000000001,0,0.0,0.3,0.0
house2_event_11303,Dishwasher,original,,2015-02-28 08:03:00,2015-02-28 19:11:00,667,10740.78,0.053703900000000214,0,0.0,0.15,0.0,667,10740.780000000042,0.3,0.053703900000000214,scheduled,,2015-03-01 06:00:00,2015-03-01 17:08:00,667,10740.78,0.050080698350824515,90,1449.2806596701616,0.15,0.003623201649175404,577,9291.499340329821,0.3,0.04645749670164911
house2_event_11305,Dishwasher,original,,2015-03-02 16:26:00,2015-03-02 19:36:00,190,3065.08,0.01532540000000003,0,0.0,0.15,0.0,190,3065.0800000000063,0.3,0.01532540000000003,scheduled,,2015-03-03 06:00:00,2015-03-03 09:10:00,190,3065.08,0.011695700000000002,90,1451.88,0.15,0.0036297,100,1613.2000000000007,0.3,0.008066000000000002
house2_event_11306,Dishwasher,original,,2015-03-12 17:25:00,2015-03-12 18:40:00,75,1480.01,0.007400049999999992,0,0.0,0.15,0.0,75,1480.0099999999984,0.3,0.007400049999999992,scheduled,,2015-03-13 06:00:00,2015-03-13 07:15:00,75,1480.01,0.003700024999999996,75,1480.0099999999984,0.15,0.003700024999999996,0,0.0,0.3,0.0
house2_event_11307,Dishwasher,original,,2015-03-13 08:58:00,2015-03-13 09:23:00,27,510.92,0.002554600000000001,0,0.0,0.15,0.0,27,510.92000000000013,0.3,0.002554600000000001,scheduled,,2015-03-14 06:00:00,2015-03-14 06:25:00,27,510.92,0.0012773000000000005,27,510.92000000000013,0.15,0.0012773000000000005,0,0.0,0.3,0.0
house2_event_11308,Dishwasher,original,,2015-03-14 12:13:00,2015-03-14 22:52:00,639,10317.12,0.05158559999999973,0,0.0,0.15,0.0,639,10317.119999999946,0.3,0.05158559999999973,scheduled,,2015-03-15 06:00:00,2015-03-15 16:39:00,639,10317.12,0.04795281126760572,90,1453.1154929577451,0.15,0.0036327887323943627,549,8864.00450704227,0.3,0.044320022535211355
house2_event_11309,Dishwasher,original,,2015-03-16 15:05:00,2015-03-16 19:46:00,281,4607.59,0.023037950000000005,0,0.0,0.15,0.0,281,4607.590000000002,0.3,0.023037950000000005,scheduled,,2015-03-17 06:00:00,2015-03-17 10:41:00,281,4607.59,0.019348598576512503,90,1475.7405693950193,0.15,0.0036893514234875475,191,3131.8494306049915,0.3,0.015659247153024955
house2_event_11310,Dishwasher,original,,2015-03-26 18:58:00,2015-03-26 19:17:00,19,372.89,0.0018644500000000001,0,0.0,0.15,0.0,19,372.8900000000001,0.3,0.0018644500000000001,scheduled,,2015-03-27 06:00:00,2015-03-27 06:19:00,19,372.89,0.0009322250000000001,19,372.8900000000001,0.15,0.0009322250000000001,0,0.0,0.3,0.0
house2_event_11312,Dishwasher,original,,2015-04-12 15:57:00,2015-04-12 19:30:00,213,3628.59,0.01814294999999995,0,0.0,0.15,0.0,213,3628.58999999999,0.3,0.01814294999999995,scheduled,,2015-04-13 06:00:00,2015-04-13 09:33:00,213,3628.59,0.014309932394366166,90,1533.207042253518,0.15,0.003833017605633795,123,2095.382957746474,0.3,0.01047691478873237
house2_event_11314,Dishwasher,original,,2015-04-18 20:00:00,2015-04-19 00:41:00,281,4494.73,0.02203377428825635,11,175.9502846975089,0.15,0.0004398757117437722,270,4318.779715302516,0.3,0.021593898576512578,scheduled,,2015-04-19 06:00:00,2015-04-19 10:41:00,281,4494.73,0.018874666903914632,90,1439.5932384341622,0.15,0.003598983096085405,191,3055.136761565846,0.3,0.015275683807829229
house2_event_11315,Dishwasher,original,,2015-04-22 13:36:00,2015-04-22 22:23:00,527,8589.66,0.04294830000000034,0,0.0,0.15,0.0,527,8589.660000000069,0.3,0.04294830000000034,scheduled,,2015-04-23 06:00:00,2015-04-23 14:47:00,527,8589.66,0.03928098785578773,90,1466.9248576850073,0.15,0.0036673121442125185,437,7122.735142315043,0.3,0.03561367571157521
house2_event_11317,Dishwasher,original,,2015-04-30 15:26:00,2015-04-30 16:38:00,74,1223.27,0.0061163499999999935,0,0.0,0.15,0.0,74,1223.2699999999986,0.3,0.0061163499999999935,scheduled,,2015-05-01 06:00:00,2015-05-01 07:12:00,74,1223.27,0.0030581749999999967,74,1223.2699999999986,0.15,0.0030581749999999967,0,0.0,0.3,0.0
house2_event_11318,Dishwasher,original,,2015-05-02 07:44:00,2015-05-02 09:31:00,107,1964.89,0.00982444999999998,0,0.0,0.15,0.0,107,1964.889999999996,0.3,0.00982444999999998,scheduled,,2015-05-02 07:49:00,2015-05-02 09:36:00,107,1964.89,0.00982444999999998,0,0.0,0.15,0.0,107,1964.889999999996,0.3,0.00982444999999998
house2_event_11319,Dishwasher,original,,2015-05-02 12:11:00,2015-05-02 12:37:00,26,533.97,0.00266985,0,0.0,0.15,0.0,26,533.9700000000001,0.3,0.00266985,scheduled,,2015-05-03 06:00:00,2015-05-03 06:26:00,26,533.97,0.001334925,26,533.9700000000001,0.15,0.001334925,0,0.0,0.3,0.0
house2_event_11321,Dishwasher,original,,2015-05-09 12:07:00,2015-05-09 12:48:00,41,713.7,0.0035685,0,0.0,0.15,0.0,41,713.7,0.3,0.0035685,scheduled,,2015-05-10 06:00:00,2015-05-10 06:41:00,41,713.7,0.00178425,41,713.7,0.15,0.00178425,0,0.0,0.3,0.0
