event_id,appliance_name,appliance_id,original_start_time,original_end_time,optimized_start_time,optimized_end_time,duration_minutes,original_cost,optimized_cost,cost_savings,savings_percentage,is_shifted
Dishwasher_2013-10-10_01,Dishwasher,Appliance6,2013-10-10 10:45:00,2013-10-10 11:19:00,2013-10-10 13:00:00,2013-10-10 13:34:00,34,0.002933180555555555,0.0014665902777777776,0.0014665902777777776,50.0,True
Dishwasher_2013-10-25_01,Dishwasher,Appliance6,2013-10-25 10:11:00,2013-10-25 10:45:00,2013-10-25 13:11:00,2013-10-25 13:45:00,34,0.0025062182539682533,0.0012531091269841266,0.0012531091269841266,50.0,True
Dishwasher_2013-11-03_01,Dishwasher,Appliance6,2013-11-03 05:33:00,2013-11-03 06:08:00,2013-11-03 13:03:00,2013-11-03 13:38:00,35,0.1679136736111111,0.13792673611111111,0.029986937499999977,17.85854412872288,True
Dishwasher_2013-11-09_01,Dishwasher,Appliance6,2013-11-09 10:10:00,2013-11-09 10:46:00,2013-11-09 13:10:00,2013-11-09 13:46:00,36,0.24206099999999994,0.12103049999999997,0.12103049999999997,50.0,True
Dishwasher_2013-11-10_01,Dishwasher,Appliance6,2013-11-10 09:55:00,2013-11-10 10:19:00,2013-11-10 13:10:00,2013-11-10 13:34:00,24,0.06728891666666666,0.03364445833333333,0.03364445833333333,50.0,True
Dishwasher_2013-11-14_01,Dishwasher,Appliance6,2013-11-14 12:09:00,2013-11-14 12:42:00,2013-11-14 13:09:00,2013-11-14 13:42:00,33,0.0031353373015873013,0.0015676686507936507,0.0015676686507936507,50.0,True
Dishwasher_2013-11-19_01,Dishwasher,Appliance6,2013-11-19 05:29:00,2013-11-19 06:05:00,2013-11-19 13:14:00,2013-11-19 13:50:00,36,0.15689636688311692,0.14155836688311682,0.015338000000000102,9.77587964890637,True
Dishwasher_2013-12-22_01,Dishwasher,Appliance6,2013-12-22 10:10:00,2013-12-22 10:59:00,2013-12-22 13:10:00,2013-12-22 13:59:00,49,0.18958777976190475,0.09479388988095237,0.09479388988095237,50.0,True
Dishwasher_2013-12-24_02,Dishwasher,Appliance6,2013-12-24 12:17:00,2013-12-24 12:51:00,2013-12-24 13:02:00,2013-12-24 13:36:00,34,0.09135475595238093,0.04567737797619047,0.04567737797619047,50.0,True
Dishwasher_2013-12-25_02,Dishwasher,Appliance6,2013-12-25 11:54:00,2013-12-25 12:33:00,2013-12-25 13:09:00,2013-12-25 13:48:00,39,0.08213313095238094,0.04106656547619047,0.04106656547619047,50.0,True
Dishwasher_2013-12-26_02,Dishwasher,Appliance6,2013-12-26 23:17:00,2013-12-26 23:36:00,2013-12-27 13:02:00,2013-12-27 13:21:00,19,0.005841999999999999,0.0029209999999999996,0.0029209999999999996,50.0,True
Dishwasher_2014-03-25_01,Dishwasher,Appliance6,2014-03-25 00:10:00,2014-03-25 00:18:00,2014-03-25 13:10:00,2014-03-25 13:18:00,8,0.0032853333333333332,0.0016426666666666666,0.0016426666666666666,50.0,True
Dishwasher_2014-04-04_02,Dishwasher,Appliance6,2014-04-04 21:58:00,2014-04-04 22:17:00,2014-04-05 13:13:00,2014-04-05 13:32:00,19,0.005629761904761906,0.002955193452380952,0.0026745684523809534,47.50766546838656,True
Dishwasher_2014-04-05_01,Dishwasher,Appliance6,2014-04-05 11:43:00,2014-04-05 13:41:00,2014-04-05 13:13:00,2014-04-05 15:11:00,118,0.2670551616161617,0.18488091161616166,0.08217425000000006,30.770515537950576,True
Dishwasher_2014-04-08_01,Dishwasher,Appliance6,2014-04-08 10:32:00,2014-04-08 11:06:00,2014-04-08 13:02:00,2014-04-08 13:36:00,34,0.27625379365079367,0.13812689682539683,0.13812689682539683,50.0,True
Dishwasher_2014-04-12_01,Dishwasher,Appliance6,2014-04-12 09:21:00,2014-04-12 09:57:00,2014-04-12 13:06:00,2014-04-12 13:42:00,36,0.28853575,0.144267875,0.144267875,50.0,True
Dishwasher_2014-04-15_01,Dishwasher,Appliance6,2014-04-15 12:06:00,2014-04-15 12:41:00,2014-04-15 13:06:00,2014-04-15 13:41:00,35,0.289305755952381,0.1446528779761905,0.1446528779761905,50.0,True
Dishwasher_2014-04-26_01,Dishwasher,Appliance6,2014-04-26 12:40:00,2014-04-26 13:15:00,2014-04-26 13:10:00,2014-04-26 13:45:00,35,0.21044254761904763,0.13822176488095236,0.07222078273809526,34.31852710167361,True
Dishwasher_2014-05-02_01,Dishwasher,Appliance6,2014-05-02 09:26:00,2014-05-02 10:01:00,2014-05-02 13:11:00,2014-05-02 13:46:00,35,0.26812982341269836,0.13406491170634918,0.13406491170634918,50.0,True
Dishwasher_2014-05-24_01,Dishwasher,Appliance6,2014-05-24 11:44:00,2014-05-24 12:19:00,2014-05-24 13:14:00,2014-05-24 13:49:00,35,0.2700890178571429,0.13504450892857145,0.13504450892857145,50.0,True
Dishwasher_2014-06-14_01,Dishwasher,Appliance6,2014-06-14 12:24:00,2014-06-14 14:19:00,2014-06-14 13:09:00,2014-06-14 15:04:00,115,0.22631710894660897,0.1615627716450217,0.06475433730158728,28.612214782605598,True
Dishwasher_2014-06-17_01,Dishwasher,Appliance6,2014-06-17 12:12:00,2014-06-17 12:44:00,2014-06-17 13:12:00,2014-06-17 13:44:00,32,0.2363438412698412,0.1181719206349206,0.1181719206349206,50.0,True
Dishwasher_2014-06-20_01,Dishwasher,Appliance6,2014-06-20 09:09:00,2014-06-20 09:42:00,2014-06-20 13:09:00,2014-06-20 13:42:00,33,0.25772562438949936,0.12886281219474968,0.12886281219474968,50.0,True
Dishwasher_2014-06-22_01,Dishwasher,Appliance6,2014-06-22 11:41:00,2014-06-22 12:14:00,2014-06-22 13:11:00,2014-06-22 13:44:00,33,0.24521858333333335,0.12260929166666668,0.12260929166666668,50.0,True
Dishwasher_2014-06-26_01,Dishwasher,Appliance6,2014-06-26 08:58:00,2014-06-26 09:30:00,2014-06-26 13:13:00,2014-06-26 13:45:00,32,0.24996862716450216,0.12498431358225108,0.12498431358225108,50.0,True
Dishwasher_2014-06-30_01,Dishwasher,Appliance6,2014-06-30 09:21:00,2014-06-30 09:55:00,2014-06-30 13:06:00,2014-06-30 13:40:00,34,0.25544231547619045,0.12772115773809523,0.12772115773809523,50.0,True
Dishwasher_2014-07-04_01,Dishwasher,Appliance6,2014-07-04 08:44:00,2014-07-04 09:16:00,2014-07-04 13:14:00,2014-07-04 13:46:00,32,0.25200337301587306,0.12600168650793653,0.12600168650793653,50.0,True
Dishwasher_2014-07-08_01,Dishwasher,Appliance6,2014-07-08 07:39:00,2014-07-08 08:11:00,2014-07-08 13:09:00,2014-07-08 13:41:00,32,0.24512518560606056,0.12256259280303028,0.12256259280303028,50.0,True
Dishwasher_2014-07-15_01,Dishwasher,Appliance6,2014-07-15 09:31:00,2014-07-15 10:03:00,2014-07-15 13:01:00,2014-07-15 13:33:00,32,0.2446097976190476,0.1223048988095238,0.1223048988095238,50.0,True
Dishwasher_2014-07-19_01,Dishwasher,Appliance6,2014-07-19 12:58:00,2014-07-19 13:29:00,2014-07-19 13:13:00,2014-07-19 13:44:00,31,0.11643054761904761,0.11628304761904762,0.00014749999999999486,0.12668496628788886,True
Dishwasher_2014-07-22_01,Dishwasher,Appliance6,2014-07-22 09:00:00,2014-07-22 09:31:00,2014-07-22 13:00:00,2014-07-22 13:31:00,31,0.23893162067099571,0.11946581033549786,0.11946581033549786,50.0,True
Dishwasher_2014-07-25_01,Dishwasher,Appliance6,2014-07-25 10:47:00,2014-07-25 11:20:00,2014-07-25 13:02:00,2014-07-25 13:35:00,33,0.2463301150793651,0.12316505753968254,0.12316505753968254,50.0,True
Dishwasher_2014-07-26_01,Dishwasher,Appliance6,2014-07-26 08:41:00,2014-07-26 09:11:00,2014-07-26 13:11:00,2014-07-26 13:41:00,30,0.22486290674603174,0.11243145337301587,0.11243145337301587,50.0,True
Dishwasher_2014-07-31_01,Dishwasher,Appliance6,2014-07-31 08:43:00,2014-07-31 09:15:00,2014-07-31 13:13:00,2014-07-31 13:45:00,32,0.25147507341269837,0.12573753670634918,0.12573753670634918,50.0,True
Dishwasher_2014-08-07_01,Dishwasher,Appliance6,2014-08-07 08:32:00,2014-08-07 09:03:00,2014-08-07 13:02:00,2014-08-07 13:33:00,31,0.2387020615079365,0.11935103075396825,0.11935103075396825,50.0,True
Dishwasher_2014-08-15_01,Dishwasher,Appliance6,2014-08-15 10:12:00,2014-08-15 10:45:00,2014-08-15 13:12:00,2014-08-15 13:45:00,33,0.25561514484126985,0.12780757242063492,0.12780757242063492,50.0,True
Dishwasher_2014-08-16_01,Dishwasher,Appliance6,2014-08-16 09:18:00,2014-08-16 09:50:00,2014-08-16 13:03:00,2014-08-16 13:35:00,32,0.24350706547619047,0.12175353273809524,0.12175353273809524,50.0,True
Dishwasher_2014-08-19_01,Dishwasher,Appliance6,2014-08-19 08:33:00,2014-08-19 09:06:00,2014-08-19 13:03:00,2014-08-19 13:36:00,33,0.25835396212121214,0.12917698106060607,0.12917698106060607,50.0,True
Dishwasher_2014-08-23_01,Dishwasher,Appliance6,2014-08-23 08:26:00,2014-08-23 09:00:00,2014-08-23 13:11:00,2014-08-23 13:45:00,34,0.26411638492063494,0.13205819246031747,0.13205819246031747,50.0,True
Dishwasher_2014-08-26_01,Dishwasher,Appliance6,2014-08-26 06:29:00,2014-08-26 07:03:00,2014-08-26 13:14:00,2014-08-26 13:48:00,34,0.25885652002164494,0.12942826001082247,0.12942826001082247,50.0,True
Dishwasher_2014-08-29_01,Dishwasher,Appliance6,2014-08-29 10:01:00,2014-08-29 10:33:00,2014-08-29 13:01:00,2014-08-29 13:33:00,32,0.24846029761904764,0.12423014880952382,0.12423014880952382,50.0,True
Dishwasher_2014-09-16_01,Dishwasher,Appliance6,2014-09-16 11:01:00,2014-09-16 11:34:00,2014-09-16 13:01:00,2014-09-16 13:34:00,33,0.2543366011904762,0.1271683005952381,0.1271683005952381,50.0,True
Dishwasher_2014-09-23_01,Dishwasher,Appliance6,2014-09-23 12:11:00,2014-09-23 12:45:00,2014-09-23 13:11:00,2014-09-23 13:45:00,34,0.26401059325396825,0.13200529662698413,0.13200529662698413,50.0,True
Dishwasher_2014-10-11_01,Dishwasher,Appliance6,2014-10-11 12:34:00,2014-10-11 13:09:00,2014-10-11 13:04:00,2014-10-11 13:39:00,35,0.24017186011904762,0.13866114583333333,0.10151071428571429,42.2658650498846,True
Dishwasher_2014-11-01_01,Dishwasher,Appliance6,2014-11-01 10:48:00,2014-11-01 11:23:00,2014-11-01 13:03:00,2014-11-01 13:38:00,35,0.27295969246031754,0.13647984623015877,0.13647984623015877,50.0,True
Dishwasher_2014-11-07_01,Dishwasher,Appliance6,2014-11-07 12:18:00,2014-11-07 12:52:00,2014-11-07 13:03:00,2014-11-07 13:37:00,34,0.25877236111111107,0.12938618055555554,0.12938618055555554,50.0,True
Dishwasher_2014-12-20_01,Dishwasher,Appliance6,2014-12-20 11:01:00,2014-12-20 11:35:00,2014-12-20 13:01:00,2014-12-20 13:35:00,34,0.26865362500000006,0.13432681250000003,0.13432681250000003,50.0,True
Dishwasher_2014-12-24_01,Dishwasher,Appliance6,2014-12-24 11:18:00,2014-12-24 11:54:00,2014-12-24 13:03:00,2014-12-24 13:39:00,36,0.291633492063492,0.145816746031746,0.145816746031746,50.0,True
Dishwasher_2014-12-25_02,Dishwasher,Appliance6,2014-12-25 11:17:00,2014-12-25 11:36:00,2014-12-25 13:02:00,2014-12-25 13:21:00,19,0.005733541666666665,0.0028667708333333327,0.0028667708333333327,50.0,True
Dishwasher_2014-12-26_02,Dishwasher,Appliance6,2014-12-26 17:24:00,2014-12-26 17:59:00,2014-12-26 20:09:00,2014-12-26 20:44:00,35,0.2664089305555556,0.1332044652777778,0.1332044652777778,50.0,True
Dishwasher_2014-12-27_01,Dishwasher,Appliance6,2014-12-27 11:53:00,2014-12-27 12:31:00,2014-12-27 13:08:00,2014-12-27 13:46:00,38,0.2977510833333334,0.1488755416666667,0.1488755416666667,50.0,True
Dishwasher_2014-12-29_01,Dishwasher,Appliance6,2014-12-29 11:17:00,2014-12-29 11:54:00,2014-12-29 13:02:00,2014-12-29 13:39:00,37,0.29683221230158735,0.14841610615079368,0.14841610615079368,50.0,True
Dishwasher_2015-01-09_01,Dishwasher,Appliance6,2015-01-09 10:43:00,2015-01-09 11:19:00,2015-01-09 13:13:00,2015-01-09 13:49:00,36,0.30314261111111107,0.15157130555555554,0.15157130555555554,50.0,True
Dishwasher_2015-01-24_01,Dishwasher,Appliance6,2015-01-24 11:25:00,2015-01-24 12:02:00,2015-01-24 13:10:00,2015-01-24 13:47:00,37,0.29553333333333337,0.14776666666666669,0.14776666666666669,50.0,True
Dishwasher_2015-02-03_01,Dishwasher,Appliance6,2015-02-03 12:39:00,2015-02-03 13:16:00,2015-02-03 13:09:00,2015-02-03 13:46:00,37,0.23105394444444452,0.15135435416666673,0.07969959027777779,34.493931912485074,True
Dishwasher_2015-02-08_01,Dishwasher,Appliance6,2015-02-08 12:23:00,2015-02-08 13:00:00,2015-02-08 13:08:00,2015-02-08 13:45:00,37,0.29500969444444447,0.14750609722222222,0.14750359722222225,49.999576285110784,True
Dishwasher_2015-02-21_01,Dishwasher,Appliance6,2015-02-21 00:46:00,2015-02-21 01:05:00,2015-02-21 13:01:00,2015-02-21 13:20:00,19,0.005317333333333333,0.0029783888888888885,0.0023389444444444443,43.987169842861924,True
Dishwasher_2015-03-30_01,Dishwasher,Appliance6,2015-03-30 10:03:00,2015-03-30 10:40:00,2015-03-30 13:03:00,2015-03-30 13:40:00,37,0.2908163888888889,0.14540819444444444,0.14540819444444444,50.0,True
Dishwasher_2015-04-10_01,Dishwasher,Appliance6,2015-04-10 11:21:00,2015-04-10 11:58:00,2015-04-10 13:06:00,2015-04-10 13:43:00,37,0.29444840404040407,0.14722420202020203,0.14722420202020203,50.0,True
Dishwasher_2015-04-14_01,Dishwasher,Appliance6,2015-04-14 11:11:00,2015-04-14 11:46:00,2015-04-14 13:11:00,2015-04-14 13:46:00,35,0.2875616666666666,0.1437808333333333,0.1437808333333333,50.0,True
Dishwasher_2015-04-18_01,Dishwasher,Appliance6,2015-04-18 18:00:00,2015-04-18 18:36:00,2015-04-18 20:00:00,2015-04-18 20:36:00,36,0.28064600198412704,0.14032300099206352,0.14032300099206352,50.0,True
Dishwasher_2015-04-21_01,Dishwasher,Appliance6,2015-04-21 11:47:00,2015-04-21 12:22:00,2015-04-21 13:02:00,2015-04-21 13:37:00,35,0.2825987638888889,0.14129938194444444,0.14129938194444444,50.0,True
Dishwasher_2015-04-22_01,Dishwasher,Appliance6,2015-04-22 10:37:00,2015-04-22 11:12:00,2015-04-22 13:07:00,2015-04-22 13:42:00,35,0.27278903174603175,0.13639451587301588,0.13639451587301588,50.0,True
Dishwasher_2015-04-23_01,Dishwasher,Appliance6,2015-04-23 11:20:00,2015-04-23 11:54:00,2015-04-23 13:05:00,2015-04-23 13:39:00,34,0.2707170972222221,0.13535854861111105,0.13535854861111105,50.0,True
Dishwasher_2015-04-24_01,Dishwasher,Appliance6,2015-04-24 10:09:00,2015-04-24 10:44:00,2015-04-24 13:09:00,2015-04-24 13:44:00,35,0.2771061805555555,0.13855309027777776,0.13855309027777776,50.0,True
Dishwasher_2015-04-26_01,Dishwasher,Appliance6,2015-04-26 12:29:00,2015-04-26 13:03:00,2015-04-26 13:14:00,2015-04-26 13:48:00,34,0.2688384999999999,0.13797803472222225,0.13086046527777767,48.676236951841986,True
Dishwasher_2015-05-05_01,Dishwasher,Appliance6,2015-05-05 12:03:00,2015-05-05 12:37:00,2015-05-05 13:03:00,2015-05-05 13:37:00,34,0.27680434126984127,0.13840217063492063,0.13840217063492063,50.0,True
Dishwasher_2015-05-09_01,Dishwasher,Appliance6,2015-05-09 09:59:00,2015-05-09 10:34:00,2015-05-09 13:14:00,2015-05-09 13:49:00,35,0.27304186706349204,0.13652093353174602,0.13652093353174602,50.0,True
Dishwasher_2015-05-28_01,Dishwasher,Appliance6,2015-05-28 12:04:00,2015-05-28 12:37:00,2015-05-28 13:04:00,2015-05-28 13:37:00,33,0.2686284563492064,0.1343142281746032,0.1343142281746032,50.0,True
Dishwasher_2015-05-30_02,Dishwasher,Appliance6,2015-05-30 10:20:00,2015-05-30 10:54:00,2015-05-30 13:05:00,2015-05-30 13:39:00,34,0.26870555555555553,0.13435277777777777,0.13435277777777777,50.0,True
Dishwasher_2015-05-31_01,Dishwasher,Appliance6,2015-05-31 10:26:00,2015-05-31 10:59:00,2015-05-31 13:11:00,2015-05-31 13:44:00,33,0.2487512202380952,0.1243756101190476,0.1243756101190476,50.0,True
Dishwasher_2015-06-02_01,Dishwasher,Appliance6,2015-06-02 11:50:00,2015-06-02 12:24:00,2015-06-02 13:05:00,2015-06-02 13:39:00,34,0.2674315277777777,0.13371576388888884,0.13371576388888884,50.0,True
Dishwasher_2015-06-05_01,Dishwasher,Appliance6,2015-06-05 12:11:00,2015-06-05 12:47:00,2015-06-05 13:11:00,2015-06-05 13:47:00,36,0.17137013888888886,0.08568506944444443,0.08568506944444443,50.0,True
Dishwasher_2015-06-08_01,Dishwasher,Appliance6,2015-06-08 10:11:00,2015-06-08 10:45:00,2015-06-08 13:11:00,2015-06-08 13:45:00,34,0.2627359682539682,0.1313679841269841,0.1313679841269841,50.0,True
Dishwasher_2015-07-03_01,Dishwasher,Appliance6,2015-07-03 10:15:00,2015-07-03 10:47:00,2015-07-03 13:00:00,2015-07-03 13:32:00,32,0.24639409920634925,0.12319704960317462,0.12319704960317462,50.0,True
Tumble_Dryer_2013-10-24_01,Tumble Dryer,Appliance4,2013-10-24 10:56:00,2013-10-24 11:07:00,2013-10-24 13:11:00,2013-10-24 13:22:00,11,0.007439696969696969,0.0037198484848484847,0.0037198484848484847,50.0,True
Tumble_Dryer_2013-10-28_01,Tumble Dryer,Appliance4,2013-10-28 08:12:00,2013-10-28 08:19:00,2013-10-28 13:12:00,2013-10-28 13:19:00,7,0.04380808333333333,0.021904041666666665,0.021904041666666665,50.0,True
Tumble_Dryer_2013-11-01_01,Tumble Dryer,Appliance4,2013-11-01 07:13:00,2013-11-01 07:31:00,2013-11-01 13:13:00,2013-11-01 13:31:00,18,0.0770853472222222,0.0385426736111111,0.0385426736111111,50.0,True
Tumble_Dryer_2013-11-08_01,Tumble Dryer,Appliance4,2013-11-08 16:12:00,2013-11-08 16:18:00,2013-11-08 20:12:00,2013-11-08 20:18:00,6,0.00012,6e-05,6e-05,50.0,True
Tumble_Dryer_2013-11-13_01,Tumble Dryer,Appliance4,2013-11-13 11:51:00,2013-11-13 11:56:00,2013-11-13 13:06:00,2013-11-13 13:11:00,5,0.00139625,0.000698125,0.000698125,50.0,True
Tumble_Dryer_2013-11-14_01,Tumble Dryer,Appliance4,2013-11-14 18:11:00,2013-11-14 18:20:00,2013-11-14 20:11:00,2013-11-14 20:20:00,9,0.00272,0.00136,0.00136,50.0,True
Tumble_Dryer_2013-11-15_01,Tumble Dryer,Appliance4,2013-11-15 06:59:00,2013-11-15 07:11:00,2013-11-15 13:14:00,2013-11-15 13:26:00,12,0.007680000000000001,0.0038400000000000005,0.0038400000000000005,50.0,True
Tumble_Dryer_2013-11-16_01,Tumble Dryer,Appliance4,2013-11-16 07:16:00,2013-11-16 07:23:00,2013-11-16 13:01:00,2013-11-16 13:08:00,7,0.06384830808080807,0.03192415404040404,0.03192415404040404,50.0,True
Tumble_Dryer_2013-11-27_01,Tumble Dryer,Appliance4,2013-11-27 12:36:00,2013-11-27 12:49:00,2013-11-27 13:06:00,2013-11-27 13:19:00,13,0.013298035714285712,0.006649017857142856,0.006649017857142856,50.0,True
Tumble_Dryer_2013-12-08_01,Tumble Dryer,Appliance4,2013-12-08 09:33:00,2013-12-08 09:41:00,2013-12-08 13:03:00,2013-12-08 13:11:00,8,0.04007631547619047,0.020038157738095235,0.020038157738095235,50.0,True
Tumble_Dryer_2013-12-23_01,Tumble Dryer,Appliance4,2013-12-23 11:01:00,2013-12-23 11:13:00,2013-12-23 13:01:00,2013-12-23 13:13:00,12,0.08701126803751805,0.043505634018759023,0.043505634018759023,50.0,True
Tumble_Dryer_2013-12-26_01,Tumble Dryer,Appliance4,2013-12-26 07:20:00,2013-12-26 07:36:00,2013-12-26 13:05:00,2013-12-26 13:21:00,16,0.1354689563492063,0.06773447817460315,0.06773447817460315,50.0,True
Tumble_Dryer_2014-01-08_01,Tumble Dryer,Appliance4,2014-01-08 12:50:00,2014-01-08 13:02:00,2014-01-08 13:05:00,2014-01-08 13:17:00,12,0.00016,8e-05,8e-05,50.0,True
Tumble_Dryer_2014-03-07_03,Tumble Dryer,Appliance4,2014-03-07 09:29:00,2014-03-07 09:34:00,2014-03-07 13:14:00,2014-03-07 13:19:00,5,0.000312,0.000156,0.000156,50.0,True
Tumble_Dryer_2014-03-19_02,Tumble Dryer,Appliance4,2014-03-19 11:48:00,2014-03-19 12:00:00,2014-03-19 13:03:00,2014-03-19 13:15:00,12,0.001712,0.000856,0.000856,50.0,True
Tumble_Dryer_2014-03-25_01,Tumble Dryer,Appliance4,2014-03-25 10:09:00,2014-03-25 11:09:00,2014-03-25 13:09:00,2014-03-25 14:09:00,60,0.011064000000000006,0.005532000000000003,0.005532000000000003,50.0,True
Tumble_Dryer_2014-03-27_01,Tumble Dryer,Appliance4,2014-03-27 09:48:00,2014-03-27 09:54:00,2014-03-27 13:03:00,2014-03-27 13:09:00,6,0.0008551111111111112,0.0004275555555555556,0.0004275555555555556,50.0,True
Tumble_Dryer_2014-04-01_04,Tumble Dryer,Appliance4,2014-04-01 23:13:00,2014-04-01 23:21:00,2014-04-02 13:13:00,2014-04-02 13:21:00,8,0.0005709890109890111,0.00028549450549450554,0.00028549450549450554,50.0,True
Tumble_Dryer_2014-04-02_05,Tumble Dryer,Appliance4,2014-04-02 22:25:00,2014-04-02 22:34:00,2014-04-03 13:10:00,2014-04-03 13:19:00,9,0.002605714285714286,0.001302857142857143,0.001302857142857143,50.0,True
Tumble_Dryer_2014-04-03_01,Tumble Dryer,Appliance4,2014-04-03 00:22:00,2014-04-03 00:29:00,2014-04-03 13:07:00,2014-04-03 13:14:00,7,0.000896,0.000448,0.000448,50.0,True
Tumble_Dryer_2014-04-04_02,Tumble Dryer,Appliance4,2014-04-04 15:58:00,2014-04-04 16:06:00,2014-04-04 20:13:00,2014-04-04 20:21:00,8,0.03852950793650794,0.025830959325396825,0.012698548611111114,32.9579828323705,True
Tumble_Dryer_2014-04-08_01,Tumble Dryer,Appliance4,2014-04-08 12:34:00,2014-04-08 12:45:00,2014-04-08 13:04:00,2014-04-08 13:15:00,11,0.08340394642857142,0.04170197321428571,0.04170197321428571,50.0,True
Tumble_Dryer_2014-04-17_02,Tumble Dryer,Appliance4,2014-04-17 09:43:00,2014-04-17 09:48:00,2014-04-17 13:13:00,2014-04-17 13:18:00,5,0.0012469841269841268,0.0006234920634920634,0.0006234920634920634,50.0,True
Tumble_Dryer_2014-04-19_01,Tumble Dryer,Appliance4,2014-04-19 06:03:00,2014-04-19 06:20:00,2014-04-19 13:03:00,2014-04-19 13:20:00,17,0.010400000000000001,0.005200000000000001,0.005200000000000001,50.0,True
Tumble_Dryer_2014-04-20_01,Tumble Dryer,Appliance4,2014-04-20 00:15:00,2014-04-20 00:37:00,2014-04-20 13:00:00,2014-04-20 13:22:00,22,0.01001904761904762,0.00500952380952381,0.00500952380952381,50.0,True
Tumble_Dryer_2014-04-25_03,Tumble Dryer,Appliance4,2014-04-25 23:52:00,2014-04-26 00:01:00,2014-04-26 13:07:00,2014-04-26 13:16:00,9,0.000696,0.000348,0.000348,50.0,True
Tumble_Dryer_2014-04-30_02,Tumble Dryer,Appliance4,2014-04-30 06:49:00,2014-04-30 06:58:00,2014-04-30 13:04:00,2014-04-30 13:13:00,9,0.07476952777777779,0.037384763888888894,0.037384763888888894,50.0,True
Tumble_Dryer_2014-05-08_06,Tumble Dryer,Appliance4,2014-05-08 17:01:00,2014-05-08 17:09:00,2014-05-08 20:01:00,2014-05-08 20:09:00,8,0.002256,0.001128,0.001128,50.0,True
Tumble_Dryer_2014-05-22_04,Tumble Dryer,Appliance4,2014-05-22 12:38:00,2014-05-22 13:05:00,2014-05-22 13:08:00,2014-05-22 13:35:00,27,0.0004900000000000001,0.00027000000000000006,0.00022000000000000003,44.89795918367347,True
Tumble_Dryer_2014-05-27_01,Tumble Dryer,Appliance4,2014-05-27 08:27:00,2014-05-27 08:40:00,2014-05-27 13:12:00,2014-05-27 13:25:00,13,0.002,0.001,0.001,50.0,True
Tumble_Dryer_2014-05-30_01,Tumble Dryer,Appliance4,2014-05-30 00:36:00,2014-05-30 00:54:00,2014-05-30 13:06:00,2014-05-30 13:24:00,18,0.000692,0.000346,0.000346,50.0,True
Tumble_Dryer_2014-05-31_01,Tumble Dryer,Appliance4,2014-05-31 00:10:00,2014-05-31 00:20:00,2014-05-31 13:10:00,2014-05-31 13:20:00,10,0.00039200000000000004,0.00019600000000000002,0.00019600000000000002,50.0,True
Tumble_Dryer_2014-06-03_05,Tumble Dryer,Appliance4,2014-06-03 23:33:00,2014-06-03 23:47:00,2014-06-04 13:03:00,2014-06-04 13:17:00,14,0.000288,0.000144,0.000144,50.0,True
Tumble_Dryer_2014-06-04_07,Tumble Dryer,Appliance4,2014-06-04 12:05:00,2014-06-04 12:15:00,2014-06-04 13:05:00,2014-06-04 13:15:00,10,0.0007377777777777778,0.0003688888888888889,0.0003688888888888889,50.0,True
Tumble_Dryer_2014-06-05_01,Tumble Dryer,Appliance4,2014-06-05 11:11:00,2014-06-05 11:27:00,2014-06-05 13:11:00,2014-06-05 13:27:00,16,0.001232,0.000616,0.000616,50.0,True
Tumble_Dryer_2014-06-06_04,Tumble Dryer,Appliance4,2014-06-06 08:01:00,2014-06-06 08:12:00,2014-06-06 13:01:00,2014-06-06 13:12:00,11,0.000626,0.000313,0.000313,50.0,True
Tumble_Dryer_2014-06-12_06,Tumble Dryer,Appliance4,2014-06-12 05:44:00,2014-06-12 06:02:00,2014-06-12 13:14:00,2014-06-12 13:32:00,18,0.0007271111111111111,0.0006791111111111111,4.7999999999999974e-05,6.601466992665034,True
Tumble_Dryer_2014-06-23_01,Tumble Dryer,Appliance4,2014-06-23 21:53:00,2014-06-23 22:15:00,2014-06-24 13:08:00,2014-06-24 13:30:00,22,0.005662857142857142,0.003331428571428571,0.002331428571428571,41.170534813319875,True
Tumble_Dryer_2014-06-24_01,Tumble Dryer,Appliance4,2014-06-24 12:22:00,2014-06-24 12:34:00,2014-06-24 13:07:00,2014-06-24 13:19:00,12,0.000944,0.000472,0.000472,50.0,True
Tumble_Dryer_2014-06-25_01,Tumble Dryer,Appliance4,2014-06-25 04:56:00,2014-06-25 06:11:00,2014-06-25 04:56:00,2014-06-25 06:11:00,75,0.013440000000000014,0.013440000000000014,0.0,0.0,False
Tumble_Dryer_2014-06-27_02,Tumble Dryer,Appliance4,2014-06-27 09:43:00,2014-06-27 11:32:00,2014-06-27 13:13:00,2014-06-27 15:02:00,109,0.00995044444444446,0.00497522222222223,0.00497522222222223,50.0,True
Tumble_Dryer_2014-06-28_01,Tumble Dryer,Appliance4,2014-06-28 06:13:00,2014-06-28 06:33:00,2014-06-28 13:13:00,2014-06-28 13:33:00,20,0.03602687500000001,0.018013437500000003,0.018013437500000003,50.0,True
Tumble_Dryer_2014-06-30_01,Tumble Dryer,Appliance4,2014-06-30 09:40:00,2014-06-30 09:53:00,2014-06-30 13:10:00,2014-06-30 13:23:00,13,0.00102,0.00051,0.00051,50.0,True
Tumble_Dryer_2014-07-01_01,Tumble Dryer,Appliance4,2014-07-01 06:20:00,2014-07-01 06:37:00,2014-07-01 13:05:00,2014-07-01 13:22:00,17,0.0026400000000000004,0.0013200000000000002,0.0013200000000000002,50.0,True
Tumble_Dryer_2014-07-07_01,Tumble Dryer,Appliance4,2014-07-07 11:51:00,2014-07-07 11:57:00,2014-07-07 13:06:00,2014-07-07 13:12:00,6,0.001702857142857143,0.0008514285714285714,0.0008514285714285714,50.0,True
Tumble_Dryer_2014-07-11_01,Tumble Dryer,Appliance4,2014-07-11 05:03:00,2014-07-11 06:12:00,2014-07-11 05:03:00,2014-07-11 06:12:00,69,0.00144,0.00144,0.0,0.0,False
Tumble_Dryer_2014-07-23_01,Tumble Dryer,Appliance4,2014-07-23 09:20:00,2014-07-23 09:27:00,2014-07-23 13:05:00,2014-07-23 13:12:00,7,0.0020800000000000003,0.0010400000000000001,0.0010400000000000001,50.0,True
Tumble_Dryer_2014-08-06_01,Tumble Dryer,Appliance4,2014-08-06 16:37:00,2014-08-06 16:43:00,2014-08-06 20:07:00,2014-08-06 20:13:00,6,0.03632392857142857,0.018161964285714285,0.018161964285714285,50.0,True
Tumble_Dryer_2014-08-07_01,Tumble Dryer,Appliance4,2014-08-07 19:17:00,2014-08-07 19:22:00,2014-08-07 20:02:00,2014-08-07 20:07:00,5,0.0007771428571428571,0.00038857142857142855,0.00038857142857142855,50.0,True
Tumble_Dryer_2014-08-08_06,Tumble Dryer,Appliance4,2014-08-08 17:45:00,2014-08-08 17:50:00,2014-08-08 20:00:00,2014-08-08 20:05:00,5,0.0005348571428571429,0.00026742857142857145,0.00026742857142857145,50.0,True
Tumble_Dryer_2014-08-10_01,Tumble Dryer,Appliance4,2014-08-10 00:50:00,2014-08-10 01:13:00,2014-08-10 13:05:00,2014-08-10 13:28:00,23,0.0013377142857142858,0.0009477142857142859,0.00038999999999999994,29.154207603588205,True
Tumble_Dryer_2014-08-12_02,Tumble Dryer,Appliance4,2014-08-12 11:52:00,2014-08-12 11:57:00,2014-08-12 13:07:00,2014-08-12 13:12:00,5,0.030424488636363635,0.015212244318181817,0.015212244318181817,50.0,True
Tumble_Dryer_2014-08-13_01,Tumble Dryer,Appliance4,2014-08-13 06:53:00,2014-08-13 06:58:00,2014-08-13 13:08:00,2014-08-13 13:13:00,5,0.024073541666666663,0.012036770833333332,0.012036770833333332,50.0,True
Tumble_Dryer_2014-08-14_01,Tumble Dryer,Appliance4,2014-08-14 12:50:00,2014-08-14 13:00:00,2014-08-14 13:05:00,2014-08-14 13:15:00,10,0.06399767063492062,0.03199883531746031,0.03199883531746031,50.0,True
Tumble_Dryer_2014-08-17_01,Tumble Dryer,Appliance4,2014-08-17 08:28:00,2014-08-17 08:38:00,2014-08-17 13:13:00,2014-08-17 13:23:00,10,0.03680835714285714,0.01840417857142857,0.01840417857142857,50.0,True
Tumble_Dryer_2014-08-24_01,Tumble Dryer,Appliance4,2014-08-24 08:54:00,2014-08-24 08:59:00,2014-08-24 13:09:00,2014-08-24 13:14:00,5,0.03059495238095238,0.01529747619047619,0.01529747619047619,50.0,True
Tumble_Dryer_2014-08-27_01,Tumble Dryer,Appliance4,2014-08-27 12:58:00,2014-08-27 13:05:00,2014-08-27 13:13:00,2014-08-27 13:20:00,7,0.027045876984126985,0.022352007936507937,0.004693869047619047,17.355211111748538,True
Tumble_Dryer_2014-09-02_01,Tumble Dryer,Appliance4,2014-09-02 09:50:00,2014-09-02 10:04:00,2014-09-02 13:05:00,2014-09-02 13:19:00,14,0.05043866666666666,0.02521933333333333,0.02521933333333333,50.0,True
Tumble_Dryer_2014-09-03_01,Tumble Dryer,Appliance4,2014-09-03 15:59:00,2014-09-03 16:14:00,2014-09-03 20:14:00,2014-09-03 20:29:00,15,0.06065247023809524,0.031611056547619046,0.029041413690476192,47.881666775437544,True
Tumble_Dryer_2014-09-05_01,Tumble Dryer,Appliance4,2014-09-05 06:24:00,2014-09-05 06:33:00,2014-09-05 13:09:00,2014-09-05 13:18:00,9,0.026648357142857144,0.013324178571428572,0.013324178571428572,50.0,True
Tumble_Dryer_2014-09-12_01,Tumble Dryer,Appliance4,2014-09-12 15:56:00,2014-09-12 16:15:00,2014-09-12 20:11:00,2014-09-12 20:30:00,19,0.054607607142857145,0.03399398214285715,0.020613624999999997,37.748632614634396,True
Tumble_Dryer_2014-09-14_02,Tumble Dryer,Appliance4,2014-09-14 11:14:00,2014-09-14 11:23:00,2014-09-14 13:14:00,2014-09-14 13:23:00,9,0.0001888888888888889,9.444444444444446e-05,9.444444444444446e-05,50.0,True
Tumble_Dryer_2014-09-18_01,Tumble Dryer,Appliance4,2014-09-18 06:41:00,2014-09-18 06:49:00,2014-09-18 13:11:00,2014-09-18 13:19:00,8,0.037101749999999996,0.018550874999999998,0.018550874999999998,50.0,True
Tumble_Dryer_2014-09-19_01,Tumble Dryer,Appliance4,2014-09-19 06:05:00,2014-09-19 06:27:00,2014-09-19 13:05:00,2014-09-19 13:27:00,22,0.12461168253968254,0.06230584126984127,0.06230584126984127,50.0,True
Tumble_Dryer_2014-09-20_01,Tumble Dryer,Appliance4,2014-09-20 06:45:00,2014-09-20 06:51:00,2014-09-20 13:00:00,2014-09-20 13:06:00,6,0.03195094696969697,0.015975473484848485,0.015975473484848485,50.0,True
Tumble_Dryer_2014-09-23_01,Tumble Dryer,Appliance4,2014-09-23 06:45:00,2014-09-23 06:52:00,2014-09-23 13:00:00,2014-09-23 13:07:00,7,0.06311429166666667,0.031557145833333335,0.031557145833333335,50.0,True
Tumble_Dryer_2014-09-25_01,Tumble Dryer,Appliance4,2014-09-25 06:32:00,2014-09-25 06:38:00,2014-09-25 13:02:00,2014-09-25 13:08:00,6,0.03672011111111111,0.018360055555555557,0.018360055555555557,50.0,True
Tumble_Dryer_2014-10-12_02,Tumble Dryer,Appliance4,2014-10-12 15:48:00,2014-10-12 16:04:00,2014-10-12 20:03:00,2014-10-12 20:19:00,16,0.04698159226190476,0.04591199404761904,0.001069598214285719,2.2766325337019446,True
Tumble_Dryer_2014-11-29_01,Tumble Dryer,Appliance4,2014-11-29 12:20:00,2014-11-29 12:28:00,2014-11-29 13:05:00,2014-11-29 13:13:00,8,0.049769430555555556,0.024884715277777778,0.024884715277777778,50.0,True
Tumble_Dryer_2014-12-19_01,Tumble Dryer,Appliance4,2014-12-19 12:20:00,2014-12-19 12:34:00,2014-12-19 13:05:00,2014-12-19 13:19:00,14,0.050450208333333336,0.025225104166666668,0.025225104166666668,50.0,True
Tumble_Dryer_2015-01-11_01,Tumble Dryer,Appliance4,2015-01-11 12:43:00,2015-01-11 13:03:00,2015-01-11 13:13:00,2015-01-11 13:33:00,20,0.14835569444444446,0.07767451388888892,0.07068118055555554,47.643051936927094,True
Tumble_Dryer_2015-01-23_01,Tumble Dryer,Appliance4,2015-01-23 11:38:00,2015-01-23 12:10:00,2015-01-23 13:08:00,2015-01-23 13:40:00,32,0.1505079861111111,0.07525399305555555,0.07525399305555555,50.0,True
Tumble_Dryer_2015-02-06_01,Tumble Dryer,Appliance4,2015-02-06 11:49:00,2015-02-06 12:22:00,2015-02-06 13:04:00,2015-02-06 13:37:00,33,0.20027994047619044,0.10013997023809522,0.10013997023809522,50.0,True
Tumble_Dryer_2015-03-03_01,Tumble Dryer,Appliance4,2015-03-03 10:11:00,2015-03-03 10:21:00,2015-03-03 13:11:00,2015-03-03 13:21:00,10,0.08956552777777779,0.044782763888888896,0.044782763888888896,50.0,True
Washing_Machine_2013-10-23_01,Washing Machine,Appliance5,2013-10-23 05:59:00,2013-10-23 06:34:00,2013-10-23 13:14:00,2013-10-23 13:49:00,35,0.07309572817460319,0.036582364087301596,0.036513364087301596,49.95280161938111,True
Washing_Machine_2013-10-24_01,Washing Machine,Appliance5,2013-10-24 10:11:00,2013-10-24 10:43:00,2013-10-24 13:11:00,2013-10-24 13:43:00,32,0.015551227272727272,0.007775613636363636,0.007775613636363636,50.0,True
Washing_Machine_2013-10-26_01,Washing Machine,Appliance5,2013-10-26 11:33:00,2013-10-26 12:09:00,2013-10-26 13:03:00,2013-10-26 13:39:00,36,0.015654952380952384,0.007827476190476192,0.007827476190476192,50.0,True
Washing_Machine_2013-10-27_01,Washing Machine,Appliance5,2013-10-27 10:06:00,2013-10-27 10:39:00,2013-10-27 13:06:00,2013-10-27 13:39:00,33,0.014802138888888887,0.007401069444444444,0.007401069444444444,50.0,True
Washing_Machine_2013-10-29_01,Washing Machine,Appliance5,2013-10-29 10:55:00,2013-10-29 11:36:00,2013-10-29 13:10:00,2013-10-29 13:51:00,41,0.07357427182539683,0.036787135912698415,0.036787135912698415,50.0,True
Washing_Machine_2013-11-02_01,Washing Machine,Appliance5,2013-11-02 06:36:00,2013-11-02 07:10:00,2013-11-02 13:06:00,2013-11-02 13:40:00,34,0.08404374386724389,0.042021871933621946,0.042021871933621946,50.0,True
Washing_Machine_2013-11-03_01,Washing Machine,Appliance5,2013-11-03 10:26:00,2013-11-03 10:59:00,2013-11-03 13:11:00,2013-11-03 13:44:00,33,0.011861044552669554,0.005930522276334777,0.005930522276334777,50.0,True
Washing_Machine_2013-11-07_01,Washing Machine,Appliance5,2013-11-07 06:24:00,2013-11-07 06:58:00,2013-11-07 13:09:00,2013-11-07 13:43:00,34,0.09481238095238097,0.047406190476190484,0.047406190476190484,50.0,True
Washing_Machine_2013-11-12_01,Washing Machine,Appliance5,2013-11-12 05:58:00,2013-11-12 06:31:00,2013-11-12 13:13:00,2013-11-12 13:46:00,33,0.08637326984126986,0.04330551884920636,0.0430677509920635,49.86236027790785,True
Washing_Machine_2013-11-13_01,Washing Machine,Appliance5,2013-11-13 11:55:00,2013-11-13 12:30:00,2013-11-13 13:10:00,2013-11-13 13:45:00,35,0.04173030555555557,0.020865152777777785,0.020865152777777785,50.0,True
Washing_Machine_2013-11-14_01,Washing Machine,Appliance5,2013-11-14 12:44:00,2013-11-14 13:19:00,2013-11-14 13:14:00,2013-11-14 13:49:00,35,0.010129508928571427,0.00818638988095238,0.0019431190476190477,19.182756650110257,True
Washing_Machine_2013-11-15_01,Washing Machine,Appliance5,2013-11-15 09:58:00,2013-11-15 10:31:00,2013-11-15 13:13:00,2013-11-15 13:46:00,33,0.013417,0.0067085,0.0067085,50.0,True
Washing_Machine_2013-11-19_01,Washing Machine,Appliance5,2013-11-19 06:42:00,2013-11-19 07:15:00,2013-11-19 13:12:00,2013-11-19 13:45:00,33,0.10106063492063494,0.05053031746031747,0.05053031746031747,50.0,True
Washing_Machine_2013-11-22_01,Washing Machine,Appliance5,2013-11-22 10:12:00,2013-11-22 10:45:00,2013-11-22 13:12:00,2013-11-22 13:45:00,33,0.02986259722222222,0.01493129861111111,0.01493129861111111,50.0,True
Washing_Machine_2013-11-23_01,Washing Machine,Appliance5,2013-11-23 10:14:00,2013-11-23 10:47:00,2013-11-23 13:14:00,2013-11-23 13:47:00,33,0.05069280514855514,0.02534640257427757,0.02534640257427757,50.0,True
Washing_Machine_2013-11-25_01,Washing Machine,Appliance5,2013-11-25 05:44:00,2013-11-25 06:25:00,2013-11-25 13:14:00,2013-11-25 13:55:00,41,0.04160633928571428,0.039442678571428566,0.0021636607142857117,5.200315027543445,True
Washing_Machine_2013-11-26_01,Washing Machine,Appliance5,2013-11-26 06:23:00,2013-11-26 06:51:00,2013-11-26 13:08:00,2013-11-26 13:36:00,28,0.026039055555555555,0.013019527777777777,0.013019527777777777,50.0,True
Washing_Machine_2013-11-27_01,Washing Machine,Appliance5,2013-11-27 05:33:00,2013-11-27 06:07:00,2013-11-27 13:03:00,2013-11-27 13:37:00,34,0.05284263095238095,0.049233077380952374,0.0036095535714285795,6.830760517358272,True
Washing_Machine_2013-12-03_02,Washing Machine,Appliance5,2013-12-03 12:13:00,2013-12-03 12:46:00,2013-12-03 13:13:00,2013-12-03 13:46:00,33,0.05099401190476191,0.025497005952380955,0.025497005952380955,50.0,True
Washing_Machine_2013-12-04_02,Washing Machine,Appliance5,2013-12-04 12:46:00,2013-12-04 13:18:00,2013-12-04 13:01:00,2013-12-04 13:33:00,32,0.010619228174603175,0.008858196428571429,0.0017610317460317465,16.583425057608327,True
Washing_Machine_2013-12-06_02,Washing Machine,Appliance5,2013-12-06 12:08:00,2013-12-06 12:44:00,2013-12-06 13:08:00,2013-12-06 13:44:00,36,0.08570810804473301,0.04285405402236651,0.04285405402236651,50.0,True
Washing_Machine_2013-12-07_02,Washing Machine,Appliance5,2013-12-07 11:25:00,2013-12-07 12:06:00,2013-12-07 13:10:00,2013-12-07 13:51:00,41,0.07348716071428577,0.03674358035714288,0.03674358035714288,50.0,True
Washing_Machine_2013-12-11_01,Washing Machine,Appliance5,2013-12-11 05:33:00,2013-12-11 06:06:00,2013-12-11 13:03:00,2013-12-11 13:36:00,33,0.05276136904761906,0.04904673214285716,0.0037146369047618977,7.04044828975022,True
Washing_Machine_2013-12-17_02,Washing Machine,Appliance5,2013-12-17 10:25:00,2013-12-17 10:59:00,2013-12-17 13:10:00,2013-12-17 13:44:00,34,0.016135858585858587,0.008067929292929293,0.008067929292929293,50.0,True
Washing_Machine_2013-12-19_02,Washing Machine,Appliance5,2013-12-19 11:41:00,2013-12-19 12:14:00,2013-12-19 13:11:00,2013-12-19 13:44:00,33,0.015019357142857142,0.007509678571428571,0.007509678571428571,50.0,True
Washing_Machine_2013-12-20_01,Washing Machine,Appliance5,2013-12-20 11:21:00,2013-12-20 11:56:00,2013-12-20 13:06:00,2013-12-20 13:41:00,35,0.017065,0.0085325,0.0085325,50.0,True
Washing_Machine_2013-12-26_02,Washing Machine,Appliance5,2013-12-26 10:54:00,2013-12-26 11:30:00,2013-12-26 13:09:00,2013-12-26 13:45:00,36,0.10859044047619049,0.05429522023809524,0.05429522023809524,50.0,True
Washing_Machine_2013-12-27_01,Washing Machine,Appliance5,2013-12-27 11:42:00,2013-12-27 12:23:00,2013-12-27 13:12:00,2013-12-27 13:53:00,41,0.06540518452380954,0.03270259226190477,0.03270259226190477,50.0,True
Washing_Machine_2013-12-29_01,Washing Machine,Appliance5,2013-12-29 12:13:00,2013-12-29 12:36:00,2013-12-29 13:13:00,2013-12-29 13:36:00,23,0.013204801587301586,0.006602400793650793,0.006602400793650793,50.0,True
Washing_Machine_2014-01-02_02,Washing Machine,Appliance5,2014-01-02 12:23:00,2014-01-02 12:57:00,2014-01-02 13:08:00,2014-01-02 13:42:00,34,0.015684246212121212,0.007842123106060606,0.007842123106060606,50.0,True
Washing_Machine_2014-01-07_02,Washing Machine,Appliance5,2014-01-07 11:49:00,2014-01-07 12:22:00,2014-01-07 13:04:00,2014-01-07 13:37:00,33,0.015763621031746028,0.007881810515873014,0.007881810515873014,50.0,True
Washing_Machine_2014-01-08_01,Washing Machine,Appliance5,2014-01-08 07:47:00,2014-01-08 08:20:00,2014-01-08 13:02:00,2014-01-08 13:35:00,33,0.10862942839105338,0.05431471419552669,0.05431471419552669,50.0,True
Washing_Machine_2014-01-12_01,Washing Machine,Appliance5,2014-01-12 11:45:00,2014-01-12 12:21:00,2014-01-12 13:00:00,2014-01-12 13:36:00,36,0.07423055555555554,0.03711527777777777,0.03711527777777777,50.0,True
Washing_Machine_2014-01-19_02,Washing Machine,Appliance5,2014-01-19 08:04:00,2014-01-19 08:15:00,2014-01-19 13:04:00,2014-01-19 13:15:00,11,0.015875,0.0079375,0.0079375,50.0,True
Washing_Machine_2014-01-20_02,Washing Machine,Appliance5,2014-01-20 12:38:00,2014-01-20 13:16:00,2014-01-20 13:08:00,2014-01-20 13:46:00,38,0.012307251984126981,0.009002349206349207,0.0033049027777777747,26.853295780733205,True
Washing_Machine_2014-01-22_01,Washing Machine,Appliance5,2014-01-22 11:39:00,2014-01-22 12:33:00,2014-01-22 13:09:00,2014-01-22 14:03:00,54,0.03335711111111111,0.016678555555555554,0.016678555555555554,50.0,True
Washing_Machine_2014-03-21_02,Washing Machine,Appliance5,2014-03-21 10:05:00,2014-03-21 10:39:00,2014-03-21 13:05:00,2014-03-21 13:39:00,34,0.10140895238095239,0.050704476190476196,0.050704476190476196,50.0,True
Washing_Machine_2014-03-22_01,Washing Machine,Appliance5,2014-03-22 15:31:00,2014-03-22 16:04:00,2014-03-22 20:01:00,2014-03-22 20:34:00,33,0.04907911571067822,0.046382403589466104,0.0026967121212121137,5.4946224726404065,True
Washing_Machine_2014-03-24_01,Washing Machine,Appliance5,2014-03-24 12:41:00,2014-03-24 13:14:00,2014-03-24 13:11:00,2014-03-24 13:44:00,33,0.08795071933621934,0.046711551587301586,0.041239167748917754,46.88894878877345,True
Washing_Machine_2014-03-26_02,Washing Machine,Appliance5,2014-03-26 11:59:00,2014-03-26 12:34:00,2014-03-26 13:14:00,2014-03-26 13:49:00,35,0.10013794967532469,0.050068974837662344,0.050068974837662344,50.0,True
Washing_Machine_2014-03-28_01,Washing Machine,Appliance5,2014-03-28 10:50:00,2014-03-28 11:24:00,2014-03-28 13:05:00,2014-03-28 13:39:00,34,0.10012599603174603,0.050062998015873016,0.050062998015873016,50.0,True
Washing_Machine_2014-03-31_01,Washing Machine,Appliance5,2014-03-31 12:32:00,2014-03-31 13:05:00,2014-03-31 13:02:00,2014-03-31 13:35:00,33,0.08397946554834056,0.043833954996392505,0.04014551055194805,47.80396051560884,True
Washing_Machine_2014-04-01_01,Washing Machine,Appliance5,2014-04-01 10:52:00,2014-04-01 11:25:00,2014-04-01 13:07:00,2014-04-01 13:40:00,33,0.08882268885281384,0.04441134442640692,0.04441134442640692,50.0,True
Washing_Machine_2014-04-07_01,Washing Machine,Appliance5,2014-04-07 06:05:00,2014-04-07 06:43:00,2014-04-07 13:05:00,2014-04-07 13:43:00,38,0.09651218163780662,0.04825609081890331,0.04825609081890331,50.0,True
Washing_Machine_2014-04-08_01,Washing Machine,Appliance5,2014-04-08 09:29:00,2014-04-08 10:03:00,2014-04-08 13:14:00,2014-04-08 13:48:00,34,0.0825591408730159,0.04127957043650795,0.04127957043650795,50.0,True
Washing_Machine_2014-04-10_01,Washing Machine,Appliance5,2014-04-10 08:42:00,2014-04-10 09:16:00,2014-04-10 13:12:00,2014-04-10 13:46:00,34,0.09836652777777782,0.04918326388888891,0.04918326388888891,50.0,True
Washing_Machine_2014-04-11_02,Washing Machine,Appliance5,2014-04-11 09:07:00,2014-04-11 09:41:00,2014-04-11 13:07:00,2014-04-11 13:41:00,34,0.08320729076479079,0.041603645382395395,0.041603645382395395,50.0,True
Washing_Machine_2014-04-15_01,Washing Machine,Appliance5,2014-04-15 10:05:00,2014-04-15 10:39:00,2014-04-15 13:05:00,2014-04-15 13:39:00,34,0.09042703300865802,0.04521351650432901,0.04521351650432901,50.0,True
Washing_Machine_2014-04-16_01,Washing Machine,Appliance5,2014-04-16 09:18:00,2014-04-16 09:52:00,2014-04-16 13:03:00,2014-04-16 13:37:00,34,0.09042848214285713,0.04521424107142857,0.04521424107142857,50.0,True
Washing_Machine_2014-04-23_01,Washing Machine,Appliance5,2014-04-23 10:03:00,2014-04-23 10:36:00,2014-04-23 13:03:00,2014-04-23 13:36:00,33,0.0837727619047619,0.04188638095238095,0.04188638095238095,50.0,True
Washing_Machine_2014-04-24_01,Washing Machine,Appliance5,2014-04-24 11:10:00,2014-04-24 11:43:00,2014-04-24 13:10:00,2014-04-24 13:43:00,33,0.07816050595238093,0.039080252976190465,0.039080252976190465,50.0,True
Washing_Machine_2014-04-26_01,Washing Machine,Appliance5,2014-04-26 08:36:00,2014-04-26 09:09:00,2014-04-26 13:06:00,2014-04-26 13:39:00,33,0.08657000000000001,0.043285000000000004,0.043285000000000004,50.0,True
Washing_Machine_2014-04-28_01,Washing Machine,Appliance5,2014-04-28 08:47:00,2014-04-28 09:20:00,2014-04-28 13:02:00,2014-04-28 13:35:00,33,0.07968458134920632,0.03984229067460316,0.03984229067460316,50.0,True
Washing_Machine_2014-04-29_01,Washing Machine,Appliance5,2014-04-29 11:55:00,2014-04-29 13:00:00,2014-04-29 13:10:00,2014-04-29 14:15:00,65,0.17365511706349207,0.08682855853174604,0.08682655853174603,49.99942414596419,True
Washing_Machine_2014-04-30_01,Washing Machine,Appliance5,2014-04-30 15:47:00,2014-04-30 16:23:00,2014-04-30 20:02:00,2014-04-30 20:38:00,36,0.04504433225108226,0.0377533997113997,0.0072909325396825556,16.186126367779334,True
Washing_Machine_2014-05-02_01,Washing Machine,Appliance5,2014-05-02 15:54:00,2014-05-02 16:29:00,2014-05-02 20:09:00,2014-05-02 20:44:00,35,0.057218278769841265,0.04040376587301586,0.016814512896825402,29.38661081445888,True
Washing_Machine_2014-05-04_01,Washing Machine,Appliance5,2014-05-04 08:40:00,2014-05-04 09:13:00,2014-05-04 13:10:00,2014-05-04 13:43:00,33,0.0819476011904762,0.0409738005952381,0.0409738005952381,50.0,True
Washing_Machine_2014-05-06_01,Washing Machine,Appliance5,2014-05-06 08:26:00,2014-05-06 08:59:00,2014-05-06 13:11:00,2014-05-06 13:44:00,33,0.07757864682539681,0.038789323412698404,0.038789323412698404,50.0,True
Washing_Machine_2014-05-21_01,Washing Machine,Appliance5,2014-05-21 09:11:00,2014-05-21 10:30:00,2014-05-21 13:11:00,2014-05-21 14:30:00,79,0.14110415277777769,0.07055207638888884,0.07055207638888884,50.0,True
Washing_Machine_2014-05-23_01,Washing Machine,Appliance5,2014-05-23 08:08:00,2014-05-23 09:26:00,2014-05-23 13:08:00,2014-05-23 14:26:00,78,0.1366200456349205,0.06831002281746025,0.06831002281746025,50.0,True
Washing_Machine_2014-05-25_02,Washing Machine,Appliance5,2014-05-25 10:02:00,2014-05-25 10:37:00,2014-05-25 13:02:00,2014-05-25 13:37:00,35,0.07434896230158734,0.03717448115079367,0.03717448115079367,50.0,True
Washing_Machine_2014-05-28_01,Washing Machine,Appliance5,2014-05-28 10:48:00,2014-05-28 11:27:00,2014-05-28 13:03:00,2014-05-28 13:42:00,39,0.07921403968253966,0.03960701984126983,0.03960701984126983,50.0,True
Washing_Machine_2014-05-29_02,Washing Machine,Appliance5,2014-05-29 08:07:00,2014-05-29 08:49:00,2014-05-29 13:07:00,2014-05-29 13:49:00,42,0.07052310119047618,0.03526155059523809,0.03526155059523809,50.0,True
Washing_Machine_2014-06-01_01,Washing Machine,Appliance5,2014-06-01 08:59:00,2014-06-01 09:31:00,2014-06-01 13:14:00,2014-06-01 13:46:00,32,0.06731337301587303,0.03365668650793652,0.03365668650793652,50.0,True
Washing_Machine_2014-06-08_01,Washing Machine,Appliance5,2014-06-08 11:50:00,2014-06-08 12:24:00,2014-06-08 13:05:00,2014-06-08 13:39:00,34,0.0638958988095238,0.0319479494047619,0.0319479494047619,50.0,True
Washing_Machine_2014-06-11_01,Washing Machine,Appliance5,2014-06-11 12:53:00,2014-06-11 13:28:00,2014-06-11 13:08:00,2014-06-11 13:43:00,35,0.0510331801948052,0.02945898079004329,0.021574199404761907,42.27484809374667,True
Washing_Machine_2014-06-12_01,Washing Machine,Appliance5,2014-06-12 08:05:00,2014-06-12 08:39:00,2014-06-12 13:05:00,2014-06-12 13:39:00,34,0.06256829870129871,0.031284149350649354,0.031284149350649354,50.0,True
Washing_Machine_2014-06-17_01,Washing Machine,Appliance5,2014-06-17 09:37:00,2014-06-17 10:10:00,2014-06-17 13:07:00,2014-06-17 13:40:00,33,0.06163609325396824,0.03081804662698412,0.03081804662698412,50.0,True
Washing_Machine_2014-06-18_01,Washing Machine,Appliance5,2014-06-18 10:12:00,2014-06-18 10:48:00,2014-06-18 13:12:00,2014-06-18 13:48:00,36,0.06896056800144301,0.034480284000721506,0.034480284000721506,50.0,True
Washing_Machine_2014-06-22_01,Washing Machine,Appliance5,2014-06-22 09:06:00,2014-06-22 09:38:00,2014-06-22 13:06:00,2014-06-22 13:38:00,32,0.043780730158730165,0.021890365079365082,0.021890365079365082,50.0,True
Washing_Machine_2014-06-25_01,Washing Machine,Appliance5,2014-06-25 10:19:00,2014-06-25 10:53:00,2014-06-25 13:04:00,2014-06-25 13:38:00,34,0.0531194246031746,0.0265597123015873,0.0265597123015873,50.0,True
Washing_Machine_2014-06-26_01,Washing Machine,Appliance5,2014-06-26 08:25:00,2014-06-26 08:58:00,2014-06-26 13:10:00,2014-06-26 13:43:00,33,0.06189298809523809,0.030946494047619046,0.030946494047619046,50.0,True
Washing_Machine_2014-06-27_01,Washing Machine,Appliance5,2014-06-27 06:36:00,2014-06-27 07:10:00,2014-06-27 13:06:00,2014-06-27 13:40:00,34,0.058116874278499285,0.029058437139249643,0.029058437139249643,50.0,True
Washing_Machine_2014-06-29_01,Washing Machine,Appliance5,2014-06-29 09:17:00,2014-06-29 09:50:00,2014-06-29 13:02:00,2014-06-29 13:35:00,33,0.06036142063492064,0.03018071031746032,0.03018071031746032,50.0,True
Washing_Machine_2014-07-01_01,Washing Machine,Appliance5,2014-07-01 09:02:00,2014-07-01 09:36:00,2014-07-01 13:02:00,2014-07-01 13:36:00,34,0.05879648809523811,0.029398244047619055,0.029398244047619055,50.0,True
Washing_Machine_2014-07-02_01,Washing Machine,Appliance5,2014-07-02 12:19:00,2014-07-02 12:57:00,2014-07-02 13:04:00,2014-07-02 13:42:00,38,0.06198414285714286,0.03099207142857143,0.03099207142857143,50.0,True
Washing_Machine_2014-07-06_01,Washing Machine,Appliance5,2014-07-06 08:53:00,2014-07-06 09:29:00,2014-07-06 13:08:00,2014-07-06 13:44:00,36,0.05818437698412698,0.02909218849206349,0.02909218849206349,50.0,True
Washing_Machine_2014-07-09_01,Washing Machine,Appliance5,2014-07-09 10:18:00,2014-07-09 10:52:00,2014-07-09 13:03:00,2014-07-09 13:37:00,34,0.053815507936507946,0.026907753968253973,0.026907753968253973,50.0,True
Washing_Machine_2014-07-10_01,Washing Machine,Appliance5,2014-07-10 08:26:00,2014-07-10 08:59:00,2014-07-10 13:11:00,2014-07-10 13:44:00,33,0.05269332341269842,0.02634666170634921,0.02634666170634921,50.0,True
Washing_Machine_2014-07-11_01,Washing Machine,Appliance5,2014-07-11 09:40:00,2014-07-11 10:13:00,2014-07-11 13:10:00,2014-07-11 13:43:00,33,0.05350141179653682,0.02675070589826841,0.02675070589826841,50.0,True
Washing_Machine_2014-07-12_01,Washing Machine,Appliance5,2014-07-12 08:14:00,2014-07-12 08:47:00,2014-07-12 13:14:00,2014-07-12 13:47:00,33,0.05285544733044733,0.026427723665223665,0.026427723665223665,50.0,True
Washing_Machine_2014-07-14_01,Washing Machine,Appliance5,2014-07-14 06:45:00,2014-07-14 07:19:00,2014-07-14 13:00:00,2014-07-14 13:34:00,34,0.05551164484126983,0.027755822420634915,0.027755822420634915,50.0,True
Washing_Machine_2014-07-16_01,Washing Machine,Appliance5,2014-07-16 09:34:00,2014-07-16 10:09:00,2014-07-16 13:04:00,2014-07-16 13:39:00,35,0.05211499206349205,0.026057496031746025,0.026057496031746025,50.0,True
Washing_Machine_2014-07-17_01,Washing Machine,Appliance5,2014-07-17 12:46:00,2014-07-17 13:24:00,2014-07-17 13:01:00,2014-07-17 13:39:00,38,0.04537012500000001,0.02629940178571429,0.019070723214285722,42.03365808290305,True
Washing_Machine_2014-07-18_01,Washing Machine,Appliance5,2014-07-18 08:49:00,2014-07-18 09:44:00,2014-07-18 13:04:00,2014-07-18 13:59:00,55,2.8333333333333335e-05,1.4166666666666668e-05,1.4166666666666668e-05,50.0,True
Washing_Machine_2014-07-21_01,Washing Machine,Appliance5,2014-07-21 08:53:00,2014-07-21 09:27:00,2014-07-21 13:08:00,2014-07-21 13:42:00,34,0.04925104563492064,0.02462552281746032,0.02462552281746032,50.0,True
Washing_Machine_2014-07-23_01,Washing Machine,Appliance5,2014-07-23 10:39:00,2014-07-23 11:14:00,2014-07-23 13:09:00,2014-07-23 13:44:00,35,0.04525180555555555,0.022625902777777776,0.022625902777777776,50.0,True
Washing_Machine_2014-07-25_01,Washing Machine,Appliance5,2014-07-25 08:51:00,2014-07-25 09:27:00,2014-07-25 13:06:00,2014-07-25 13:42:00,36,0.052602458333333345,0.026301229166666672,0.026301229166666672,50.0,True
Washing_Machine_2014-07-27_01,Washing Machine,Appliance5,2014-07-27 08:18:00,2014-07-27 08:54:00,2014-07-27 13:03:00,2014-07-27 13:39:00,36,0.04195315277777778,0.02097657638888889,0.02097657638888889,50.0,True
Washing_Machine_2014-07-30_01,Washing Machine,Appliance5,2014-07-30 10:12:00,2014-07-30 10:45:00,2014-07-30 13:12:00,2014-07-30 13:45:00,33,0.04924849603174604,0.02462424801587302,0.02462424801587302,50.0,True
Washing_Machine_2014-07-31_01,Washing Machine,Appliance5,2014-07-31 08:04:00,2014-07-31 08:38:00,2014-07-31 13:04:00,2014-07-31 13:38:00,34,0.04949711904761906,0.02474855952380953,0.02474855952380953,50.0,True
Washing_Machine_2014-08-01_01,Washing Machine,Appliance5,2014-08-01 08:39:00,2014-08-01 09:14:00,2014-08-01 13:09:00,2014-08-01 13:44:00,35,0.06128509722222223,0.030642548611111115,0.030642548611111115,50.0,True
Washing_Machine_2014-08-04_01,Washing Machine,Appliance5,2014-08-04 09:06:00,2014-08-04 09:40:00,2014-08-04 13:06:00,2014-08-04 13:40:00,34,0.05097840476190475,0.025489202380952376,0.025489202380952376,50.0,True
Washing_Machine_2014-08-05_01,Washing Machine,Appliance5,2014-08-05 07:44:00,2014-08-05 08:17:00,2014-08-05 13:14:00,2014-08-05 13:47:00,33,0.059834593253968255,0.029917296626984127,0.029917296626984127,50.0,True
Washing_Machine_2014-08-06_01,Washing Machine,Appliance5,2014-08-06 10:02:00,2014-08-06 10:37:00,2014-08-06 13:02:00,2014-08-06 13:37:00,35,0.054609799603174594,0.027304899801587297,0.027304899801587297,50.0,True
Washing_Machine_2014-08-09_01,Washing Machine,Appliance5,2014-08-09 08:46:00,2014-08-09 09:19:00,2014-08-09 13:01:00,2014-08-09 13:34:00,33,0.03948950396825397,0.019744751984126986,0.019744751984126986,50.0,True
Washing_Machine_2014-08-12_02,Washing Machine,Appliance5,2014-08-12 08:01:00,2014-08-12 08:35:00,2014-08-12 13:01:00,2014-08-12 13:35:00,34,0.05446518650793651,0.027232593253968256,0.027232593253968256,50.0,True
Washing_Machine_2014-08-13_01,Washing Machine,Appliance5,2014-08-13 11:14:00,2014-08-13 11:50:00,2014-08-13 13:14:00,2014-08-13 13:50:00,36,0.059044416666666655,0.029522208333333327,0.029522208333333327,50.0,True
Washing_Machine_2014-08-14_01,Washing Machine,Appliance5,2014-08-14 08:54:00,2014-08-14 09:28:00,2014-08-14 13:09:00,2014-08-14 13:43:00,34,0.05496004563492064,0.02748002281746032,0.02748002281746032,50.0,True
Washing_Machine_2014-08-16_01,Washing Machine,Appliance5,2014-08-16 11:51:00,2014-08-16 12:28:00,2014-08-16 13:06:00,2014-08-16 13:43:00,37,0.05161361904761906,0.02580680952380953,0.02580680952380953,50.0,True
Washing_Machine_2014-08-18_01,Washing Machine,Appliance5,2014-08-18 10:59:00,2014-08-18 11:33:00,2014-08-18 13:14:00,2014-08-18 13:48:00,34,0.05412272817460315,0.027061364087301577,0.027061364087301577,50.0,True
Washing_Machine_2014-08-19_01,Washing Machine,Appliance5,2014-08-19 08:00:00,2014-08-19 08:34:00,2014-08-19 13:00:00,2014-08-19 13:34:00,34,0.06560903841991343,0.032804519209956716,0.032804519209956716,50.0,True
Washing_Machine_2014-08-20_01,Washing Machine,Appliance5,2014-08-20 09:23:00,2014-08-20 09:58:00,2014-08-20 13:08:00,2014-08-20 13:43:00,35,0.06299425,0.031497125,0.031497125,50.0,True
Washing_Machine_2014-08-21_01,Washing Machine,Appliance5,2014-08-21 09:20:00,2014-08-21 09:55:00,2014-08-21 13:05:00,2014-08-21 13:40:00,35,0.06441995093795093,0.032209975468975464,0.032209975468975464,50.0,True
Washing_Machine_2014-08-23_01,Washing Machine,Appliance5,2014-08-23 10:01:00,2014-08-23 10:34:00,2014-08-23 13:01:00,2014-08-23 13:34:00,33,0.059461803571428565,0.029730901785714282,0.029730901785714282,50.0,True
Washing_Machine_2014-08-26_01,Washing Machine,Appliance5,2014-08-26 05:47:00,2014-08-26 06:20:00,2014-08-26 13:02:00,2014-08-26 13:35:00,33,0.03930047321428572,0.03270891369047618,0.006591559523809534,16.772214135613776,True
Washing_Machine_2014-08-27_01,Washing Machine,Appliance5,2014-08-27 08:25:00,2014-08-27 09:19:00,2014-08-27 13:10:00,2014-08-27 14:04:00,54,0.12322346626984126,0.06161173313492063,0.06161173313492063,50.0,True
Washing_Machine_2014-08-29_01,Washing Machine,Appliance5,2014-08-29 07:49:00,2014-08-29 08:23:00,2014-08-29 13:04:00,2014-08-29 13:38:00,34,0.06007924999999999,0.030039624999999993,0.030039624999999993,50.0,True
Washing_Machine_2014-09-03_01,Washing Machine,Appliance5,2014-09-03 10:11:00,2014-09-03 10:46:00,2014-09-03 13:11:00,2014-09-03 13:46:00,35,0.07626655357142859,0.03813327678571429,0.03813327678571429,50.0,True
Washing_Machine_2014-09-04_01,Washing Machine,Appliance5,2014-09-04 12:47:00,2014-09-04 13:20:00,2014-09-04 13:02:00,2014-09-04 13:35:00,33,0.050310531836219335,0.027155386453823947,0.023155145382395388,46.02444962771322,True
Washing_Machine_2014-09-08_01,Washing Machine,Appliance5,2014-09-08 08:46:00,2014-09-08 09:20:00,2014-09-08 13:01:00,2014-09-08 13:35:00,34,0.0614009522005772,0.0307004761002886,0.0307004761002886,50.0,True
Washing_Machine_2014-09-09_01,Washing Machine,Appliance5,2014-09-09 08:09:00,2014-09-09 08:43:00,2014-09-09 13:09:00,2014-09-09 13:43:00,34,0.05707059704184702,0.02853529852092351,0.02853529852092351,50.0,True
Washing_Machine_2014-09-10_01,Washing Machine,Appliance5,2014-09-10 08:51:00,2014-09-10 09:27:00,2014-09-10 13:06:00,2014-09-10 13:42:00,36,0.059229134920634904,0.029614567460317452,0.029614567460317452,50.0,True
Washing_Machine_2014-09-11_01,Washing Machine,Appliance5,2014-09-11 07:50:00,2014-09-11 08:27:00,2014-09-11 13:05:00,2014-09-11 13:42:00,37,0.062151125360750355,0.031075562680375177,0.031075562680375177,50.0,True
Washing_Machine_2014-09-12_01,Washing Machine,Appliance5,2014-09-12 09:18:00,2014-09-12 09:52:00,2014-09-12 13:03:00,2014-09-12 13:37:00,34,0.05485049603174602,0.02742524801587301,0.02742524801587301,50.0,True
Washing_Machine_2014-09-13_01,Washing Machine,Appliance5,2014-09-13 06:28:00,2014-09-13 06:47:00,2014-09-13 13:13:00,2014-09-13 13:32:00,19,0.01702357142857143,0.008511785714285715,0.008511785714285715,50.0,True
Washing_Machine_2014-09-16_01,Washing Machine,Appliance5,2014-09-16 08:49:00,2014-09-16 09:22:00,2014-09-16 13:04:00,2014-09-16 13:37:00,33,0.059897700396825404,0.029948850198412702,0.029948850198412702,50.0,True
Washing_Machine_2014-09-17_01,Washing Machine,Appliance5,2014-09-17 10:22:00,2014-09-17 10:56:00,2014-09-17 13:07:00,2014-09-17 13:41:00,34,0.061120253968253976,0.030560126984126988,0.030560126984126988,50.0,True
Washing_Machine_2014-09-18_01,Washing Machine,Appliance5,2014-09-18 06:49:00,2014-09-18 07:26:00,2014-09-18 13:04:00,2014-09-18 13:41:00,37,0.07135007665945167,0.035675038329725836,0.035675038329725836,50.0,True
Washing_Machine_2014-09-19_01,Washing Machine,Appliance5,2014-09-19 06:27:00,2014-09-19 07:02:00,2014-09-19 13:12:00,2014-09-19 13:47:00,35,0.0635267857142857,0.03176339285714285,0.03176339285714285,50.0,True
Washing_Machine_2014-09-24_01,Washing Machine,Appliance5,2014-09-24 08:12:00,2014-09-24 08:46:00,2014-09-24 13:12:00,2014-09-24 13:46:00,34,0.06669117456154956,0.03334558728077478,0.03334558728077478,50.0,True
Washing_Machine_2014-09-25_01,Washing Machine,Appliance5,2014-09-25 06:38:00,2014-09-25 07:11:00,2014-09-25 13:08:00,2014-09-25 13:41:00,33,0.07221822023809525,0.036109110119047626,0.036109110119047626,50.0,True
Washing_Machine_2014-09-26_01,Washing Machine,Appliance5,2014-09-26 06:06:00,2014-09-26 06:41:00,2014-09-26 13:06:00,2014-09-26 13:41:00,35,0.06900672564935066,0.03450336282467533,0.03450336282467533,50.0,True
Washing_Machine_2014-09-30_02,Washing Machine,Appliance5,2014-09-30 10:38:00,2014-09-30 10:52:00,2014-09-30 13:08:00,2014-09-30 13:22:00,14,0.001047111111111111,0.0005235555555555555,0.0005235555555555555,50.0,True
Washing_Machine_2014-10-01_02,Washing Machine,Appliance5,2014-10-01 08:43:00,2014-10-01 09:11:00,2014-10-01 13:13:00,2014-10-01 13:41:00,28,0.0010914285714285718,0.0005457142857142859,0.0005457142857142859,50.0,True
Washing_Machine_2014-10-02_04,Washing Machine,Appliance5,2014-10-02 11:44:00,2014-10-02 11:49:00,2014-10-02 13:14:00,2014-10-02 13:19:00,5,0.00017142857142857145,8.571428571428573e-05,8.571428571428573e-05,50.0,True
Washing_Machine_2014-10-04_01,Washing Machine,Appliance5,2014-10-04 09:06:00,2014-10-04 09:27:00,2014-10-04 13:06:00,2014-10-04 13:27:00,21,0.0015857142857142856,0.0007928571428571428,0.0007928571428571428,50.0,True
Washing_Machine_2014-10-05_02,Washing Machine,Appliance5,2014-10-05 15:10:00,2014-10-05 16:40:00,2014-10-05 20:10:00,2014-10-05 21:40:00,90,0.0025750000000000052,0.0017875000000000033,0.000787500000000002,30.582524271844676,True
Washing_Machine_2014-10-06_03,Washing Machine,Appliance5,2014-10-06 23:28:00,2014-10-07 00:01:00,2014-10-07 13:13:00,2014-10-07 13:46:00,33,0.010560000000000007,0.0052800000000000034,0.0052800000000000034,50.0,True
Washing_Machine_2014-10-08_02,Washing Machine,Appliance5,2014-10-08 07:40:00,2014-10-08 08:14:00,2014-10-08 13:10:00,2014-10-08 13:44:00,34,0.0709741607142857,0.03548708035714285,0.03548708035714285,50.0,True
Washing_Machine_2014-10-09_01,Washing Machine,Appliance5,2014-10-09 05:32:00,2014-10-09 06:06:00,2014-10-09 13:02:00,2014-10-09 13:36:00,34,0.04185543452380953,0.03854552380952381,0.00330991071428572,7.907959269668726,True
Washing_Machine_2014-10-12_01,Washing Machine,Appliance5,2014-10-12 11:45:00,2014-10-12 12:18:00,2014-10-12 13:00:00,2014-10-12 13:33:00,33,0.07617704761904763,0.038088523809523815,0.038088523809523815,50.0,True
Washing_Machine_2014-10-14_02,Washing Machine,Appliance5,2014-10-14 07:42:00,2014-10-14 08:15:00,2014-10-14 13:12:00,2014-10-14 13:45:00,33,0.07914236111111109,0.039571180555555543,0.039571180555555543,50.0,True
Washing_Machine_2014-10-17_01,Washing Machine,Appliance5,2014-10-17 10:34:00,2014-10-17 11:07:00,2014-10-17 13:04:00,2014-10-17 13:37:00,33,0.07755891865079365,0.03877945932539682,0.03877945932539682,50.0,True
Washing_Machine_2014-10-19_01,Washing Machine,Appliance5,2014-10-19 10:01:00,2014-10-19 10:35:00,2014-10-19 13:01:00,2014-10-19 13:35:00,34,0.07151804563492065,0.03575902281746032,0.03575902281746032,50.0,True
Washing_Machine_2014-10-22_02,Washing Machine,Appliance5,2014-10-22 11:36:00,2014-10-22 12:12:00,2014-10-22 13:06:00,2014-10-22 13:42:00,36,0.08599692857142854,0.04299846428571427,0.04299846428571427,50.0,True
Washing_Machine_2014-10-26_01,Washing Machine,Appliance5,2014-10-26 10:29:00,2014-10-26 11:03:00,2014-10-26 13:14:00,2014-10-26 13:48:00,34,0.07540994444444442,0.03770497222222221,0.03770497222222221,50.0,True
Washing_Machine_2014-10-29_01,Washing Machine,Appliance5,2014-10-29 12:23:00,2014-10-29 12:44:00,2014-10-29 13:08:00,2014-10-29 13:29:00,21,0.01565511904761905,0.007827559523809525,0.007827559523809525,50.0,True
Washing_Machine_2014-10-30_01,Washing Machine,Appliance5,2014-10-30 11:02:00,2014-10-30 11:38:00,2014-10-30 13:02:00,2014-10-30 13:38:00,36,0.08299331349206351,0.04149665674603176,0.04149665674603176,50.0,True
Washing_Machine_2014-10-31_01,Washing Machine,Appliance5,2014-10-31 10:09:00,2014-10-31 10:42:00,2014-10-31 13:09:00,2014-10-31 13:42:00,33,0.07303918650793653,0.036519593253968266,0.036519593253968266,50.0,True
Washing_Machine_2014-11-01_01,Washing Machine,Appliance5,2014-11-01 09:24:00,2014-11-01 09:59:00,2014-11-01 13:09:00,2014-11-01 13:44:00,35,0.07835219246031745,0.039176096230158726,0.039176096230158726,50.0,True
Washing_Machine_2014-11-03_01,Washing Machine,Appliance5,2014-11-03 10:24:00,2014-11-03 10:59:00,2014-11-03 13:09:00,2014-11-03 13:44:00,35,0.07958790674603172,0.03979395337301586,0.03979395337301586,50.0,True
Washing_Machine_2014-11-04_03,Washing Machine,Appliance5,2014-11-04 10:26:00,2014-11-04 11:00:00,2014-11-04 13:11:00,2014-11-04 13:45:00,34,0.08366804365079367,0.04183402182539683,0.04183402182539683,50.0,True
Washing_Machine_2014-11-05_01,Washing Machine,Appliance5,2014-11-05 10:51:00,2014-11-05 11:25:00,2014-11-05 13:06:00,2014-11-05 13:40:00,34,0.08403865079365082,0.04201932539682541,0.04201932539682541,50.0,True
Washing_Machine_2014-11-06_01,Washing Machine,Appliance5,2014-11-06 09:31:00,2014-11-06 10:05:00,2014-11-06 13:01:00,2014-11-06 13:35:00,34,0.08887699206349206,0.04443849603174603,0.04443849603174603,50.0,True
Washing_Machine_2014-11-12_01,Washing Machine,Appliance5,2014-11-12 11:27:00,2014-11-12 12:03:00,2014-11-12 13:12:00,2014-11-12 13:48:00,36,0.0884822281746032,0.0442411140873016,0.0442411140873016,50.0,True
Washing_Machine_2014-11-14_02,Washing Machine,Appliance5,2014-11-14 08:33:00,2014-11-14 08:44:00,2014-11-14 13:03:00,2014-11-14 13:14:00,11,0.014702916666666666,0.007351458333333333,0.007351458333333333,50.0,True
Washing_Machine_2014-11-24_02,Washing Machine,Appliance5,2014-11-24 11:30:00,2014-11-24 12:05:00,2014-11-24 13:00:00,2014-11-24 13:35:00,35,0.09489617063492065,0.04744808531746032,0.04744808531746032,50.0,True
Washing_Machine_2014-11-27_01,Washing Machine,Appliance5,2014-11-27 05:46:00,2014-11-27 06:21:00,2014-11-27 13:01:00,2014-11-27 13:36:00,35,0.06667712698412698,0.05885799503968255,0.007819131944444425,11.726857916817309,True
Washing_Machine_2014-11-29_01,Washing Machine,Appliance5,2014-11-29 05:47:00,2014-11-29 06:20:00,2014-11-29 13:02:00,2014-11-29 13:35:00,33,0.05199775793650794,0.04571657242063493,0.006281185515873013,12.079723751825373,True
Washing_Machine_2014-11-30_01,Washing Machine,Appliance5,2014-11-30 09:53:00,2014-11-30 10:27:00,2014-11-30 13:08:00,2014-11-30 13:42:00,34,0.08813596825396827,0.044067984126984136,0.044067984126984136,50.0,True
Washing_Machine_2014-12-02_01,Washing Machine,Appliance5,2014-12-02 11:46:00,2014-12-02 12:20:00,2014-12-02 13:01:00,2014-12-02 13:35:00,34,0.08850369642857141,0.044251848214285704,0.044251848214285704,50.0,True
Washing_Machine_2014-12-12_02,Washing Machine,Appliance5,2014-12-12 09:50:00,2014-12-12 10:25:00,2014-12-12 13:05:00,2014-12-12 13:40:00,35,0.11588401190476189,0.05794200595238094,0.05794200595238094,50.0,True
Washing_Machine_2014-12-13_01,Washing Machine,Appliance5,2014-12-13 10:12:00,2014-12-13 10:47:00,2014-12-13 13:12:00,2014-12-13 13:47:00,35,0.1049533333333333,0.05247666666666665,0.05247666666666665,50.0,True
Washing_Machine_2014-12-15_01,Washing Machine,Appliance5,2014-12-15 10:12:00,2014-12-15 11:08:00,2014-12-15 13:12:00,2014-12-15 14:08:00,56,0.16145344841269835,0.08072672420634917,0.08072672420634917,50.0,True
Washing_Machine_2014-12-19_01,Washing Machine,Appliance5,2014-12-19 11:28:00,2014-12-19 12:04:00,2014-12-19 13:13:00,2014-12-19 13:49:00,36,0.0979169484126984,0.0489584742063492,0.0489584742063492,50.0,True
Washing_Machine_2014-12-22_01,Washing Machine,Appliance5,2014-12-22 10:38:00,2014-12-22 11:12:00,2014-12-22 13:08:00,2014-12-22 13:42:00,34,0.09851955555555558,0.04925977777777779,0.04925977777777779,50.0,True
Washing_Machine_2014-12-27_02,Washing Machine,Appliance5,2014-12-27 10:38:00,2014-12-27 11:18:00,2014-12-27 13:08:00,2014-12-27 13:48:00,40,0.055059458333333346,0.027529729166666673,0.027529729166666673,50.0,True
Washing_Machine_2014-12-28_02,Washing Machine,Appliance5,2014-12-28 11:34:00,2014-12-28 12:07:00,2014-12-28 13:04:00,2014-12-28 13:37:00,33,0.09723194444444447,0.048615972222222234,0.048615972222222234,50.0,True
Washing_Machine_2014-12-30_02,Washing Machine,Appliance5,2014-12-30 10:49:00,2014-12-30 11:23:00,2014-12-30 13:04:00,2014-12-30 13:38:00,34,0.09964841865079359,0.049824209325396794,0.049824209325396794,50.0,True
Washing_Machine_2015-01-06_02,Washing Machine,Appliance5,2015-01-06 10:30:00,2015-01-06 11:03:00,2015-01-06 13:00:00,2015-01-06 13:33:00,33,0.10094280952380956,0.05047140476190478,0.05047140476190478,50.0,True
Washing_Machine_2015-01-11_01,Washing Machine,Appliance5,2015-01-11 10:17:00,2015-01-11 10:54:00,2015-01-11 13:02:00,2015-01-11 13:39:00,37,0.10498719246031746,0.05249359623015873,0.05249359623015873,50.0,True
Washing_Machine_2015-01-13_02,Washing Machine,Appliance5,2015-01-13 10:19:00,2015-01-13 10:52:00,2015-01-13 13:04:00,2015-01-13 13:37:00,33,0.10541820436507937,0.052709102182539685,0.052709102182539685,50.0,True
Washing_Machine_2015-01-14_01,Washing Machine,Appliance5,2015-01-14 10:50:00,2015-01-14 11:29:00,2015-01-14 13:05:00,2015-01-14 13:44:00,39,0.10391166071428574,0.05195583035714287,0.05195583035714287,50.0,True
Washing_Machine_2015-01-20_01,Washing Machine,Appliance5,2015-01-20 10:28:00,2015-01-20 11:03:00,2015-01-20 13:13:00,2015-01-20 13:48:00,35,0.10711844444444442,0.05355922222222221,0.05355922222222221,50.0,True
Washing_Machine_2015-01-22_02,Washing Machine,Appliance5,2015-01-22 09:36:00,2015-01-22 10:30:00,2015-01-22 13:06:00,2015-01-22 14:00:00,54,0.19699818452380946,0.09849909226190473,0.09849909226190473,50.0,True
Washing_Machine_2015-01-23_02,Washing Machine,Appliance5,2015-01-23 11:51:00,2015-01-23 12:25:00,2015-01-23 13:06:00,2015-01-23 13:40:00,34,0.12055898809523809,0.060279494047619044,0.060279494047619044,50.0,True
Washing_Machine_2015-01-27_01,Washing Machine,Appliance5,2015-01-27 07:35:00,2015-01-27 08:08:00,2015-01-27 13:05:00,2015-01-27 13:38:00,33,0.09975378571428574,0.04987689285714287,0.04987689285714287,50.0,True
Washing_Machine_2015-02-01_02,Washing Machine,Appliance5,2015-02-01 10:03:00,2015-02-01 10:36:00,2015-02-01 13:03:00,2015-02-01 13:36:00,33,0.10198103571428571,0.050990517857142856,0.050990517857142856,50.0,True
Washing_Machine_2015-02-06_01,Washing Machine,Appliance5,2015-02-06 09:35:00,2015-02-06 10:09:00,2015-02-06 13:05:00,2015-02-06 13:39:00,34,0.11143941666666662,0.05571970833333331,0.05571970833333331,50.0,True
Washing_Machine_2015-02-08_01,Washing Machine,Appliance5,2015-02-08 11:38:00,2015-02-08 12:13:00,2015-02-08 13:08:00,2015-02-08 13:43:00,35,0.13260560515873016,0.06630280257936508,0.06630280257936508,50.0,True
Washing_Machine_2015-02-13_02,Washing Machine,Appliance5,2015-02-13 12:16:00,2015-02-13 12:52:00,2015-02-13 13:01:00,2015-02-13 13:37:00,36,0.10517971825396824,0.05258985912698412,0.05258985912698412,50.0,True
Washing_Machine_2015-02-18_01,Washing Machine,Appliance5,2015-02-18 10:16:00,2015-02-18 11:09:00,2015-02-18 13:01:00,2015-02-18 13:54:00,53,0.17425728968253965,0.08712864484126982,0.08712864484126982,50.0,True
Washing_Machine_2015-02-21_02,Washing Machine,Appliance5,2015-02-21 10:29:00,2015-02-21 11:23:00,2015-02-21 13:14:00,2015-02-21 14:08:00,54,0.18839564285714278,0.09419782142857139,0.09419782142857139,50.0,True
Washing_Machine_2015-02-23_01,Washing Machine,Appliance5,2015-02-23 10:49:00,2015-02-23 11:26:00,2015-02-23 13:04:00,2015-02-23 13:41:00,37,0.1077747142857143,0.05388735714285715,0.05388735714285715,50.0,True
Washing_Machine_2015-02-25_01,Washing Machine,Appliance5,2015-02-25 12:30:00,2015-02-25 13:05:00,2015-02-25 13:00:00,2015-02-25 13:35:00,35,0.10266845932539681,0.05282455952380952,0.049843899801587294,48.548405351649755,True
Washing_Machine_2015-03-02_01,Washing Machine,Appliance5,2015-03-02 09:17:00,2015-03-02 09:50:00,2015-03-02 13:02:00,2015-03-02 13:35:00,33,0.10325058333333333,0.05162529166666666,0.05162529166666666,50.0,True
Washing_Machine_2015-03-03_02,Washing Machine,Appliance5,2015-03-03 10:20:00,2015-03-03 11:14:00,2015-03-03 13:05:00,2015-03-03 13:59:00,54,0.16534717460317458,0.08267358730158729,0.08267358730158729,50.0,True
Washing_Machine_2015-03-04_01,Washing Machine,Appliance5,2015-03-04 10:35:00,2015-03-04 11:08:00,2015-03-04 13:05:00,2015-03-04 13:38:00,33,0.10368853463203459,0.051844267316017295,0.051844267316017295,50.0,True
Washing_Machine_2015-03-21_01,Washing Machine,Appliance5,2015-03-21 05:07:00,2015-03-21 06:01:00,2015-03-21 13:07:00,2015-03-21 14:01:00,54,0.09432209226190474,0.09377459226190475,0.0005474999999999924,0.5804578618546181,True
Washing_Machine_2015-03-25_02,Washing Machine,Appliance5,2015-03-25 10:51:00,2015-03-25 11:25:00,2015-03-25 13:06:00,2015-03-25 13:40:00,34,0.11123863293650794,0.05561931646825397,0.05561931646825397,50.0,True
Washing_Machine_2015-03-26_01,Washing Machine,Appliance5,2015-03-26 15:44:00,2015-03-26 16:20:00,2015-03-26 20:14:00,2015-03-26 20:50:00,36,0.05896460416666665,0.05255487499999998,0.0064097291666666695,10.870469253976882,True
Washing_Machine_2015-03-30_01,Washing Machine,Appliance5,2015-03-30 11:59:00,2015-03-30 12:32:00,2015-03-30 13:14:00,2015-03-30 13:47:00,33,0.09206212301587302,0.04603106150793651,0.04603106150793651,50.0,True
Washing_Machine_2015-04-02_01,Washing Machine,Appliance5,2015-04-02 10:41:00,2015-04-02 11:14:00,2015-04-02 13:11:00,2015-04-02 13:44:00,33,0.08887275000000001,0.04443637500000001,0.04443637500000001,50.0,True
Washing_Machine_2015-04-07_01,Washing Machine,Appliance5,2015-04-07 10:32:00,2015-04-07 11:27:00,2015-04-07 13:02:00,2015-04-07 13:57:00,55,0.19569861706349204,0.09784930853174602,0.09784930853174602,50.0,True
Washing_Machine_2015-04-09_01,Washing Machine,Appliance5,2015-04-09 11:52:00,2015-04-09 12:27:00,2015-04-09 13:07:00,2015-04-09 13:42:00,35,0.09019822222222225,0.045099111111111125,0.045099111111111125,50.0,True
Washing_Machine_2015-04-12_01,Washing Machine,Appliance5,2015-04-12 10:29:00,2015-04-12 11:09:00,2015-04-12 13:14:00,2015-04-12 13:54:00,40,0.09131272222222224,0.04565636111111112,0.04565636111111112,50.0,True
Washing_Machine_2015-04-13_02,Washing Machine,Appliance5,2015-04-13 14:46:00,2015-04-13 16:01:00,2015-04-13 20:01:00,2015-04-13 21:16:00,75,0.03525293452380954,0.034919878968253985,0.0003330555555555517,0.9447598052599246,True
Washing_Machine_2015-04-14_01,Washing Machine,Appliance5,2015-04-14 12:22:00,2015-04-14 13:00:00,2015-04-14 13:07:00,2015-04-14 13:45:00,38,0.07878233134920634,0.03939186011904762,0.03939047123015872,49.9991185276793,True
Washing_Machine_2015-04-15_01,Washing Machine,Appliance5,2015-04-15 10:00:00,2015-04-15 10:33:00,2015-04-15 13:00:00,2015-04-15 13:33:00,33,0.08647761507936505,0.043238807539682525,0.043238807539682525,50.0,True
Washing_Machine_2015-04-18_02,Washing Machine,Appliance5,2015-04-18 15:38:00,2015-04-18 16:12:00,2015-04-18 20:08:00,2015-04-18 20:42:00,34,0.043881585317460295,0.03933167559523809,0.0045499097222222035,10.368608356571416,True
Washing_Machine_2015-04-20_01,Washing Machine,Appliance5,2015-04-20 09:57:00,2015-04-20 12:08:00,2015-04-20 13:12:00,2015-04-20 15:23:00,131,0.18178280158730165,0.09089140079365082,0.09089140079365082,50.0,True
Washing_Machine_2015-04-25_01,Washing Machine,Appliance5,2015-04-25 10:06:00,2015-04-25 10:41:00,2015-04-25 13:06:00,2015-04-25 13:41:00,35,0.09876804166666668,0.04938402083333334,0.04938402083333334,50.0,True
Washing_Machine_2015-04-27_01,Washing Machine,Appliance5,2015-04-27 10:47:00,2015-04-27 11:21:00,2015-04-27 13:02:00,2015-04-27 13:36:00,34,0.08601608730158732,0.04300804365079366,0.04300804365079366,50.0,True
Washing_Machine_2015-05-01_01,Washing Machine,Appliance5,2015-05-01 12:57:00,2015-05-01 13:30:00,2015-05-01 13:12:00,2015-05-01 13:45:00,33,0.05213445337301589,0.044844731150793654,0.007289722222222239,13.982542734389353,True
Washing_Machine_2015-05-04_01,Washing Machine,Appliance5,2015-05-04 09:56:00,2015-05-04 10:30:00,2015-05-04 13:11:00,2015-05-04 13:45:00,34,0.07875189285714287,0.03937594642857144,0.03937594642857144,50.0,True
Washing_Machine_2015-05-05_01,Washing Machine,Appliance5,2015-05-05 10:36:00,2015-05-05 11:10:00,2015-05-05 13:06:00,2015-05-05 13:40:00,34,0.07245781746031746,0.03622890873015873,0.03622890873015873,50.0,True
Washing_Machine_2015-05-07_01,Washing Machine,Appliance5,2015-05-07 16:00:00,2015-05-07 16:37:00,2015-05-07 20:00:00,2015-05-07 20:37:00,37,0.08040215927128429,0.040201079635642144,0.040201079635642144,50.0,True
Washing_Machine_2015-05-08_01,Washing Machine,Appliance5,2015-05-08 11:35:00,2015-05-08 12:08:00,2015-05-08 13:05:00,2015-05-08 13:38:00,33,0.08082248358585861,0.040411241792929306,0.040411241792929306,50.0,True
Washing_Machine_2015-05-20_02,Washing Machine,Appliance5,2015-05-20 15:38:00,2015-05-20 16:54:00,2015-05-20 20:08:00,2015-05-20 21:24:00,76,0.09127219742063494,0.06338254960317462,0.027889647817460325,30.556564436515902,True
Washing_Machine_2015-05-21_01,Washing Machine,Appliance5,2015-05-21 08:51:00,2015-05-21 09:23:00,2015-05-21 13:06:00,2015-05-21 13:38:00,32,0.07781891071428569,0.038909455357142846,0.038909455357142846,50.0,True
Washing_Machine_2015-05-22_01,Washing Machine,Appliance5,2015-05-22 10:36:00,2015-05-22 11:10:00,2015-05-22 13:06:00,2015-05-22 13:40:00,34,0.08238173412698413,0.041190867063492065,0.041190867063492065,50.0,True
Washing_Machine_2015-05-23_01,Washing Machine,Appliance5,2015-05-23 05:46:00,2015-05-23 06:19:00,2015-05-23 13:01:00,2015-05-23 13:34:00,33,0.045279093253968256,0.03900093055555554,0.006278162698412713,13.865477966174812,True
Washing_Machine_2015-05-27_01,Washing Machine,Appliance5,2015-05-27 11:49:00,2015-05-27 12:24:00,2015-05-27 13:04:00,2015-05-27 13:39:00,35,0.07623952182539676,0.03811976091269838,0.03811976091269838,50.0,True
Washing_Machine_2015-05-28_01,Washing Machine,Appliance5,2015-05-28 09:21:00,2015-05-28 09:54:00,2015-05-28 13:06:00,2015-05-28 13:39:00,33,0.07394410714285714,0.03697205357142857,0.03697205357142857,50.0,True
Washing_Machine_2015-05-31_01,Washing Machine,Appliance5,2015-05-31 15:47:00,2015-05-31 16:21:00,2015-05-31 20:02:00,2015-05-31 20:36:00,34,0.042903298611111126,0.03608096726190477,0.006822331349206359,15.901647589025957,True
Washing_Machine_2015-06-01_01,Washing Machine,Appliance5,2015-06-01 07:21:00,2015-06-01 07:54:00,2015-06-01 13:06:00,2015-06-01 13:39:00,33,0.07864363095238093,0.039321815476190465,0.039321815476190465,50.0,True
Washing_Machine_2015-06-02_01,Washing Machine,Appliance5,2015-06-02 05:31:00,2015-06-02 06:04:00,2015-06-02 13:01:00,2015-06-02 13:34:00,33,0.0423930119047619,0.039623706349206346,0.0027693055555555526,6.5324576649022745,True
Washing_Machine_2015-06-03_01,Washing Machine,Appliance5,2015-06-03 09:02:00,2015-06-03 09:34:00,2015-06-03 13:02:00,2015-06-03 13:34:00,32,0.06395859523809523,0.031979297619047616,0.031979297619047616,50.0,True
Washing_Machine_2015-06-06_01,Washing Machine,Appliance5,2015-06-06 09:00:00,2015-06-06 09:34:00,2015-06-06 13:00:00,2015-06-06 13:34:00,34,0.07504800198412698,0.03752400099206349,0.03752400099206349,50.0,True
Washing_Machine_2015-06-30_01,Washing Machine,Appliance5,2015-06-30 09:06:00,2015-06-30 09:39:00,2015-06-30 13:06:00,2015-06-30 13:39:00,33,0.051250517857142866,0.025625258928571433,0.025625258928571433,50.0,True
Washing_Machine_2015-07-03_01,Washing Machine,Appliance5,2015-07-03 10:55:00,2015-07-03 11:30:00,2015-07-03 13:10:00,2015-07-03 13:45:00,35,0.05783703769841269,0.028918518849206345,0.028918518849206345,50.0,True
Washing_Machine_2015-07-05_01,Washing Machine,Appliance5,2015-07-05 11:32:00,2015-07-05 12:06:00,2015-07-05 13:02:00,2015-07-05 13:36:00,34,0.04965499603174604,0.02482749801587302,0.02482749801587302,50.0,True
Washing_Machine_2015-07-08_01,Washing Machine,Appliance5,2015-07-08 06:20:00,2015-07-08 06:54:00,2015-07-08 13:05:00,2015-07-08 13:39:00,34,0.06111309523809523,0.030556547619047615,0.030556547619047615,50.0,True
