event_id,appliance_name,appliance_id,original_start_time,original_end_time,optimized_start_time,optimized_end_time,duration_minutes,original_cost,optimized_cost,cost_savings,savings_percentage,time_shift_hours,power_profile_points
Washing_Machine_2014-06-08_01,Washing Machine,Appliance3,2014-06-08 11:31:00,2014-06-08 13:28:00,2014-06-08 13:01:00,2014-06-08 14:58:00,117,0.04101613492063491,0.024933263888888883,0.016082871031746028,39.211083791454115,1.5,113
Washing_Machine_2014-06-09_02,Washing Machine,Appliance3,2014-06-09 11:05:00,2014-06-09 12:57:00,2014-06-09 13:05:00,2014-06-09 14:57:00,112,0.1633456607142857,0.08167283035714284,0.08167283035714284,50.0,2.0,74
Washing_Machine_2014-06-18_01,Washing Machine,Appliance3,2014-06-18 10:38:00,2014-06-18 11:11:00,2014-06-18 13:08:00,2014-06-18 13:41:00,33,0.023745156565656567,0.011872578282828283,0.011872578282828283,50.0,2.5,26
Washing_Machine_2014-06-18_03,Washing Machine,Appliance3,2014-06-18 11:14:00,2014-06-18 11:19:00,2014-06-18 13:44:00,2014-06-18 13:49:00,5,0.00010629292929292929,5.3146464646464644e-05,5.3146464646464644e-05,50.0,2.5,5
Washing_Machine_2014-06-18_05,Washing Machine,Appliance3,2014-06-18 11:22:00,2014-06-18 11:30:00,2014-06-18 13:52:00,2014-06-18 14:00:00,8,0.00022700000000000002,0.00011350000000000001,0.00011350000000000001,50.0,2.5,8
Washing_Machine_2014-06-20_01,Washing Machine,Appliance3,2014-06-20 09:12:00,2014-06-20 10:57:00,2014-06-20 13:12:00,2014-06-20 14:57:00,105,0.03875249401578813,0.019376247007894067,0.019376247007894067,50.0,4.0,101
Washing_Machine_2014-06-22_01,Washing Machine,Appliance3,2014-06-22 08:57:00,2014-06-22 10:19:00,2014-06-22 13:12:00,2014-06-22 14:34:00,82,0.03441675,0.017208375,0.017208375,50.0,4.25,74
Washing_Machine_2014-07-02_01,Washing Machine,Appliance3,2014-07-02 16:22:00,2014-07-02 17:58:00,2014-07-02 20:07:00,2014-07-02 21:43:00,96,0.03868805158730158,0.01934402579365079,0.01934402579365079,50.0,3.75,94
Washing_Machine_2014-07-03_01,Washing Machine,Appliance3,2014-07-03 09:39:00,2014-07-03 09:54:00,2014-07-03 13:09:00,2014-07-03 13:24:00,15,0.010117333333333332,0.005058666666666666,0.005058666666666666,50.0,3.5,15
Washing_Machine_2014-07-03_03,Washing Machine,Appliance3,2014-07-03 10:00:00,2014-07-03 10:10:00,2014-07-03 13:30:00,2014-07-03 13:40:00,10,0.0003835,0.00019175,0.00019175,50.0,3.5,10
Washing_Machine_2014-07-03_04,Washing Machine,Appliance3,2014-07-03 10:11:00,2014-07-03 10:17:00,2014-07-03 13:41:00,2014-07-03 13:47:00,6,0.00015549999999999999,7.774999999999999e-05,7.774999999999999e-05,50.0,3.5,6
Washing_Machine_2014-07-03_07,Washing Machine,Appliance3,2014-07-03 10:44:00,2014-07-03 11:49:00,2014-07-03 13:59:00,2014-07-03 15:04:00,65,0.012363696969696974,0.006181848484848487,0.006181848484848487,50.0,3.25,63
Washing_Machine_2014-07-03_13,Washing Machine,Appliance3,2014-07-03 12:12:00,2014-07-03 12:31:00,2014-07-03 15:12:00,2014-07-03 15:31:00,19,0.004416888888888889,0.0022084444444444443,0.0022084444444444443,50.0,3.0,19
Washing_Machine_2014-07-03_22,Washing Machine,Appliance3,2014-07-03 17:57:00,2014-07-03 18:09:00,2014-07-03 20:12:00,2014-07-03 20:24:00,12,0.005359333333333332,0.002679666666666666,0.002679666666666666,50.0,2.25,11
Washing_Machine_2014-07-08_01,Washing Machine,Appliance3,2014-07-08 04:58:00,2014-07-08 07:00:00,2014-07-08 13:13:00,2014-07-08 15:15:00,122,0.12221477886002888,0.10716399395743147,0.015050784902597411,12.315028544816904,8.25,122
Washing_Machine_2014-07-08_02,Washing Machine,Appliance3,2014-07-08 07:02:00,2014-07-08 07:10:00,2014-07-08 13:02:00,2014-07-08 13:10:00,8,0.00022677777777777778,0.00011338888888888889,0.00011338888888888889,50.0,6.0,8
Washing_Machine_2014-07-08_04,Washing Machine,Appliance3,2014-07-08 07:16:00,2014-07-08 07:26:00,2014-07-08 15:16:00,2014-07-08 15:26:00,10,0.00022096176046176047,0.00011048088023088024,0.00011048088023088024,50.0,8.0,10
Washing_Machine_2014-07-22_01,Washing Machine,Appliance3,2014-07-22 11:28:00,2014-07-22 12:41:00,2014-07-22 13:13:00,2014-07-22 14:26:00,73,0.036933815836940845,0.018466907918470422,0.018466907918470422,50.0,1.75,71
Washing_Machine_2014-07-22_02,Washing Machine,Appliance3,2014-07-22 17:02:00,2014-07-22 17:20:00,2014-07-22 20:02:00,2014-07-22 20:20:00,18,0.00948085606060606,0.00474042803030303,0.00474042803030303,50.0,3.0,18
Washing_Machine_2014-07-22_04,Washing Machine,Appliance3,2014-07-22 17:26:00,2014-07-22 17:44:00,2014-07-22 20:26:00,2014-07-22 20:44:00,18,0.008038501984126983,0.0040192509920634915,0.0040192509920634915,50.0,3.0,18
Washing_Machine_2014-07-24_01,Washing Machine,Appliance3,2014-07-24 09:50:00,2014-07-24 11:03:00,2014-07-24 13:05:00,2014-07-24 14:18:00,73,0.0380422987012987,0.01902114935064935,0.01902114935064935,50.0,3.25,71
Washing_Machine_2014-07-24_03,Washing Machine,Appliance3,2014-07-24 11:51:00,2014-07-24 11:57:00,2014-07-24 14:21:00,2014-07-24 14:27:00,6,0.0024385416666666665,0.0012192708333333333,0.0012192708333333333,50.0,2.5,6
Washing_Machine_2014-07-28_01,Washing Machine,Appliance3,2014-07-28 10:41:00,2014-07-28 12:02:00,2014-07-28 13:11:00,2014-07-28 14:32:00,81,0.07543019058719058,0.03771509529359529,0.03771509529359529,50.0,2.5,45
Washing_Machine_2014-07-28_06,Washing Machine,Appliance3,2014-07-28 12:15:00,2014-07-28 12:21:00,2014-07-28 13:00:00,2014-07-28 13:06:00,6,0.00019544444444444446,9.772222222222223e-05,9.772222222222223e-05,50.0,0.75,6
Washing_Machine_2014-07-29_01,Washing Machine,Appliance3,2014-07-29 09:31:00,2014-07-29 11:27:00,2014-07-29 13:01:00,2014-07-29 14:57:00,116,0.045931474206349215,0.022965737103174608,0.022965737103174608,50.0,3.5,114
Washing_Machine_2014-07-30_01,Washing Machine,Appliance3,2014-07-30 08:19:00,2014-07-30 08:50:00,2014-07-30 13:04:00,2014-07-30 13:35:00,31,0.014320131313131316,0.007160065656565658,0.007160065656565658,50.0,4.75,27
Washing_Machine_2014-07-31_01,Washing Machine,Appliance3,2014-07-31 09:28:00,2014-07-31 11:24:00,2014-07-31 13:13:00,2014-07-31 15:09:00,116,0.04322977687590186,0.02161488843795093,0.02161488843795093,50.0,3.75,114
Washing_Machine_2014-07-31_02,Washing Machine,Appliance3,2014-07-31 12:33:00,2014-07-31 12:48:00,2014-07-31 15:18:00,2014-07-31 15:33:00,15,0.009571338383838383,0.004785669191919192,0.004785669191919192,50.0,2.75,15
Washing_Machine_2014-08-13_01,Washing Machine,Appliance3,2014-08-13 09:52:00,2014-08-13 10:49:00,2014-08-13 13:07:00,2014-08-13 14:04:00,57,0.05109993290043289,0.025549966450216444,0.025549966450216444,50.0,3.25,56
Washing_Machine_2014-08-13_03,Washing Machine,Appliance3,2014-08-13 10:54:00,2014-08-13 11:07:00,2014-08-13 14:09:00,2014-08-13 14:22:00,13,0.000275530303030303,0.0001377651515151515,0.0001377651515151515,50.0,3.25,13
Washing_Machine_2014-08-16_01,Washing Machine,Appliance3,2014-08-16 11:04:00,2014-08-16 12:59:00,2014-08-16 13:04:00,2014-08-16 14:59:00,115,0.053070773809523825,0.026535386904761912,0.026535386904761912,50.0,2.0,53
Washing_Machine_2014-08-19_01,Washing Machine,Appliance3,2014-08-19 11:36:00,2014-08-19 12:10:00,2014-08-19 13:06:00,2014-08-19 13:40:00,34,0.025267095779220775,0.012633547889610387,0.012633547889610387,50.0,1.5,29
Washing_Machine_2014-08-20_01,Washing Machine,Appliance3,2014-08-20 09:30:00,2014-08-20 10:17:00,2014-08-20 13:00:00,2014-08-20 13:47:00,47,0.034558877344877344,0.017279438672438672,0.017279438672438672,50.0,3.5,40
Washing_Machine_2014-08-20_02,Washing Machine,Appliance3,2014-08-20 17:56:00,2014-08-20 18:03:00,2014-08-20 20:11:00,2014-08-20 20:18:00,7,0.007017888888888889,0.0035089444444444443,0.0035089444444444443,50.0,2.25,7
Washing_Machine_2014-09-02_01,Washing Machine,Appliance3,2014-09-02 11:57:00,2014-09-02 13:35:00,2014-09-02 13:12:00,2014-09-02 14:50:00,98,0.023290580357142855,0.014386592261904757,0.008903988095238098,38.22999667119667,1.25,88
Washing_Machine_2014-09-03_01,Washing Machine,Appliance3,2014-09-03 10:57:00,2014-09-03 12:54:00,2014-09-03 13:12:00,2014-09-03 15:09:00,117,0.03956937499999999,0.019784687499999995,0.019784687499999995,50.0,2.25,70
Washing_Machine_2014-09-04_01,Washing Machine,Appliance3,2014-09-04 10:37:00,2014-09-04 12:10:00,2014-09-04 13:07:00,2014-09-04 14:40:00,93,0.08971039718614716,0.04485519859307358,0.04485519859307358,50.0,2.5,92
Washing_Machine_2014-09-04_03,Washing Machine,Appliance3,2014-09-04 12:15:00,2014-09-04 12:27:00,2014-09-04 14:45:00,2014-09-04 14:57:00,12,0.0036739608585858586,0.0018369804292929293,0.0018369804292929293,50.0,2.5,11
Washing_Machine_2014-09-09_01,Washing Machine,Appliance3,2014-09-09 09:25:00,2014-09-09 11:20:00,2014-09-09 13:10:00,2014-09-09 15:05:00,115,0.03690216612554111,0.018451083062770556,0.018451083062770556,50.0,3.75,104
Washing_Machine_2014-09-09_02,Washing Machine,Appliance3,2014-09-09 11:49:00,2014-09-09 12:03:00,2014-09-09 15:19:00,2014-09-09 15:33:00,14,0.008619722222222223,0.0043098611111111115,0.0043098611111111115,50.0,3.5,14
Washing_Machine_2014-09-12_01,Washing Machine,Appliance3,2014-09-12 08:42:00,2014-09-12 10:27:00,2014-09-12 13:12:00,2014-09-12 14:57:00,105,0.04574197474747476,0.02287098737373738,0.02287098737373738,50.0,4.5,96
Washing_Machine_2014-09-12_02,Washing Machine,Appliance3,2014-09-12 17:03:00,2014-09-12 17:20:00,2014-09-12 20:03:00,2014-09-12 20:20:00,17,0.008481747474747472,0.004240873737373736,0.004240873737373736,50.0,3.0,17
Washing_Machine_2014-09-13_07,Washing Machine,Appliance3,2014-09-13 18:24:00,2014-09-13 18:35:00,2014-09-13 20:09:00,2014-09-13 20:20:00,11,0.009050555555555555,0.004525277777777777,0.004525277777777777,50.0,1.75,11
Washing_Machine_2014-09-26_01,Washing Machine,Appliance3,2014-09-26 11:05:00,2014-09-26 12:41:00,2014-09-26 13:05:00,2014-09-26 14:41:00,96,0.06316314646464644,0.03158157323232322,0.03158157323232322,50.0,2.0,93
Washing_Machine_2014-09-30_01,Washing Machine,Appliance3,2014-09-30 09:38:00,2014-09-30 10:49:00,2014-09-30 13:08:00,2014-09-30 14:19:00,71,0.02307774314574314,0.01153887157287157,0.01153887157287157,50.0,3.5,64
Washing_Machine_2014-09-30_02,Washing Machine,Appliance3,2014-09-30 11:46:00,2014-09-30 11:57:00,2014-09-30 14:31:00,2014-09-30 14:42:00,11,0.007183999999999999,0.0035919999999999997,0.0035919999999999997,50.0,2.75,11
Washing_Machine_2014-10-01_01,Washing Machine,Appliance3,2014-10-01 12:23:00,2014-10-01 14:19:00,2014-10-01 13:08:00,2014-10-01 15:04:00,116,0.028812113095238085,0.022415824404761895,0.00639628869047619,22.19999855384899,0.75,112
Washing_Machine_2014-10-01_02,Washing Machine,Appliance3,2014-10-01 15:53:00,2014-10-01 16:08:00,2014-10-01 20:08:00,2014-10-01 20:23:00,15,0.010326160714285715,0.005927008928571429,0.004399151785714286,42.60200773001997,4.25,15
Washing_Machine_2014-10-10_01,Washing Machine,Appliance3,2014-10-10 10:01:00,2014-10-10 11:46:00,2014-10-10 13:01:00,2014-10-10 14:46:00,105,0.029157625000000003,0.014578812500000001,0.014578812500000001,50.0,3.0,58
Washing_Machine_2014-10-10_02,Washing Machine,Appliance3,2014-10-10 12:59:00,2014-10-10 13:11:00,2014-10-10 14:59:00,2014-10-10 15:11:00,12,0.006168467261904761,0.006115967261904761,5.250000000000046e-05,0.8511028391806521,2.0,12
Washing_Machine_2014-10-12_01,Washing Machine,Appliance3,2014-10-12 17:18:00,2014-10-12 19:14:00,2014-10-12 20:03:00,2014-10-12 21:59:00,116,0.15111931944444454,0.07555965972222227,0.07555965972222227,50.0,2.75,116
Washing_Machine_2014-10-12_02,Washing Machine,Appliance3,2014-10-12 19:21:00,2014-10-12 19:37:00,2014-10-13 13:06:00,2014-10-13 13:22:00,16,0.010865363095238095,0.005432681547619047,0.005432681547619047,50.0,17.75,16
Washing_Machine_2014-10-12_05,Washing Machine,Appliance3,2014-10-12 19:49:00,2014-10-12 19:54:00,2014-10-13 13:34:00,2014-10-13 13:39:00,5,0.0001082142857142857,5.410714285714285e-05,5.410714285714285e-05,50.0,17.75,5
Washing_Machine_2014-10-22_01,Washing Machine,Appliance3,2014-10-22 09:50:00,2014-10-22 11:35:00,2014-10-22 13:05:00,2014-10-22 14:50:00,105,0.04166226587301587,0.020831132936507936,0.020831132936507936,50.0,3.25,95
Washing_Machine_2014-10-23_01,Washing Machine,Appliance3,2014-10-23 10:03:00,2014-10-23 10:22:00,2014-10-23 13:03:00,2014-10-23 13:22:00,19,0.008439950396825395,0.004219975198412698,0.004219975198412698,50.0,3.0,19
Washing_Machine_2014-10-29_01,Washing Machine,Appliance3,2014-10-29 10:39:00,2014-10-29 12:37:00,2014-10-29 13:09:00,2014-10-29 15:07:00,118,0.15043376984126988,0.07521688492063494,0.07521688492063494,50.0,2.5,118
Washing_Machine_2014-10-29_02,Washing Machine,Appliance3,2014-10-29 17:40:00,2014-10-29 17:52:00,2014-10-29 20:10:00,2014-10-29 20:22:00,12,0.01024,0.00512,0.00512,50.0,2.5,12
Washing_Machine_2014-10-29_03,Washing Machine,Appliance3,2014-10-29 17:54:00,2014-10-29 18:01:00,2014-10-29 20:24:00,2014-10-29 20:31:00,7,0.00014520833333333332,7.260416666666666e-05,7.260416666666666e-05,50.0,2.5,7
Washing_Machine_2014-10-31_04,Washing Machine,Appliance3,2014-10-31 12:18:00,2014-10-31 12:23:00,2014-10-31 13:03:00,2014-10-31 13:08:00,5,0.0003143055555555555,0.00015715277777777776,0.00015715277777777776,50.0,0.75,5
Washing_Machine_2014-11-06_01,Washing Machine,Appliance3,2014-11-06 09:09:00,2014-11-06 09:20:00,2014-11-06 13:09:00,2014-11-06 13:20:00,11,0.00013428571428571428,6.714285714285714e-05,6.714285714285714e-05,50.0,4.0,4
Washing_Machine_2014-11-06_03,Washing Machine,Appliance3,2014-11-06 09:23:00,2014-11-06 09:28:00,2014-11-06 13:23:00,2014-11-06 13:28:00,5,0.001111125,0.0005555625,0.0005555625,50.0,4.0,5
Washing_Machine_2014-11-06_04,Washing Machine,Appliance3,2014-11-06 09:29:00,2014-11-06 09:39:00,2014-11-06 13:29:00,2014-11-06 13:39:00,10,0.003174236111111111,0.0015871180555555556,0.0015871180555555556,50.0,4.0,10
Washing_Machine_2014-11-06_06,Washing Machine,Appliance3,2014-11-06 10:36:00,2014-11-06 10:44:00,2014-11-06 13:51:00,2014-11-06 13:59:00,8,0.006996398809523809,0.0034981994047619046,0.0034981994047619046,50.0,3.25,8
Washing_Machine_2014-11-06_07,Washing Machine,Appliance3,2014-11-06 10:45:00,2014-11-06 10:54:00,2014-11-06 13:00:00,2014-11-06 13:09:00,9,0.00023409722222222218,0.00011704861111111109,0.00011704861111111109,50.0,2.25,9
Washing_Machine_2014-11-10_04,Washing Machine,Appliance3,2014-11-10 17:43:00,2014-11-10 17:51:00,2014-11-10 20:13:00,2014-11-10 20:21:00,8,0.0006016269841269841,0.00030081349206349204,0.00030081349206349204,50.0,2.5,8
Washing_Machine_2014-11-10_05,Washing Machine,Appliance3,2014-11-10 17:52:00,2014-11-10 17:58:00,2014-11-10 20:07:00,2014-11-10 20:13:00,6,0.0002008333333333333,0.00010041666666666665,0.00010041666666666665,50.0,2.25,6
Washing_Machine_2014-11-10_06,Washing Machine,Appliance3,2014-11-10 18:00:00,2014-11-10 18:10:00,2014-11-10 20:30:00,2014-11-10 20:40:00,10,0.009350119047619048,0.004675059523809524,0.004675059523809524,50.0,2.5,10
Washing_Machine_2014-11-10_08,Washing Machine,Appliance3,2014-11-10 18:16:00,2014-11-10 18:22:00,2014-11-10 20:01:00,2014-11-10 20:07:00,6,0.0001694047619047619,8.470238095238094e-05,8.470238095238094e-05,50.0,1.75,6
Washing_Machine_2014-11-18_01,Washing Machine,Appliance3,2014-11-18 12:59:00,2014-11-18 14:44:00,2014-11-18 13:14:00,2014-11-18 14:59:00,105,0.04568857142857139,0.045682946428571396,5.624999999995217e-06,0.012311612782179524,0.25,102
Washing_Machine_2014-11-19_01,Washing Machine,Appliance3,2014-11-19 00:25:00,2014-11-19 00:41:00,2014-11-19 13:10:00,2014-11-19 13:26:00,16,0.012575208333333334,0.006287604166666667,0.006287604166666667,50.0,12.75,16
Washing_Machine_2014-11-20_01,Washing Machine,Appliance3,2014-11-20 12:06:00,2014-11-20 14:03:00,2014-11-20 13:06:00,2014-11-20 15:03:00,117,0.02703006547619047,0.01937603670634921,0.00765402876984126,28.316723008249234,1.0,101
Washing_Machine_2014-11-23_01,Washing Machine,Appliance3,2014-11-23 11:26:00,2014-11-23 13:13:00,2014-11-23 13:11:00,2014-11-23 14:58:00,107,0.6011082093253967,0.30225327876984126,0.2988549305555554,49.717326417975585,1.75,104
Washing_Machine_2014-11-25_01,Washing Machine,Appliance3,2014-11-25 15:43:00,2014-11-25 17:27:00,2014-11-25 20:13:00,2014-11-25 21:57:00,104,0.08821165277777782,0.06866210615079367,0.019549546626984146,22.162090847830758,4.5,104
Washing_Machine_2014-11-25_02,Washing Machine,Appliance3,2014-11-25 22:11:00,2014-11-25 22:25:00,2014-11-26 13:11:00,2014-11-26 13:25:00,14,0.011292886904761905,0.005646443452380952,0.005646443452380952,50.0,15.0,14
Washing_Machine_2014-11-26_01,Washing Machine,Appliance3,2014-11-26 17:51:00,2014-11-26 18:31:00,2014-11-26 20:06:00,2014-11-26 20:46:00,40,0.190833626984127,0.0954168134920635,0.0954168134920635,50.0,2.25,40
Washing_Machine_2014-11-29_05,Washing Machine,Appliance3,2014-11-29 10:43:00,2014-11-29 11:20:00,2014-11-29 13:13:00,2014-11-29 13:50:00,37,0.008038055555555557,0.0040190277777777785,0.0040190277777777785,50.0,2.5,37
Washing_Machine_2014-11-29_06,Washing Machine,Appliance3,2014-11-29 11:21:00,2014-11-29 11:30:00,2014-11-29 13:51:00,2014-11-29 14:00:00,9,0.0015855972222222222,0.0007927986111111111,0.0007927986111111111,50.0,2.5,9
Washing_Machine_2014-11-29_07,Washing Machine,Appliance3,2014-11-29 11:31:00,2014-11-29 11:54:00,2014-11-29 14:01:00,2014-11-29 14:24:00,23,0.002681388888888889,0.0013406944444444445,0.0013406944444444445,50.0,2.5,23
Washing_Machine_2014-11-29_08,Washing Machine,Appliance3,2014-11-29 11:55:00,2014-11-29 12:28:00,2014-11-29 14:25:00,2014-11-29 14:58:00,33,0.005752291666666667,0.0028761458333333334,0.0028761458333333334,50.0,2.5,33
Washing_Machine_2014-12-06_05,Washing Machine,Appliance3,2014-12-06 11:32:00,2014-12-06 11:47:00,2014-12-06 13:02:00,2014-12-06 13:17:00,15,0.002109861111111111,0.0010549305555555555,0.0010549305555555555,50.0,1.5,15
Washing_Machine_2014-12-06_06,Washing Machine,Appliance3,2014-12-06 11:48:00,2014-12-06 11:58:00,2014-12-06 13:18:00,2014-12-06 13:28:00,10,0.0013601388888888888,0.0006800694444444444,0.0006800694444444444,50.0,1.5,10
Washing_Machine_2014-12-16_02,Washing Machine,Appliance3,2014-12-16 15:02:00,2014-12-16 17:00:00,2014-12-16 20:02:00,2014-12-16 22:00:00,118,0.12251823710317458,0.11002405555555558,0.012494181547618999,10.197813683115148,5.0,118
Washing_Machine_2014-12-16_23,Washing Machine,Appliance3,2014-12-16 18:57:00,2014-12-16 19:11:00,2014-12-17 13:12:00,2014-12-17 13:26:00,14,0.011567382936507936,0.005783691468253968,0.005783691468253968,50.0,18.25,14
Washing_Machine_2014-12-29_01,Washing Machine,Appliance3,2014-12-29 21:18:00,2014-12-29 23:16:00,2014-12-29 21:18:00,2014-12-29 23:16:00,118,0.19847828174603188,0.19847828174603188,0.0,0.0,0.0,118
Washing_Machine_2014-12-30_01,Washing Machine,Appliance3,2014-12-30 00:29:00,2014-12-30 00:43:00,2014-12-30 13:14:00,2014-12-30 13:28:00,14,0.009011458333333333,0.0045057291666666666,0.0045057291666666666,50.0,12.75,14
Washing_Machine_2014-12-30_03,Washing Machine,Appliance3,2014-12-30 00:48:00,2014-12-30 01:07:00,2014-12-30 13:33:00,2014-12-30 13:52:00,19,0.005102340277777778,0.004311784722222222,0.0007905555555555556,15.493979478371173,12.75,19
Washing_Machine_2015-01-03_01,Washing Machine,Appliance3,2015-01-03 15:18:00,2015-01-03 17:03:00,2015-01-03 20:03:00,2015-01-03 21:48:00,105,0.1333763382936508,0.12120722321428566,0.012169115079365148,9.123893514434892,4.75,105
Washing_Machine_2015-01-03_02,Washing Machine,Appliance3,2015-01-03 19:30:00,2015-01-03 19:50:00,2015-01-04 13:00:00,2015-01-04 13:20:00,20,0.01131798611111111,0.005658993055555555,0.005658993055555555,50.0,17.5,20
Washing_Machine_2015-01-13_01,Washing Machine,Appliance3,2015-01-13 16:25:00,2015-01-13 17:18:00,2015-01-13 20:10:00,2015-01-13 21:03:00,53,0.06684355158730161,0.033421775793650806,0.033421775793650806,50.0,3.75,53
Washing_Machine_2015-01-13_05,Washing Machine,Appliance3,2015-01-13 17:33:00,2015-01-13 17:46:00,2015-01-13 21:03:00,2015-01-13 21:16:00,13,0.001957093253968254,0.000978546626984127,0.000978546626984127,50.0,3.5,13
Washing_Machine_2015-01-15_01,Washing Machine,Appliance3,2015-01-15 10:23:00,2015-01-15 12:38:00,2015-01-15 13:08:00,2015-01-15 15:23:00,135,0.16935196428571422,0.08467598214285711,0.08467598214285711,50.0,2.75,89
Washing_Machine_2015-01-15_02,Washing Machine,Appliance3,2015-01-15 12:39:00,2015-01-15 12:51:00,2015-01-15 15:24:00,2015-01-15 15:36:00,12,0.0003439583333333334,0.0001719791666666667,0.0001719791666666667,50.0,2.75,12
Washing_Machine_2015-01-16_01,Washing Machine,Appliance3,2015-01-16 14:55:00,2015-01-16 16:41:00,2015-01-16 20:10:00,2015-01-16 21:56:00,106,0.08838414583333333,0.08032883134920635,0.008055314484126982,9.113981255548875,5.25,106
Washing_Machine_2015-01-16_02,Washing Machine,Appliance3,2015-01-16 16:47:00,2015-01-16 17:00:00,2015-01-17 13:02:00,2015-01-17 13:15:00,13,0.0109745,0.00548725,0.00548725,50.0,20.25,13
Washing_Machine_2015-01-20_01,Washing Machine,Appliance3,2015-01-20 11:45:00,2015-01-20 13:38:00,2015-01-20 13:00:00,2015-01-20 14:53:00,113,0.033719682539682536,0.021702140873015873,0.012017541666666662,35.63954569419207,1.25,105
Washing_Machine_2015-01-28_01,Washing Machine,Appliance3,2015-01-28 14:41:00,2015-01-28 16:38:00,2015-01-28 20:11:00,2015-01-28 22:08:00,117,0.1187423509199134,0.11265385849567099,0.00608849242424242,5.127481793205227,5.5,117
Washing_Machine_2015-01-28_09,Washing Machine,Appliance3,2015-01-28 19:38:00,2015-01-28 19:43:00,2015-01-29 13:08:00,2015-01-29 13:13:00,5,5.3847222222222226e-05,2.6923611111111113e-05,2.6923611111111113e-05,50.0,17.5,5
Washing_Machine_2015-01-28_51,Washing Machine,Appliance3,2015-01-28 23:49:00,2015-01-28 23:54:00,2015-01-29 13:19:00,2015-01-29 13:24:00,5,5.452777777777777e-05,2.7263888888888886e-05,2.7263888888888886e-05,50.0,13.5,5
Washing_Machine_2015-01-28_52,Washing Machine,Appliance3,2015-01-28 23:56:00,2015-01-29 00:01:00,2015-01-29 13:26:00,2015-01-29 13:31:00,5,5.67361111111111e-05,2.836805555555555e-05,2.836805555555555e-05,50.0,13.5,5
Washing_Machine_2015-01-29_05,Washing Machine,Appliance3,2015-01-29 00:17:00,2015-01-29 00:25:00,2015-01-29 13:32:00,2015-01-29 13:40:00,8,8.881944444444444e-05,4.440972222222222e-05,4.440972222222222e-05,50.0,13.25,8
Washing_Machine_2015-01-29_199,Washing Machine,Appliance3,2015-01-29 21:52:00,2015-01-29 22:07:00,2015-01-30 13:07:00,2015-01-30 13:22:00,15,0.009619249999999998,0.006353687499999999,0.0032655624999999985,33.94820282246536,15.25,15
Washing_Machine_2015-02-02_01,Washing Machine,Appliance3,2015-02-02 15:46:00,2015-02-02 17:32:00,2015-02-02 20:01:00,2015-02-02 21:47:00,106,0.14630950496031742,0.10490928869047617,0.04140021626984125,28.29632721474245,4.25,106
Washing_Machine_2015-02-03_45,Washing Machine,Appliance3,2015-02-03 12:16:00,2015-02-03 12:29:00,2015-02-03 13:01:00,2015-02-03 13:14:00,13,0.011446111111111112,0.005723055555555556,0.005723055555555556,50.0,0.75,13
Washing_Machine_2015-02-03_46,Washing Machine,Appliance3,2015-02-03 12:30:00,2015-02-03 12:39:00,2015-02-03 13:15:00,2015-02-03 13:24:00,9,0.00036204166666666665,0.00018102083333333333,0.00018102083333333333,50.0,0.75,9
Washing_Machine_2015-02-03_48,Washing Machine,Appliance3,2015-02-03 12:45:00,2015-02-03 12:50:00,2015-02-03 13:30:00,2015-02-03 13:35:00,5,0.00012090277777777777,6.0451388888888886e-05,6.0451388888888886e-05,50.0,0.75,5
Washing_Machine_2015-02-11_01,Washing Machine,Appliance3,2015-02-11 12:40:00,2015-02-11 14:37:00,2015-02-11 13:10:00,2015-02-11 15:07:00,117,0.18081270039682534,0.10415578571428573,0.07665691468253961,42.39575788332485,0.5,117
Washing_Machine_2015-02-11_02,Washing Machine,Appliance3,2015-02-11 21:53:00,2015-02-11 22:09:00,2015-02-12 13:08:00,2015-02-12 13:24:00,16,0.009251650793650793,0.005627963293650793,0.0036236875,39.168009913288756,15.25,16
Washing_Machine_2015-02-19_01,Washing Machine,Appliance3,2015-02-19 10:21:00,2015-02-19 12:01:00,2015-02-19 13:06:00,2015-02-19 14:46:00,100,0.6408597162698415,0.32042985813492075,0.32042985813492075,50.0,2.75,98
Washing_Machine_2015-02-19_02,Washing Machine,Appliance3,2015-02-19 17:53:00,2015-02-19 18:08:00,2015-02-19 20:08:00,2015-02-19 20:23:00,15,0.012833333333333332,0.006416666666666666,0.006416666666666666,50.0,2.25,15
Washing_Machine_2015-02-21_01,Washing Machine,Appliance3,2015-02-21 09:06:00,2015-02-21 10:50:00,2015-02-21 13:06:00,2015-02-21 14:50:00,104,0.04626644444444446,0.02313322222222223,0.02313322222222223,50.0,4.0,92
Washing_Machine_2015-02-21_02,Washing Machine,Appliance3,2015-02-21 21:58:00,2015-02-21 22:13:00,2015-02-22 13:13:00,2015-02-22 13:28:00,15,0.008495530753968252,0.004307609126984126,0.004187921626984126,49.2955855056843,15.25,15
Washing_Machine_2015-02-21_07,Washing Machine,Appliance3,2015-02-21 22:34:00,2015-02-21 22:41:00,2015-02-22 13:04:00,2015-02-22 13:11:00,7,0.00017277777777777777,8.638888888888889e-05,8.638888888888889e-05,50.0,14.5,7
Washing_Machine_2015-02-26_01,Washing Machine,Appliance3,2015-02-26 12:05:00,2015-02-26 13:49:00,2015-02-26 13:05:00,2015-02-26 14:49:00,104,0.1679666706349207,0.08860389285714293,0.07936277777777778,47.24912238706841,1.0,102
Washing_Machine_2015-02-26_02,Washing Machine,Appliance3,2015-02-26 15:43:00,2015-02-26 16:01:00,2015-02-26 20:13:00,2015-02-26 20:31:00,18,0.004032283730158731,0.00402228373015873,1.000000000000046e-05,0.24799842147037632,4.5,18
Washing_Machine_2015-02-27_01,Washing Machine,Appliance3,2015-02-27 10:58:00,2015-02-27 11:27:00,2015-02-27 13:13:00,2015-02-27 13:42:00,29,0.005043065476190475,0.0025215327380952376,0.0025215327380952376,50.0,2.25,17
Washing_Machine_2015-03-03_01,Washing Machine,Appliance3,2015-03-03 12:26:00,2015-03-03 14:23:00,2015-03-03 13:11:00,2015-03-03 15:08:00,117,0.024103055555555548,0.02109547222222222,0.0030075833333333274,12.478016848947208,0.75,103
Washing_Machine_2015-03-03_02,Washing Machine,Appliance3,2015-03-03 22:08:00,2015-03-03 22:23:00,2015-03-04 13:08:00,2015-03-04 13:23:00,15,0.011469462301587302,0.005734731150793651,0.005734731150793651,50.0,15.0,15
Washing_Machine_2015-03-03_04,Washing Machine,Appliance3,2015-03-03 22:29:00,2015-03-03 22:42:00,2015-03-04 13:29:00,2015-03-04 13:42:00,13,0.00035569444444444445,0.00017784722222222222,0.00017784722222222222,50.0,15.0,13
Washing_Machine_2015-03-11_01,Washing Machine,Appliance3,2015-03-11 10:58:00,2015-03-11 11:28:00,2015-03-11 13:13:00,2015-03-11 13:43:00,30,0.006061059523809522,0.003030529761904761,0.003030529761904761,50.0,2.25,20
Washing_Machine_2015-03-12_22,Washing Machine,Appliance3,2015-03-12 12:12:00,2015-03-12 12:30:00,2015-03-12 13:12:00,2015-03-12 13:30:00,18,0.00931059722222222,0.00465529861111111,0.00465529861111111,50.0,1.0,18
Washing_Machine_2015-03-20_01,Washing Machine,Appliance3,2015-03-20 16:05:00,2015-03-20 16:38:00,2015-03-20 20:05:00,2015-03-20 20:38:00,33,0.10896504960317459,0.054482524801587294,0.054482524801587294,50.0,4.0,28
Washing_Machine_2015-03-20_02,Washing Machine,Appliance3,2015-03-20 16:39:00,2015-03-20 16:51:00,2015-03-20 20:39:00,2015-03-20 20:51:00,12,0.0032881289682539687,0.0016440644841269844,0.0016440644841269844,50.0,4.0,12
Washing_Machine_2015-03-28_01,Washing Machine,Appliance3,2015-03-28 10:17:00,2015-03-28 12:25:00,2015-03-28 13:02:00,2015-03-28 15:10:00,128,0.05846731601731603,0.029233658008658014,0.029233658008658014,50.0,2.75,117
Washing_Machine_2015-03-30_01,Washing Machine,Appliance3,2015-03-30 11:22:00,2015-03-30 13:09:00,2015-03-30 13:07:00,2015-03-30 14:54:00,107,0.0689580357142857,0.035662906746031724,0.03329512896825398,48.283174866241716,1.75,94
Washing_Machine_2015-03-30_02,Washing Machine,Appliance3,2015-03-30 18:58:00,2015-03-30 19:11:00,2015-03-30 20:13:00,2015-03-30 20:26:00,13,0.01146108134920635,0.005730540674603175,0.005730540674603175,50.0,1.25,13
Washing_Machine_2015-04-07_01,Washing Machine,Appliance3,2015-04-07 10:18:00,2015-04-07 11:32:00,2015-04-07 13:03:00,2015-04-07 14:17:00,74,0.031344402777777766,0.015672201388888883,0.015672201388888883,50.0,2.75,74
Washing_Machine_2015-04-08_01,Washing Machine,Appliance3,2015-04-08 11:09:00,2015-04-08 11:21:00,2015-04-08 13:09:00,2015-04-08 13:21:00,12,0.0028888194444444447,0.0014444097222222224,0.0014444097222222224,50.0,2.0,12
Washing_Machine_2015-04-10_01,Washing Machine,Appliance3,2015-04-10 09:39:00,2015-04-10 09:59:00,2015-04-10 13:09:00,2015-04-10 13:29:00,20,0.07377175595238096,0.03688587797619048,0.03688587797619048,50.0,3.5,14
Washing_Machine_2015-04-10_02,Washing Machine,Appliance3,2015-04-10 10:02:00,2015-04-10 11:35:00,2015-04-10 13:32:00,2015-04-10 15:05:00,93,0.03711092712842711,0.018555463564213556,0.018555463564213556,50.0,3.5,93
Washing_Machine_2015-04-12_01,Washing Machine,Appliance3,2015-04-12 08:03:00,2015-04-12 10:11:00,2015-04-12 13:03:00,2015-04-12 15:11:00,128,0.0991460555555555,0.04957302777777775,0.04957302777777775,50.0,5.0,78
Washing_Machine_2015-04-14_02,Washing Machine,Appliance3,2015-04-14 16:10:00,2015-04-14 16:22:00,2015-04-14 20:10:00,2015-04-14 20:22:00,12,0.009018958333333335,0.004509479166666668,0.004509479166666668,50.0,4.0,12
Washing_Machine_2015-04-14_05,Washing Machine,Appliance3,2015-04-14 16:31:00,2015-04-14 16:39:00,2015-04-14 20:01:00,2015-04-14 20:09:00,8,0.0001315972222222222,6.57986111111111e-05,6.57986111111111e-05,50.0,3.5,8
Washing_Machine_2015-04-15_01,Washing Machine,Appliance3,2015-04-15 10:04:00,2015-04-15 11:26:00,2015-04-15 13:04:00,2015-04-15 14:26:00,82,0.021408438492063496,0.010704219246031748,0.010704219246031748,50.0,3.0,74
Washing_Machine_2015-04-21_02,Washing Machine,Appliance3,2015-04-21 16:52:00,2015-04-21 18:07:00,2015-04-21 20:07:00,2015-04-21 21:22:00,75,0.04433348611111112,0.02216674305555556,0.02216674305555556,50.0,3.25,67
Dishwasher_2014-06-05_01,Dishwasher,Appliance4,2014-06-05 08:45:00,2014-06-05 10:02:00,2014-06-05 13:00:00,2014-06-05 14:17:00,77,0.03146186994949495,0.015730934974747476,0.015730934974747476,50.0,4.25,43
Dishwasher_2014-06-05_02,Dishwasher,Appliance4,2014-06-05 10:03:00,2014-06-05 10:08:00,2014-06-05 14:18:00,2014-06-05 14:23:00,5,0.00043081818181818184,0.00021540909090909092,0.00021540909090909092,50.0,4.25,5
Dishwasher_2014-06-13_01,Dishwasher,Appliance4,2014-06-13 14:56:00,2014-06-13 16:10:00,2014-06-13 20:11:00,2014-06-13 21:25:00,74,0.012824333333333321,0.012276333333333314,0.0005480000000000068,4.273126608270792,5.25,61
Dishwasher_2014-06-22_01,Dishwasher,Appliance4,2014-06-22 22:30:00,2014-06-22 23:43:00,2014-06-23 12:45:00,2014-06-23 13:58:00,73,0.4895689999999999,0.3104047499999999,0.17916425000000002,36.59632247956878,14.25,73
Dishwasher_2014-07-01_01,Dishwasher,Appliance4,2014-07-01 07:57:00,2014-07-01 09:12:00,2014-07-01 13:12:00,2014-07-01 14:27:00,75,0.03179896031746031,0.015899480158730155,0.015899480158730155,50.0,5.25,42
Dishwasher_2014-07-01_02,Dishwasher,Appliance4,2014-07-01 09:13:00,2014-07-01 09:18:00,2014-07-01 14:28:00,2014-07-01 14:33:00,5,0.0005891428571428571,0.00029457142857142854,0.00029457142857142854,50.0,5.25,4
Dishwasher_2014-07-09_01,Dishwasher,Appliance4,2014-07-09 11:11:00,2014-07-09 12:26:00,2014-07-09 13:11:00,2014-07-09 14:26:00,75,0.03161205817793317,0.015806029088966583,0.015806029088966583,50.0,2.0,42
Dishwasher_2014-07-26_01,Dishwasher,Appliance4,2014-07-26 15:51:00,2014-07-26 17:04:00,2014-07-26 20:06:00,2014-07-26 21:19:00,73,0.30805316901154395,0.15489658450577198,0.15315658450577196,49.71758122054333,4.25,62
Dishwasher_2014-07-28_01,Dishwasher,Appliance4,2014-07-28 10:41:00,2014-07-28 11:34:00,2014-07-28 13:11:00,2014-07-28 14:04:00,53,0.009838725468975469,0.0049193627344877346,0.0049193627344877346,50.0,2.5,17
Dishwasher_2014-07-28_02,Dishwasher,Appliance4,2014-07-28 11:35:00,2014-07-28 11:40:00,2014-07-28 13:05:00,2014-07-28 13:10:00,5,0.0005263333333333333,0.00026316666666666665,0.00026316666666666665,50.0,1.5,5
Dishwasher_2014-08-20_01,Dishwasher,Appliance4,2014-08-20 05:29:00,2014-08-20 06:44:00,2014-08-20 13:14:00,2014-08-20 14:29:00,75,0.15410393100649347,0.12379248656204905,0.03031144444444442,19.66948165856145,7.75,58
Dishwasher_2014-08-20_02,Dishwasher,Appliance4,2014-08-20 06:45:00,2014-08-20 06:50:00,2014-08-20 13:00:00,2014-08-20 13:05:00,5,0.00042070833333333326,0.00021035416666666663,0.00021035416666666663,50.0,6.25,5
Dishwasher_2014-09-11_01,Dishwasher,Appliance4,2014-09-11 10:54:00,2014-09-11 12:08:00,2014-09-11 13:09:00,2014-09-11 14:23:00,74,0.03178424242424243,0.015892121212121215,0.015892121212121215,50.0,2.25,42
Dishwasher_2014-10-02_01,Dishwasher,Appliance4,2014-10-02 12:05:00,2014-10-02 13:22:00,2014-10-02 13:05:00,2014-10-02 14:22:00,77,0.2149996934523809,0.15414640773809518,0.06085328571428572,28.30389417637183,1.0,62
Dishwasher_2014-10-07_02,Dishwasher,Appliance4,2014-10-07 16:27:00,2014-10-07 16:43:00,2014-10-07 20:12:00,2014-10-07 20:28:00,16,0.03791220238095239,0.018956101190476193,0.018956101190476193,50.0,3.75,14
Dishwasher_2014-10-07_03,Dishwasher,Appliance4,2014-10-07 16:44:00,2014-10-07 17:01:00,2014-10-07 20:29:00,2014-10-07 20:46:00,17,0.007662946428571426,0.003831473214285713,0.003831473214285713,50.0,3.75,17
Dishwasher_2014-10-14_01,Dishwasher,Appliance4,2014-10-14 22:59:00,2014-10-15 00:32:00,2014-10-15 12:14:00,2014-10-15 13:47:00,93,0.3148763750000001,0.22850700694444442,0.08636936805555567,27.429612036011164,13.25,93
Dishwasher_2014-10-21_01,Dishwasher,Appliance4,2014-10-21 12:37:00,2014-10-21 14:11:00,2014-10-21 13:07:00,2014-10-21 14:41:00,94,0.02233505555555556,0.016105034722222217,0.006230020833333343,27.893464683071738,0.5,63
Dishwasher_2014-10-31_01,Dishwasher,Appliance4,2014-10-31 09:51:00,2014-10-31 11:29:00,2014-10-31 13:06:00,2014-10-31 14:44:00,98,0.05392912103174604,0.02696456051587302,0.02696456051587302,50.0,3.25,72
Dishwasher_2014-11-12_01,Dishwasher,Appliance4,2014-11-12 12:01:00,2014-11-12 13:36:00,2014-11-12 13:01:00,2014-11-12 14:36:00,95,0.027860423611111112,0.016370368055555556,0.011490055555555555,41.24149623831694,1.0,63
Dishwasher_2014-11-20_01,Dishwasher,Appliance4,2014-11-20 15:44:00,2014-11-20 17:21:00,2014-11-20 20:14:00,2014-11-20 21:51:00,97,0.33151854365079364,0.1678461101190476,0.16367243353174604,49.37052139808838,4.5,97
Dishwasher_2014-11-28_01,Dishwasher,Appliance4,2014-11-28 09:46:00,2014-11-28 11:25:00,2014-11-28 13:01:00,2014-11-28 14:40:00,99,0.3218772261904764,0.1609386130952382,0.1609386130952382,50.0,3.25,93
Dishwasher_2014-12-08_01,Dishwasher,Appliance4,2014-12-08 10:14:00,2014-12-08 11:50:00,2014-12-08 13:14:00,2014-12-08 14:50:00,96,0.04437081349206348,0.02218540674603174,0.02218540674603174,50.0,3.0,66
Dishwasher_2015-01-01_01,Dishwasher,Appliance4,2015-01-01 17:23:00,2015-01-01 19:02:00,2015-01-01 20:08:00,2015-01-01 21:47:00,99,0.3361403075396825,0.16807015376984125,0.16807015376984125,50.0,2.75,99
Dishwasher_2015-01-06_01,Dishwasher,Appliance4,2015-01-06 23:56:00,2015-01-07 01:34:00,2015-01-07 12:11:00,2015-01-07 13:49:00,98,0.2627367943722943,0.25845637770562774,0.004280416666666564,1.6291652933091947,12.25,98
Dishwasher_2015-01-20_01,Dishwasher,Appliance4,2015-01-20 14:57:00,2015-01-20 16:37:00,2015-01-20 20:12:00,2015-01-20 21:52:00,100,0.19131286408730167,0.10170956547619049,0.08960329861111117,46.836002920442695,5.25,83
Dishwasher_2015-02-02_01,Dishwasher,Appliance4,2015-02-02 12:35:00,2015-02-02 14:18:00,2015-02-02 13:05:00,2015-02-02 14:48:00,103,0.02884118055555555,0.022814131944444434,0.006027048611111117,20.89737138013982,0.5,72
Dishwasher_2015-02-09_03,Dishwasher,Appliance4,2015-02-09 18:16:00,2015-02-09 19:54:00,2015-02-09 20:01:00,2015-02-09 21:39:00,98,0.2243025555555556,0.1121512777777778,0.1121512777777778,50.0,1.75,85
Dishwasher_2015-02-14_01,Dishwasher,Appliance4,2015-02-14 23:06:00,2015-02-15 00:44:00,2015-02-15 12:21:00,2015-02-15 13:59:00,98,0.3449099255050505,0.2213740505050505,0.12353587500000002,35.81685126025493,13.25,98
Dishwasher_2015-02-25_01,Dishwasher,Appliance4,2015-02-25 11:11:00,2015-02-25 12:49:00,2015-02-25 13:11:00,2015-02-25 14:49:00,98,0.04001070238095238,0.02000535119047619,0.02000535119047619,50.0,2.0,67
Dishwasher_2015-03-03_01,Dishwasher,Appliance4,2015-03-03 14:38:00,2015-03-03 16:17:00,2015-03-03 20:08:00,2015-03-03 21:47:00,99,0.019639064484126986,0.0167242628968254,0.0029148015873015874,14.841855576458018,5.5,65
Dishwasher_2015-03-13_01,Dishwasher,Appliance4,2015-03-13 10:39:00,2015-03-13 12:17:00,2015-03-13 13:09:00,2015-03-13 14:47:00,98,0.037325987373737386,0.018662993686868693,0.018662993686868693,50.0,2.5,71
Dishwasher_2015-04-09_01,Dishwasher,Appliance4,2015-04-09 16:54:00,2015-04-09 18:28:00,2015-04-09 20:09:00,2015-04-09 21:43:00,94,0.0279400992063492,0.0139700496031746,0.0139700496031746,50.0,3.25,54
Dishwasher_2015-04-13_01,Dishwasher,Appliance4,2015-04-13 19:23:00,2015-04-13 19:28:00,2015-04-13 20:08:00,2015-04-13 20:13:00,5,0.00128,0.00064,0.00064,50.0,0.75,5
Dishwasher_2015-04-16_01,Dishwasher,Appliance4,2015-04-16 12:36:00,2015-04-16 14:12:00,2015-04-16 13:06:00,2015-04-16 14:42:00,96,0.023195416666666666,0.01697593749999999,0.006219479166666677,26.813397043237753,0.5,66
Dishwasher_2015-04-18_06,Dishwasher,Appliance4,2015-04-18 18:37:00,2015-04-18 18:42:00,2015-04-18 20:07:00,2015-04-18 20:12:00,5,0.0001,5e-05,5e-05,50.0,1.5,5
Dishwasher_2015-04-19_03,Dishwasher,Appliance4,2015-04-19 10:21:00,2015-04-19 10:42:00,2015-04-19 13:06:00,2015-04-19 13:27:00,21,0.010777777777777777,0.005388888888888888,0.005388888888888888,50.0,2.75,21
Dishwasher_2015-04-19_04,Dishwasher,Appliance4,2015-04-19 11:03:00,2015-04-19 11:13:00,2015-04-19 13:33:00,2015-04-19 13:43:00,10,0.002911111111111111,0.0014555555555555554,0.0014555555555555554,50.0,2.5,10
Dishwasher_2015-04-19_05,Dishwasher,Appliance4,2015-04-19 12:03:00,2015-04-19 12:09:00,2015-04-19 13:48:00,2015-04-19 13:54:00,6,0.000758611111111111,0.0003793055555555555,0.0003793055555555555,50.0,1.75,6
Dishwasher_2015-04-26_01,Dishwasher,Appliance4,2015-04-26 16:43:00,2015-04-26 18:21:00,2015-04-26 20:13:00,2015-04-26 21:51:00,98,0.03358716666666665,0.016793583333333324,0.016793583333333324,50.0,3.5,83
Dishwasher_2015-04-27_01,Dishwasher,Appliance4,2015-04-27 16:22:00,2015-04-27 16:52:00,2015-04-27 20:07:00,2015-04-27 20:37:00,30,0.004595555555555557,0.0022977777777777784,0.0022977777777777784,50.0,3.75,30
Dishwasher_2015-04-27_02,Dishwasher,Appliance4,2015-04-27 18:51:00,2015-04-27 18:58:00,2015-04-27 20:51:00,2015-04-27 20:58:00,7,0.0009599999999999999,0.00047999999999999996,0.00047999999999999996,50.0,2.0,7
Dishwasher_2015-05-01_01,Dishwasher,Appliance4,2015-05-01 11:08:00,2015-05-01 12:40:00,2015-05-01 13:08:00,2015-05-01 14:40:00,92,0.03452412499999999,0.017262062499999994,0.017262062499999994,50.0,2.0,65
Dishwasher_2015-05-23_01,Dishwasher,Appliance4,2015-05-23 11:28:00,2015-05-23 13:04:00,2015-05-23 13:13:00,2015-05-23 14:49:00,96,0.04369573214285715,0.02229474107142857,0.02140099107142858,48.97730286669874,1.75,69
Dishwasher_2015-05-26_01,Dishwasher,Appliance4,2015-05-26 10:59:00,2015-05-26 12:31:00,2015-05-26 13:14:00,2015-05-26 14:46:00,92,0.04363965277777778,0.02181982638888889,0.02181982638888889,50.0,2.25,66
Dishwasher_2015-06-03_01,Dishwasher,Appliance4,2015-06-03 10:59:00,2015-06-03 12:36:00,2015-06-03 13:14:00,2015-06-03 14:51:00,97,0.03613796428571428,0.01806898214285714,0.01806898214285714,50.0,2.25,69
Dishwasher_2015-06-18_01,Dishwasher,Appliance4,2015-06-18 09:36:00,2015-06-18 11:08:00,2015-06-18 13:06:00,2015-06-18 14:38:00,92,0.03439054960317461,0.017195274801587303,0.017195274801587303,50.0,3.5,65
