event_id,appliance_name,original_start_time,original_end_time,scheduled_start_time,scheduled_end_time,schedule_status,duration(min),energy(W)
Washing_Machine_2014-01-10_01,Washing Machine,2014-01-10 17:58:00,2014-01-10 19:21:00,2014-01-11 06:00:00,2014-01-11 07:23:00,SUCCESS,83.0,48734.89
Washing_Machine_2014-01-11_01,Washing Machine,2014-01-11 07:33:00,2014-01-11 08:56:00,2014-01-12 06:00:00,2014-01-12 07:23:00,SUCCESS,83.0,47257.71
Washing_Machine_2014-01-12_01,Washing Machine,2014-01-12 07:54:00,2014-01-12 09:18:00,2014-01-13 06:00:00,2014-01-13 07:24:00,SUCCESS,84.0,50950.96
Washing_Machine_2014-01-15_01,Washing Machine,2014-01-15 18:26:00,2014-01-15 19:45:00,2014-01-16 06:00:00,2014-01-16 07:19:00,SUCCESS,79.0,49908.54
Washing_Machine_2014-01-16_01,Washing Machine,2014-01-16 07:09:00,2014-01-16 08:27:00,2014-01-16 07:14:00,2014-01-16 08:32:00,SUCCESS,78.0,45857.98
Washing_Machine_2014-01-16_02,Washing Machine,2014-01-16 18:56:00,2014-01-16 20:32:00,2014-01-16 19:01:00,2014-01-16 20:37:00,SUCCESS,96.0,54165.75
Washing_Machine_2014-01-17_01,Washing Machine,2014-01-17 18:39:00,2014-01-17 19:55:00,2014-01-18 06:00:00,2014-01-18 07:16:00,SUCCESS,76.0,46251.61
Washing_Machine_2014-01-20_01,Washing Machine,2014-01-20 19:31:00,2014-01-20 21:11:00,2014-01-21 06:00:00,2014-01-21 07:40:00,SUCCESS,100.0,48474.7
Washing_Machine_2014-01-22_01,Washing Machine,2014-01-22 19:30:00,2014-01-22 20:50:00,2014-01-23 06:00:00,2014-01-23 07:20:00,SUCCESS,80.0,42037.95
Washing_Machine_2014-01-23_01,Washing Machine,2014-01-23 12:51:00,2014-01-23 14:19:00,2014-01-24 06:00:00,2014-01-24 07:28:00,SUCCESS,88.0,48538.51
Washing_Machine_2014-01-25_01,Washing Machine,2014-01-25 07:58:00,2014-01-25 09:28:00,2014-01-26 06:00:00,2014-01-26 07:30:00,SUCCESS,90.0,12340.77
Washing_Machine_2014-01-28_01,Washing Machine,2014-01-28 07:16:00,2014-01-28 10:24:00,2014-01-28 07:21:00,2014-01-28 10:29:00,SUCCESS,188.0,16002.61
Washing_Machine_2014-01-29_01,Washing Machine,2014-01-29 06:09:00,2014-01-29 09:27:00,2014-01-29 06:14:00,2014-01-29 09:32:00,SUCCESS,198.0,20382.85
Washing_Machine_2014-01-31_01,Washing Machine,2014-01-31 04:58:00,2014-01-31 08:21:00,2014-01-31 06:00:00,2014-01-31 09:23:00,SUCCESS,203.0,19845.15
Washing_Machine_2014-01-31_02,Washing Machine,2014-01-31 19:34:00,2014-01-31 20:11:00,2014-02-01 06:00:00,2014-02-01 06:37:00,SUCCESS,37.0,2535.35
Washing_Machine_2014-02-04_01,Washing Machine,2014-02-04 19:28:00,2014-02-04 21:22:00,2014-02-05 06:00:00,2014-02-05 07:54:00,SUCCESS,114.0,8010.17
Washing_Machine_2014-02-04_02,Washing Machine,2014-02-04 21:49:00,2014-02-04 21:54:00,2014-02-04 21:54:00,2014-02-04 21:59:00,SUCCESS,5.0,144.58
Washing_Machine_2014-02-04_03,Washing Machine,2014-02-04 22:13:00,2014-02-04 22:42:00,2014-02-04 22:18:00,2014-02-04 22:47:00,SUCCESS,29.0,546.67
Washing_Machine_2014-02-07_01,Washing Machine,2014-02-07 21:30:00,2014-02-07 21:45:00,2014-02-08 06:00:00,2014-02-08 06:15:00,SUCCESS,15.0,93.08
Washing_Machine_2014-02-08_01,Washing Machine,2014-02-08 07:47:00,2014-02-08 11:41:00,2014-02-09 06:00:00,2014-02-09 09:54:00,SUCCESS,234.0,419.17
Washing_Machine_2014-02-10_01,Washing Machine,2014-02-10 15:07:00,2014-02-10 15:55:00,2014-02-11 06:00:00,2014-02-11 06:48:00,SUCCESS,48.0,578.42
Washing_Machine_2014-02-12_01,Washing Machine,2014-02-12 19:37:00,2014-02-12 21:07:00,2014-02-13 06:00:00,2014-02-13 07:30:00,SUCCESS,90.0,7370.42
Washing_Machine_2014-02-13_01,Washing Machine,2014-02-13 19:51:00,2014-02-13 23:36:00,2014-02-14 06:00:00,2014-02-14 09:45:00,SUCCESS,225.0,6367.38
Washing_Machine_2014-02-15_01,Washing Machine,2014-02-15 09:44:00,2014-02-15 09:58:00,2014-02-16 06:00:00,2014-02-16 06:14:00,SUCCESS,14.0,1968.5
Washing_Machine_2014-02-15_02,Washing Machine,2014-02-15 10:16:00,2014-02-15 13:29:00,2014-02-15 10:21:00,2014-02-15 13:34:00,SUCCESS,193.0,6252.47
Washing_Machine_2014-02-17_01,Washing Machine,2014-02-17 15:37:00,2014-02-17 18:19:00,2014-02-18 06:00:00,2014-02-18 08:42:00,SUCCESS,162.0,3997.5
Washing_Machine_2014-02-19_01,Washing Machine,2014-02-19 19:49:00,2014-02-19 20:34:00,2014-02-20 06:00:00,2014-02-20 06:45:00,SUCCESS,45.0,1791.62
Washing_Machine_2014-02-20_01,Washing Machine,2014-02-20 18:10:00,2014-02-20 19:26:00,2014-02-21 06:00:00,2014-02-21 07:16:00,SUCCESS,76.0,41325.0
Washing_Machine_2014-02-28_01,Washing Machine,2014-02-28 09:46:00,2014-02-28 12:18:00,2014-03-01 06:00:00,2014-03-01 08:32:00,SUCCESS,152.0,43330.0
Washing_Machine_2014-02-28_02,Washing Machine,2014-02-28 17:48:00,2014-02-28 19:10:00,2014-02-28 17:53:00,2014-02-28 19:15:00,SUCCESS,82.0,43359.65
Washing_Machine_2014-03-01_01,Washing Machine,2014-03-01 10:32:00,2014-03-01 11:47:00,2014-03-02 06:00:00,2014-03-02 07:15:00,SUCCESS,75.0,46084.55
Washing_Machine_2014-03-02_01,Washing Machine,2014-03-02 09:19:00,2014-03-02 10:24:00,2014-03-03 06:00:00,2014-03-03 07:05:00,SUCCESS,65.0,41716.93
Washing_Machine_2014-03-02_02,Washing Machine,2014-03-02 10:25:00,2014-03-02 10:51:00,2014-03-02 10:30:00,2014-03-02 10:56:00,SUCCESS,26.0,20558.9
Washing_Machine_2014-03-04_01,Washing Machine,2014-03-04 20:06:00,2014-03-04 21:13:00,2014-03-05 06:00:00,2014-03-05 07:07:00,SUCCESS,67.0,39005.9
Washing_Machine_2014-03-05_01,Washing Machine,2014-03-05 15:25:00,2014-03-05 16:40:00,2014-03-06 06:00:00,2014-03-06 07:15:00,SUCCESS,75.0,42239.06
Washing_Machine_2014-03-05_02,Washing Machine,2014-03-05 18:31:00,2014-03-05 19:50:00,2014-03-05 18:36:00,2014-03-05 19:55:00,SUCCESS,79.0,47965.72
Washing_Machine_2014-03-07_01,Washing Machine,2014-03-07 18:06:00,2014-03-07 19:28:00,2014-03-08 06:00:00,2014-03-08 07:22:00,SUCCESS,82.0,39271.4
Washing_Machine_2014-03-08_01,Washing Machine,2014-03-08 08:15:00,2014-03-08 09:33:00,2014-03-09 06:00:00,2014-03-09 07:18:00,SUCCESS,78.0,54209.49
Washing_Machine_2014-03-08_02,Washing Machine,2014-03-08 09:52:00,2014-03-08 10:05:00,2014-03-08 09:57:00,2014-03-08 10:10:00,SUCCESS,13.0,3823.99
Washing_Machine_2014-03-08_03,Washing Machine,2014-03-08 10:17:00,2014-03-08 11:16:00,2014-03-08 10:22:00,2014-03-08 11:21:00,SUCCESS,59.0,37944.5
Washing_Machine_2014-03-11_01,Washing Machine,2014-03-11 06:40:00,2014-03-11 07:46:00,2014-03-11 06:45:00,2014-03-11 07:51:00,SUCCESS,66.0,41354.8
Washing_Machine_2014-03-11_02,Washing Machine,2014-03-11 20:14:00,2014-03-11 21:30:00,2014-03-12 06:00:00,2014-03-12 07:16:00,SUCCESS,76.0,34315.72
Washing_Machine_2014-03-12_01,Washing Machine,2014-03-12 07:15:00,2014-03-12 08:27:00,2014-03-12 07:20:00,2014-03-12 08:32:00,SUCCESS,72.0,42781.24
Washing_Machine_2014-03-13_01,Washing Machine,2014-03-13 19:38:00,2014-03-13 20:59:00,2014-03-14 06:00:00,2014-03-14 07:21:00,SUCCESS,81.0,46178.41
Washing_Machine_2014-03-14_01,Washing Machine,2014-03-14 08:02:00,2014-03-14 09:11:00,2014-03-15 06:00:00,2014-03-15 07:09:00,SUCCESS,69.0,36106.11
Washing_Machine_2014-03-15_01,Washing Machine,2014-03-15 07:17:00,2014-03-15 08:43:00,2014-03-15 07:22:00,2014-03-15 08:48:00,SUCCESS,86.0,40961.69
Washing_Machine_2014-03-15_02,Washing Machine,2014-03-15 09:01:00,2014-03-15 09:50:00,2014-03-16 06:00:00,2014-03-16 06:49:00,SUCCESS,49.0,34105.82
Washing_Machine_2014-03-18_01,Washing Machine,2014-03-18 19:15:00,2014-03-18 20:26:00,2014-03-19 06:00:00,2014-03-19 07:11:00,SUCCESS,71.0,40867.14
Washing_Machine_2014-03-19_01,Washing Machine,2014-03-19 19:32:00,2014-03-19 20:59:00,2014-03-20 06:00:00,2014-03-20 07:27:00,SUCCESS,87.0,50108.87
Washing_Machine_2014-03-20_01,Washing Machine,2014-03-20 18:10:00,2014-03-20 19:21:00,2014-03-21 06:00:00,2014-03-21 07:11:00,SUCCESS,71.0,41547.31
Washing_Machine_2014-03-21_02,Washing Machine,2014-03-21 18:57:00,2014-03-21 20:15:00,2014-03-22 06:00:00,2014-03-22 07:18:00,SUCCESS,78.0,45549.76
Washing_Machine_2014-03-22_01,Washing Machine,2014-03-22 07:52:00,2014-03-23 12:42:00,2014-03-23 06:00:00,2014-03-24 10:50:00,SUCCESS,1730.0,36792.01
Washing_Machine_2014-03-25_01,Washing Machine,2014-03-25 19:23:00,2014-03-25 20:22:00,2014-03-26 06:00:00,2014-03-26 06:59:00,SUCCESS,59.0,35546.35
Washing_Machine_2014-03-25_02,Washing Machine,2014-03-25 20:25:00,2014-03-25 21:36:00,2014-03-25 20:30:00,2014-03-25 21:41:00,SUCCESS,71.0,41209.39
Washing_Machine_2014-03-26_01,Washing Machine,2014-03-26 19:11:00,2014-03-26 20:38:00,2014-03-27 06:00:00,2014-03-27 07:27:00,SUCCESS,87.0,59673.74
Washing_Machine_2014-03-26_02,Washing Machine,2014-03-26 20:39:00,2014-03-26 21:00:00,2014-03-26 20:44:00,2014-03-26 21:05:00,SUCCESS,21.0,4135.14
Washing_Machine_2014-03-26_03,Washing Machine,2014-03-26 21:02:00,2014-03-26 21:28:00,2014-03-26 21:07:00,2014-03-26 21:33:00,SUCCESS,26.0,3593.13
Washing_Machine_2014-03-28_01,Washing Machine,2014-03-28 18:20:00,2014-03-28 20:51:00,2014-03-29 06:00:00,2014-03-29 08:31:00,SUCCESS,151.0,76354.06
Washing_Machine_2014-03-28_02,Washing Machine,2014-03-28 21:05:00,2014-03-28 22:11:00,2014-03-28 21:10:00,2014-03-28 22:16:00,SUCCESS,66.0,27195.97
Washing_Machine_2014-03-29_01,Washing Machine,2014-03-29 06:25:00,2014-03-29 07:40:00,2014-03-29 06:30:00,2014-03-29 07:45:00,SUCCESS,75.0,37049.02
Washing_Machine_2014-04-01_02,Washing Machine,2014-04-01 19:39:00,2014-04-01 20:57:00,2014-04-02 06:00:00,2014-04-02 07:18:00,SUCCESS,78.0,42765.75
Washing_Machine_2014-04-02_01,Washing Machine,2014-04-02 17:34:00,2014-04-02 18:33:00,2014-04-03 06:00:00,2014-04-03 06:59:00,SUCCESS,59.0,40795.99
Washing_Machine_2014-04-04_01,Washing Machine,2014-04-04 08:12:00,2014-04-04 08:18:00,2014-04-05 06:00:00,2014-04-05 06:06:00,SUCCESS,6.0,22.4
Washing_Machine_2014-04-04_05,Washing Machine,2014-04-04 17:05:00,2014-04-04 18:11:00,2014-04-05 06:06:00,2014-04-05 07:12:00,SUCCESS,66.0,25396.69
Washing_Machine_2014-04-05_01,Washing Machine,2014-04-05 07:44:00,2014-04-05 09:33:00,2014-04-06 06:00:00,2014-04-06 07:49:00,SUCCESS,109.0,64401.94
Washing_Machine_2014-04-07_01,Washing Machine,2014-04-07 06:34:00,2014-04-07 07:52:00,2014-04-07 06:39:00,2014-04-07 07:57:00,SUCCESS,78.0,42686.48
Washing_Machine_2014-04-07_03,Washing Machine,2014-04-07 13:02:00,2014-04-07 13:08:00,2014-04-08 06:00:00,2014-04-08 06:06:00,SUCCESS,6.0,111.49
Washing_Machine_2014-04-09_01,Washing Machine,2014-04-09 17:14:00,2014-04-09 18:34:00,2014-04-10 06:00:00,2014-04-10 07:20:00,SUCCESS,80.0,37511.67
Washing_Machine_2014-04-10_01,Washing Machine,2014-04-10 16:53:00,2014-04-10 18:17:00,2014-04-11 06:00:00,2014-04-11 07:24:00,SUCCESS,84.0,49827.58
Washing_Machine_2014-04-10_02,Washing Machine,2014-04-10 19:17:00,2014-04-10 19:38:00,2014-04-10 19:22:00,2014-04-10 19:43:00,SUCCESS,21.0,3888.96
Washing_Machine_2014-04-11_01,Washing Machine,2014-04-11 17:23:00,2014-04-11 18:45:00,2014-04-12 06:00:00,2014-04-12 07:22:00,SUCCESS,82.0,45502.12
Washing_Machine_2014-04-11_02,Washing Machine,2014-04-11 18:47:00,2014-04-11 19:54:00,2014-04-11 18:52:00,2014-04-11 19:59:00,SUCCESS,67.0,37795.12
Washing_Machine_2014-04-14_01,Washing Machine,2014-04-14 11:10:00,2014-04-14 12:14:00,2014-04-15 06:00:00,2014-04-15 07:04:00,SUCCESS,64.0,30523.37
Washing_Machine_2014-04-14_02,Washing Machine,2014-04-14 12:26:00,2014-04-14 13:48:00,2014-04-14 12:31:00,2014-04-14 13:53:00,SUCCESS,82.0,15197.4
Washing_Machine_2014-04-15_02,Washing Machine,2014-04-15 06:40:00,2014-04-15 08:14:00,2014-04-15 06:45:00,2014-04-15 08:19:00,SUCCESS,94.0,49844.54
Washing_Machine_2014-04-16_02,Washing Machine,2014-04-16 13:12:00,2014-04-16 14:24:00,2014-04-17 06:00:00,2014-04-17 07:12:00,SUCCESS,72.0,38238.73
Washing_Machine_2014-04-18_01,Washing Machine,2014-04-18 18:33:00,2014-04-18 19:33:00,2014-04-19 06:00:00,2014-04-19 07:00:00,SUCCESS,60.0,34732.62
Washing_Machine_2014-04-19_01,Washing Machine,2014-04-19 09:07:00,2014-04-19 10:20:00,2014-04-20 06:00:00,2014-04-20 07:13:00,SUCCESS,73.0,39609.99
Washing_Machine_2014-04-22_01,Washing Machine,2014-04-22 08:15:00,2014-04-22 09:21:00,2014-04-23 06:00:00,2014-04-23 07:06:00,SUCCESS,66.0,37181.69
Washing_Machine_2014-04-22_02,Washing Machine,2014-04-22 11:22:00,2014-04-22 12:29:00,2014-04-22 11:27:00,2014-04-22 12:34:00,SUCCESS,67.0,32351.84
Washing_Machine_2014-04-24_01,Washing Machine,2014-04-24 18:41:00,2014-04-24 19:57:00,2014-04-25 06:00:00,2014-04-25 07:16:00,SUCCESS,76.0,34456.01
Washing_Machine_2014-04-25_02,Washing Machine,2014-04-25 12:24:00,2014-04-25 13:41:00,2014-04-26 06:00:00,2014-04-26 07:17:00,SUCCESS,77.0,41113.11
Washing_Machine_2014-04-27_01,Washing Machine,2014-04-27 09:25:00,2014-04-27 10:32:00,2014-04-28 06:00:00,2014-04-28 07:07:00,SUCCESS,67.0,34916.07
Washing_Machine_2014-04-27_02,Washing Machine,2014-04-27 11:52:00,2014-04-27 13:11:00,2014-04-27 11:57:00,2014-04-27 13:16:00,SUCCESS,79.0,43164.6
Washing_Machine_2014-04-29_01,Washing Machine,2014-04-29 16:35:00,2014-04-29 17:34:00,2014-04-30 06:00:00,2014-04-30 06:59:00,SUCCESS,59.0,27736.22
Washing_Machine_2014-04-30_01,Washing Machine,2014-04-30 13:07:00,2014-04-30 14:19:00,2014-05-01 06:00:00,2014-05-01 07:12:00,SUCCESS,72.0,36713.68
Washing_Machine_2014-05-01_01,Washing Machine,2014-05-01 17:20:00,2014-05-01 18:42:00,2014-05-02 06:00:00,2014-05-02 07:22:00,SUCCESS,82.0,42677.23
Washing_Machine_2014-05-02_01,Washing Machine,2014-05-02 15:17:00,2014-05-02 16:36:00,2014-05-03 06:00:00,2014-05-03 07:19:00,SUCCESS,79.0,30924.35
Washing_Machine_2014-05-03_01,Washing Machine,2014-05-03 06:27:00,2014-05-03 07:49:00,2014-05-03 06:32:00,2014-05-03 07:54:00,SUCCESS,82.0,42219.06
Washing_Machine_2014-05-03_02,Washing Machine,2014-05-03 07:51:00,2014-05-03 09:08:00,2014-05-04 06:00:00,2014-05-04 07:17:00,SUCCESS,77.0,40518.69
Washing_Machine_2014-05-04_01,Washing Machine,2014-05-04 10:52:00,2014-05-04 11:50:00,2014-05-05 06:00:00,2014-05-05 06:58:00,SUCCESS,58.0,31057.16
Washing_Machine_2014-05-07_01,Washing Machine,2014-05-07 17:11:00,2014-05-07 18:33:00,2014-05-08 06:00:00,2014-05-08 07:22:00,SUCCESS,82.0,36389.34
Washing_Machine_2014-05-07_02,Washing Machine,2014-05-07 18:36:00,2014-05-07 19:58:00,2014-05-07 18:41:00,2014-05-07 20:03:00,SUCCESS,82.0,41846.82
Washing_Machine_2014-05-08_01,Washing Machine,2014-05-08 18:38:00,2014-05-08 19:44:00,2014-05-09 06:00:00,2014-05-09 07:06:00,SUCCESS,66.0,34214.67
Washing_Machine_2014-05-09_01,Washing Machine,2014-05-09 17:28:00,2014-05-09 18:19:00,2014-05-10 06:00:00,2014-05-10 06:51:00,SUCCESS,51.0,25409.73
Washing_Machine_2014-05-10_01,Washing Machine,2014-05-10 13:52:00,2014-05-10 14:50:00,2014-05-11 06:00:00,2014-05-11 06:58:00,SUCCESS,58.0,25629.47
Washing_Machine_2014-05-11_01,Washing Machine,2014-05-11 10:29:00,2014-05-11 11:16:00,2014-05-12 06:00:00,2014-05-12 06:47:00,SUCCESS,47.0,29228.23
Washing_Machine_2014-05-12_01,Washing Machine,2014-05-12 18:01:00,2014-05-12 19:16:00,2014-05-13 06:00:00,2014-05-13 07:15:00,SUCCESS,75.0,29881.83
Washing_Machine_2014-05-14_01,Washing Machine,2014-05-14 17:19:00,2014-05-14 18:38:00,2014-05-15 06:00:00,2014-05-15 07:19:00,SUCCESS,79.0,38003.06
Washing_Machine_2014-05-15_01,Washing Machine,2014-05-15 17:14:00,2014-05-15 18:21:00,2014-05-16 06:00:00,2014-05-16 07:07:00,SUCCESS,67.0,23264.26
Washing_Machine_2014-05-16_01,Washing Machine,2014-05-16 17:18:00,2014-05-16 18:30:00,2014-05-17 06:00:00,2014-05-17 07:12:00,SUCCESS,72.0,34685.28
Washing_Machine_2014-05-16_02,Washing Machine,2014-05-16 18:50:00,2014-05-16 19:49:00,2014-05-16 18:55:00,2014-05-16 19:54:00,SUCCESS,59.0,26866.3
Washing_Machine_2014-05-20_01,Washing Machine,2014-05-20 17:38:00,2014-05-20 18:35:00,2014-05-21 06:00:00,2014-05-21 06:57:00,SUCCESS,57.0,26145.3
Washing_Machine_2014-05-21_01,Washing Machine,2014-05-21 17:33:00,2014-05-21 18:44:00,2014-05-22 06:00:00,2014-05-22 07:11:00,SUCCESS,71.0,33981.58
Washing_Machine_2014-05-22_01,Washing Machine,2014-05-22 13:00:00,2014-05-22 13:15:00,2014-05-23 06:00:00,2014-05-23 06:15:00,SUCCESS,15.0,2755.69
Washing_Machine_2014-05-22_02,Washing Machine,2014-05-22 17:08:00,2014-05-22 18:13:00,2014-05-23 06:15:00,2014-05-23 07:20:00,SUCCESS,65.0,31894.46
Washing_Machine_2014-05-22_03,Washing Machine,2014-05-22 20:18:00,2014-05-22 20:42:00,2014-05-22 20:23:00,2014-05-22 20:47:00,SUCCESS,24.0,3430.18
Washing_Machine_2014-05-25_01,Washing Machine,2014-05-25 08:56:00,2014-05-25 10:08:00,2014-05-26 06:00:00,2014-05-26 07:12:00,SUCCESS,72.0,31955.98
Washing_Machine_2014-05-28_02,Washing Machine,2014-05-28 12:12:00,2014-05-28 13:27:00,2014-05-29 06:00:00,2014-05-29 07:15:00,SUCCESS,75.0,31969.43
Washing_Machine_2014-05-29_01,Washing Machine,2014-05-29 18:57:00,2014-05-29 20:18:00,2014-05-30 06:00:00,2014-05-30 07:21:00,SUCCESS,81.0,40424.57
Washing_Machine_2014-05-30_01,Washing Machine,2014-05-30 06:24:00,2014-05-30 07:50:00,2014-05-30 06:29:00,2014-05-30 07:55:00,SUCCESS,86.0,37508.55
Washing_Machine_2014-05-30_02,Washing Machine,2014-05-30 19:22:00,2014-05-30 20:34:00,2014-05-31 06:00:00,2014-05-31 07:12:00,SUCCESS,72.0,34490.37
Washing_Machine_2014-05-31_01,Washing Machine,2014-05-31 07:07:00,2014-05-31 08:21:00,2014-05-31 07:12:00,2014-05-31 08:26:00,SUCCESS,74.0,39301.12
Washing_Machine_2014-05-31_02,Washing Machine,2014-05-31 08:41:00,2014-05-31 09:30:00,2014-06-01 06:00:00,2014-06-01 06:49:00,SUCCESS,49.0,27501.8
Washing_Machine_2014-06-02_01,Washing Machine,2014-06-02 06:18:00,2014-06-02 07:36:00,2014-06-02 06:23:00,2014-06-02 07:41:00,SUCCESS,78.0,29656.73
Washing_Machine_2014-06-03_01,Washing Machine,2014-06-03 19:02:00,2014-06-03 20:13:00,2014-06-04 06:00:00,2014-06-04 07:11:00,SUCCESS,71.0,36135.92
Washing_Machine_2014-06-06_01,Washing Machine,2014-06-06 16:36:00,2014-06-06 17:49:00,2014-06-07 06:00:00,2014-06-07 07:13:00,SUCCESS,73.0,28213.06
Washing_Machine_2014-06-08_01,Washing Machine,2014-06-08 06:54:00,2014-06-08 08:40:00,2014-06-08 06:59:00,2014-06-08 08:45:00,SUCCESS,106.0,52596.99
Washing_Machine_2014-06-08_02,Washing Machine,2014-06-08 08:45:00,2014-06-08 09:46:00,2014-06-09 06:00:00,2014-06-09 07:01:00,SUCCESS,61.0,26717.48
Washing_Machine_2014-06-10_01,Washing Machine,2014-06-10 18:36:00,2014-06-10 19:38:00,2014-06-11 06:00:00,2014-06-11 07:02:00,SUCCESS,62.0,27588.83
Washing_Machine_2014-06-11_01,Washing Machine,2014-06-11 16:35:00,2014-06-11 17:57:00,2014-06-12 06:00:00,2014-06-12 07:22:00,SUCCESS,82.0,38197.5
Washing_Machine_2014-06-13_01,Washing Machine,2014-06-13 17:20:00,2014-06-13 18:18:00,2014-06-14 06:00:00,2014-06-14 06:58:00,SUCCESS,58.0,26618.23
Washing_Machine_2014-06-14_02,Washing Machine,2014-06-14 07:00:00,2014-06-14 08:31:00,2014-06-14 07:05:00,2014-06-14 08:36:00,SUCCESS,91.0,35486.82
Washing_Machine_2014-06-18_01,Washing Machine,2014-06-18 14:04:00,2014-06-18 15:19:00,2014-06-19 06:00:00,2014-06-19 07:15:00,SUCCESS,75.0,21625.29
Washing_Machine_2014-06-18_02,Washing Machine,2014-06-18 16:20:00,2014-06-18 17:46:00,2014-06-18 16:25:00,2014-06-18 17:51:00,SUCCESS,86.0,34128.53
Washing_Machine_2014-06-18_03,Washing Machine,2014-06-18 17:48:00,2014-06-18 19:08:00,2014-06-18 17:53:00,2014-06-18 19:13:00,SUCCESS,80.0,30882.92
Washing_Machine_2014-06-20_01,Washing Machine,2014-06-20 18:05:00,2014-06-20 19:09:00,2014-06-21 06:00:00,2014-06-21 07:04:00,SUCCESS,64.0,25796.82
Washing_Machine_2014-06-21_01,Washing Machine,2014-06-21 06:35:00,2014-06-21 07:42:00,2014-06-21 06:40:00,2014-06-21 07:47:00,SUCCESS,67.0,20853.54
Washing_Machine_2014-06-22_01,Washing Machine,2014-06-22 08:10:00,2014-06-22 08:58:00,2014-06-23 06:00:00,2014-06-23 06:48:00,SUCCESS,48.0,26631.75
Washing_Machine_2014-06-25_01,Washing Machine,2014-06-25 18:50:00,2014-06-25 19:49:00,2014-06-26 06:00:00,2014-06-26 06:59:00,SUCCESS,59.0,25468.28
Washing_Machine_2014-06-27_02,Washing Machine,2014-06-27 18:31:00,2014-06-27 19:44:00,2014-06-28 06:00:00,2014-06-28 07:13:00,SUCCESS,73.0,32096.99
Washing_Machine_2014-06-28_01,Washing Machine,2014-06-28 06:48:00,2014-06-28 07:53:00,2014-06-28 06:53:00,2014-06-28 07:58:00,SUCCESS,65.0,24199.64
Washing_Machine_2014-06-28_02,Washing Machine,2014-06-28 08:15:00,2014-06-28 09:17:00,2014-06-29 06:00:00,2014-06-29 07:02:00,SUCCESS,62.0,27012.95
Washing_Machine_2014-07-01_02,Washing Machine,2014-07-01 07:29:00,2014-07-01 08:28:00,2014-07-02 06:00:00,2014-07-02 06:59:00,SUCCESS,59.0,24650.65
Washing_Machine_2014-07-02_01,Washing Machine,2014-07-02 18:58:00,2014-07-02 20:01:00,2014-07-03 06:00:00,2014-07-03 07:03:00,SUCCESS,63.0,30216.05
Washing_Machine_2014-07-02_02,Washing Machine,2014-07-02 20:07:00,2014-07-02 21:20:00,2014-07-02 20:12:00,2014-07-02 21:25:00,SUCCESS,73.0,25914.63
Washing_Machine_2014-07-04_01,Washing Machine,2014-07-04 17:35:00,2014-07-04 18:22:00,2014-07-05 06:00:00,2014-07-05 06:47:00,SUCCESS,47.0,23246.32
Washing_Machine_2014-07-06_01,Washing Machine,2014-07-06 08:04:00,2014-07-06 09:02:00,2014-07-07 06:00:00,2014-07-07 06:58:00,SUCCESS,58.0,26329.55
Washing_Machine_2014-07-10_03,Washing Machine,2014-07-10 09:05:00,2014-07-10 10:13:00,2014-07-11 06:00:00,2014-07-11 07:08:00,SUCCESS,68.0,27960.52
Washing_Machine_2014-07-10_04,Washing Machine,2014-07-10 11:59:00,2014-07-10 13:18:00,2014-07-10 12:04:00,2014-07-10 13:23:00,SUCCESS,79.0,29434.12
Washing_Machine_2014-07-10_05,Washing Machine,2014-07-10 17:37:00,2014-07-10 18:58:00,2014-07-10 17:42:00,2014-07-10 19:03:00,SUCCESS,81.0,26802.22
Washing_Machine_2014-07-12_01,Washing Machine,2014-07-12 06:28:00,2014-07-12 07:32:00,2014-07-12 06:33:00,2014-07-12 07:37:00,SUCCESS,64.0,19670.0
Washing_Machine_2014-07-12_02,Washing Machine,2014-07-12 08:46:00,2014-07-12 09:08:00,2014-07-13 06:00:00,2014-07-13 06:22:00,SUCCESS,22.0,6008.24
Washing_Machine_2014-07-12_03,Washing Machine,2014-07-12 09:29:00,2014-07-12 10:29:00,2014-07-13 06:22:00,2014-07-13 07:22:00,SUCCESS,60.0,24613.38
Washing_Machine_2014-08-08_01,Washing Machine,2014-08-08 18:41:00,2014-08-08 19:42:00,2014-08-09 06:00:00,2014-08-09 07:01:00,SUCCESS,61.0,20016.1
Washing_Machine_2014-08-08_02,Washing Machine,2014-08-08 19:46:00,2014-08-08 21:02:00,2014-08-08 19:51:00,2014-08-08 21:07:00,SUCCESS,76.0,20463.52
Washing_Machine_2014-08-09_01,Washing Machine,2014-08-09 07:13:00,2014-08-09 08:11:00,2014-08-09 07:18:00,2014-08-09 08:16:00,SUCCESS,58.0,21654.91
Washing_Machine_2014-08-09_02,Washing Machine,2014-08-09 08:37:00,2014-08-09 09:13:00,2014-08-10 06:00:00,2014-08-10 06:36:00,SUCCESS,36.0,18549.4
Washing_Machine_2014-08-11_01,Washing Machine,2014-08-11 09:37:00,2014-08-11 10:47:00,2014-08-12 06:00:00,2014-08-12 07:10:00,SUCCESS,70.0,24672.4
Washing_Machine_2014-08-11_02,Washing Machine,2014-08-11 11:26:00,2014-08-11 12:30:00,2014-08-11 11:31:00,2014-08-11 12:35:00,SUCCESS,64.0,28898.35
Washing_Machine_2014-08-11_03,Washing Machine,2014-08-11 12:31:00,2014-08-11 12:55:00,2014-08-11 12:36:00,2014-08-11 13:00:00,SUCCESS,24.0,3340.82
Washing_Machine_2014-08-13_01,Washing Machine,2014-08-13 13:22:00,2014-08-13 14:40:00,2014-08-14 06:00:00,2014-08-14 07:18:00,SUCCESS,78.0,28406.12
Washing_Machine_2014-08-15_01,Washing Machine,2014-08-15 11:32:00,2014-08-15 12:43:00,2014-08-16 06:00:00,2014-08-16 07:11:00,SUCCESS,71.0,31063.87
Washing_Machine_2014-08-17_01,Washing Machine,2014-08-17 10:27:00,2014-08-17 11:30:00,2014-08-18 06:00:00,2014-08-18 07:03:00,SUCCESS,63.0,30517.77
Washing_Machine_2014-08-17_02,Washing Machine,2014-08-17 13:06:00,2014-08-17 14:37:00,2014-08-17 13:11:00,2014-08-17 14:42:00,SUCCESS,91.0,37045.02
Washing_Machine_2014-08-20_01,Washing Machine,2014-08-20 16:55:00,2014-08-20 17:53:00,2014-08-21 06:00:00,2014-08-21 06:58:00,SUCCESS,58.0,25432.41
Washing_Machine_2014-08-22_01,Washing Machine,2014-08-22 17:15:00,2014-08-22 18:37:00,2014-08-23 06:00:00,2014-08-23 07:22:00,SUCCESS,82.0,27994.37
Washing_Machine_2014-08-22_02,Washing Machine,2014-08-22 18:40:00,2014-08-22 19:44:00,2014-08-22 18:45:00,2014-08-22 19:49:00,SUCCESS,64.0,26653.32
Washing_Machine_2014-08-23_01,Washing Machine,2014-08-23 08:20:00,2014-08-23 09:39:00,2014-08-24 06:00:00,2014-08-24 07:19:00,SUCCESS,79.0,33893.7
Washing_Machine_2014-08-23_02,Washing Machine,2014-08-23 09:44:00,2014-08-23 11:08:00,2014-08-23 09:49:00,2014-08-23 11:13:00,SUCCESS,84.0,31732.84
Washing_Machine_2014-08-24_01,Washing Machine,2014-08-24 09:48:00,2014-08-24 11:11:00,2014-08-25 06:00:00,2014-08-25 07:23:00,SUCCESS,83.0,31056.01
Washing_Machine_2014-08-27_01,Washing Machine,2014-08-27 11:16:00,2014-08-27 12:29:00,2014-08-28 06:00:00,2014-08-28 07:13:00,SUCCESS,73.0,32814.68
Washing_Machine_2014-08-29_01,Washing Machine,2014-08-29 07:06:00,2014-08-29 08:18:00,2014-08-29 07:11:00,2014-08-29 08:23:00,SUCCESS,72.0,20967.13
Washing_Machine_2014-08-30_01,Washing Machine,2014-08-30 09:23:00,2014-08-30 10:32:00,2014-08-31 06:00:00,2014-08-31 07:09:00,SUCCESS,69.0,26422.47
Washing_Machine_2014-08-30_02,Washing Machine,2014-08-30 10:42:00,2014-08-30 11:47:00,2014-08-30 10:47:00,2014-08-30 11:52:00,SUCCESS,65.0,31495.6
Washing_Machine_2014-09-02_01,Washing Machine,2014-09-02 16:46:00,2014-09-02 19:15:00,2014-09-03 06:00:00,2014-09-03 08:29:00,SUCCESS,149.0,58691.23
Washing_Machine_2014-09-03_01,Washing Machine,2014-09-03 19:38:00,2014-09-03 20:33:00,2014-09-04 06:00:00,2014-09-04 06:55:00,SUCCESS,55.0,26255.78
Washing_Machine_2014-09-04_01,Washing Machine,2014-09-04 12:16:00,2014-09-04 13:37:00,2014-09-05 06:00:00,2014-09-05 07:21:00,SUCCESS,81.0,10086.21
Washing_Machine_2014-09-05_01,Washing Machine,2014-09-05 11:49:00,2014-09-05 12:06:00,2014-09-06 06:00:00,2014-09-06 06:17:00,SUCCESS,17.0,6868.99
Washing_Machine_2014-09-05_02,Washing Machine,2014-09-05 19:26:00,2014-09-05 20:26:00,2014-09-06 06:17:00,2014-09-06 07:17:00,SUCCESS,60.0,30656.57
Washing_Machine_2014-09-06_01,Washing Machine,2014-09-06 06:24:00,2014-09-06 09:04:00,2014-09-06 06:29:00,2014-09-06 09:09:00,SUCCESS,160.0,54034.38
Washing_Machine_2014-09-10_01,Washing Machine,2014-09-10 07:31:00,2014-09-10 08:31:00,2014-09-11 06:00:00,2014-09-11 07:00:00,SUCCESS,60.0,20270.21
Washing_Machine_2014-09-11_01,Washing Machine,2014-09-11 17:38:00,2014-09-11 18:51:00,2014-09-12 06:00:00,2014-09-12 07:13:00,SUCCESS,73.0,32397.14
Washing_Machine_2014-09-12_01,Washing Machine,2014-09-12 06:53:00,2014-09-12 08:11:00,2014-09-12 06:58:00,2014-09-12 08:16:00,SUCCESS,78.0,26250.37
Washing_Machine_2014-09-12_02,Washing Machine,2014-09-12 16:56:00,2014-09-12 18:01:00,2014-09-13 06:00:00,2014-09-13 07:05:00,SUCCESS,65.0,29644.06
Washing_Machine_2014-09-16_01,Washing Machine,2014-09-16 16:48:00,2014-09-16 17:46:00,2014-09-17 06:00:00,2014-09-17 06:58:00,SUCCESS,58.0,23577.88
Washing_Machine_2014-09-17_01,Washing Machine,2014-09-17 18:59:00,2014-09-17 20:31:00,2014-09-18 06:00:00,2014-09-18 07:32:00,SUCCESS,92.0,32956.07
Washing_Machine_2014-09-18_01,Washing Machine,2014-09-18 09:45:00,2014-09-18 10:55:00,2014-09-19 06:00:00,2014-09-19 07:10:00,SUCCESS,70.0,26190.19
Washing_Machine_2014-09-20_01,Washing Machine,2014-09-20 09:25:00,2014-09-20 10:36:00,2014-09-21 06:00:00,2014-09-21 07:11:00,SUCCESS,71.0,27801.87
Washing_Machine_2014-09-21_01,Washing Machine,2014-09-21 09:33:00,2014-09-21 10:44:00,2014-09-22 06:00:00,2014-09-22 07:11:00,SUCCESS,71.0,25200.98
Washing_Machine_2014-09-21_02,Washing Machine,2014-09-21 10:45:00,2014-09-21 12:03:00,2014-09-21 10:50:00,2014-09-21 12:08:00,SUCCESS,78.0,31130.61
Washing_Machine_2014-09-23_01,Washing Machine,2014-09-23 18:23:00,2014-09-23 19:52:00,2014-09-24 06:00:00,2014-09-24 07:29:00,SUCCESS,89.0,37124.94
Washing_Machine_2014-09-26_01,Washing Machine,2014-09-26 08:02:00,2014-09-26 09:15:00,2014-09-27 06:00:00,2014-09-27 07:13:00,SUCCESS,73.0,24626.03
Washing_Machine_2014-09-26_02,Washing Machine,2014-09-26 17:24:00,2014-09-26 18:33:00,2014-09-26 17:29:00,2014-09-26 18:38:00,SUCCESS,69.0,28940.91
Washing_Machine_2014-09-27_01,Washing Machine,2014-09-27 09:54:00,2014-09-27 11:00:00,2014-09-28 06:00:00,2014-09-28 07:06:00,SUCCESS,66.0,29888.62
Washing_Machine_2014-09-28_03,Washing Machine,2014-09-28 13:52:00,2014-09-28 15:11:00,2014-09-29 06:00:00,2014-09-29 07:19:00,SUCCESS,79.0,28304.92
Washing_Machine_2014-10-01_01,Washing Machine,2014-10-01 18:24:00,2014-10-01 19:23:00,2014-10-02 06:00:00,2014-10-02 06:59:00,SUCCESS,59.0,22101.93
Washing_Machine_2014-10-01_02,Washing Machine,2014-10-01 19:26:00,2014-10-01 20:42:00,2014-10-01 19:31:00,2014-10-01 20:47:00,SUCCESS,76.0,32630.78
Washing_Machine_2014-10-04_01,Washing Machine,2014-10-04 08:25:00,2014-10-04 09:36:00,2014-10-05 06:00:00,2014-10-05 07:11:00,SUCCESS,71.0,25180.04
Washing_Machine_2014-10-04_03,Washing Machine,2014-10-04 18:35:00,2014-10-04 19:46:00,2014-10-04 18:40:00,2014-10-04 19:51:00,SUCCESS,71.0,29602.98
Washing_Machine_2014-10-06_01,Washing Machine,2014-10-06 16:46:00,2014-10-06 17:47:00,2014-10-07 06:00:00,2014-10-07 07:01:00,SUCCESS,61.0,33446.73
Washing_Machine_2014-10-08_02,Washing Machine,2014-10-08 06:51:00,2014-10-08 08:06:00,2014-10-08 06:56:00,2014-10-08 08:11:00,SUCCESS,75.0,35366.49
Washing_Machine_2014-10-10_01,Washing Machine,2014-10-10 10:33:00,2014-10-10 10:39:00,2014-10-11 06:00:00,2014-10-11 06:06:00,SUCCESS,6.0,233.18
Washing_Machine_2014-10-11_02,Washing Machine,2014-10-11 06:59:00,2014-10-11 08:20:00,2014-10-12 06:00:00,2014-10-12 07:21:00,SUCCESS,81.0,34726.89
Washing_Machine_2014-10-11_03,Washing Machine,2014-10-11 08:21:00,2014-10-11 09:31:00,2014-10-11 08:26:00,2014-10-11 09:36:00,SUCCESS,70.0,28874.6
Washing_Machine_2014-10-11_04,Washing Machine,2014-10-11 09:36:00,2014-10-11 10:36:00,2014-10-11 09:41:00,2014-10-11 10:41:00,SUCCESS,60.0,23350.64
Washing_Machine_2014-10-13_01,Washing Machine,2014-10-13 11:00:00,2014-10-13 12:19:00,2014-10-14 06:00:00,2014-10-14 07:19:00,SUCCESS,79.0,33108.33
Washing_Machine_2014-10-15_01,Washing Machine,2014-10-15 17:29:00,2014-10-15 18:55:00,2014-10-16 06:00:00,2014-10-16 07:26:00,SUCCESS,86.0,40367.98
Washing_Machine_2014-10-15_02,Washing Machine,2014-10-15 19:04:00,2014-10-15 19:17:00,2014-10-15 19:09:00,2014-10-15 19:22:00,SUCCESS,13.0,3138.1
Washing_Machine_2014-10-16_01,Washing Machine,2014-10-16 20:01:00,2014-10-16 21:28:00,2014-10-17 06:00:00,2014-10-17 07:27:00,SUCCESS,87.0,38219.21
Washing_Machine_2014-10-17_01,Washing Machine,2014-10-17 17:41:00,2014-10-17 18:39:00,2014-10-18 06:00:00,2014-10-18 06:58:00,SUCCESS,58.0,31659.59
Washing_Machine_2014-10-19_01,Washing Machine,2014-10-19 14:03:00,2014-10-19 14:26:00,2014-10-20 06:00:00,2014-10-20 06:23:00,SUCCESS,23.0,18911.97
Washing_Machine_2014-10-19_02,Washing Machine,2014-10-19 14:35:00,2014-10-19 15:53:00,2014-10-19 14:40:00,2014-10-19 15:58:00,SUCCESS,78.0,33671.39
Washing_Machine_2014-10-20_01,Washing Machine,2014-10-20 15:46:00,2014-10-20 17:08:00,2014-10-21 06:00:00,2014-10-21 07:22:00,SUCCESS,82.0,38189.06
Washing_Machine_2014-10-21_01,Washing Machine,2014-10-21 17:42:00,2014-10-21 19:07:00,2014-10-22 06:00:00,2014-10-22 07:25:00,SUCCESS,85.0,40700.8
Washing_Machine_2014-10-23_01,Washing Machine,2014-10-23 06:38:00,2014-10-23 07:53:00,2014-10-23 06:43:00,2014-10-23 07:58:00,SUCCESS,75.0,26401.6
Washing_Machine_2014-10-24_01,Washing Machine,2014-10-24 16:55:00,2014-10-24 17:56:00,2014-10-25 06:00:00,2014-10-25 07:01:00,SUCCESS,61.0,32445.41
Washing_Machine_2014-10-25_02,Washing Machine,2014-10-25 07:41:00,2014-10-25 09:00:00,2014-10-26 06:00:00,2014-10-26 07:19:00,SUCCESS,79.0,38353.69
Washing_Machine_2014-10-25_03,Washing Machine,2014-10-25 09:02:00,2014-10-25 09:52:00,2014-10-25 09:07:00,2014-10-25 09:57:00,SUCCESS,50.0,30883.37
Washing_Machine_2014-10-26_01,Washing Machine,2014-10-26 08:28:00,2014-10-26 09:50:00,2014-10-27 06:00:00,2014-10-27 07:22:00,SUCCESS,82.0,32157.13
Washing_Machine_2014-10-31_01,Washing Machine,2014-10-31 16:51:00,2014-10-31 19:09:00,2014-11-01 06:00:00,2014-11-01 08:18:00,SUCCESS,138.0,58344.75
Washing_Machine_2014-11-07_01,Washing Machine,2014-11-07 16:45:00,2014-11-07 18:11:00,2014-11-08 06:00:00,2014-11-08 07:26:00,SUCCESS,86.0,47785.59
Washing_Machine_2014-11-07_02,Washing Machine,2014-11-07 18:14:00,2014-11-07 19:34:00,2014-11-07 18:19:00,2014-11-07 19:39:00,SUCCESS,80.0,35138.83
Washing_Machine_2014-11-08_01,Washing Machine,2014-11-08 07:52:00,2014-11-08 09:10:00,2014-11-09 06:00:00,2014-11-09 07:18:00,SUCCESS,78.0,28704.58
Washing_Machine_2014-11-09_01,Washing Machine,2014-11-09 08:08:00,2014-11-09 09:06:00,2014-11-10 06:00:00,2014-11-10 06:58:00,SUCCESS,58.0,33859.98
Washing_Machine_2014-11-11_01,Washing Machine,2014-11-11 17:15:00,2014-11-11 18:28:00,2014-11-12 06:00:00,2014-11-12 07:13:00,SUCCESS,73.0,30687.61
Washing_Machine_2014-11-12_01,Washing Machine,2014-11-12 17:24:00,2014-11-12 19:27:00,2014-11-13 06:00:00,2014-11-13 08:03:00,SUCCESS,123.0,63506.44
Washing_Machine_2014-11-14_01,Washing Machine,2014-11-14 17:41:00,2014-11-14 19:05:00,2014-11-15 06:00:00,2014-11-15 07:24:00,SUCCESS,84.0,34539.82
Washing_Machine_2014-11-14_02,Washing Machine,2014-11-14 19:09:00,2014-11-14 19:22:00,2014-11-14 19:14:00,2014-11-14 19:27:00,SUCCESS,13.0,3484.6
Washing_Machine_2014-11-15_02,Washing Machine,2014-11-15 06:48:00,2014-11-15 08:10:00,2014-11-15 06:53:00,2014-11-15 08:15:00,SUCCESS,82.0,40497.38
Washing_Machine_2014-11-26_01,Washing Machine,2014-11-26 17:12:00,2014-11-26 18:27:00,2014-11-27 06:00:00,2014-11-27 07:15:00,SUCCESS,75.0,32418.16
Washing_Machine_2014-11-28_01,Washing Machine,2014-11-28 15:02:00,2014-11-28 16:22:00,2014-11-29 06:00:00,2014-11-29 07:20:00,SUCCESS,80.0,40431.08
Washing_Machine_2014-11-28_02,Washing Machine,2014-11-28 16:38:00,2014-11-28 18:12:00,2014-11-28 16:43:00,2014-11-28 18:17:00,SUCCESS,94.0,43132.93
Washing_Machine_2014-11-30_01,Washing Machine,2014-11-30 09:50:00,2014-11-30 11:08:00,2014-12-01 06:00:00,2014-12-01 07:18:00,SUCCESS,78.0,39837.92
Washing_Machine_2014-12-03_01,Washing Machine,2014-12-03 17:23:00,2014-12-03 18:42:00,2014-12-04 06:00:00,2014-12-04 07:19:00,SUCCESS,79.0,44203.0
Washing_Machine_2014-12-05_01,Washing Machine,2014-12-05 16:41:00,2014-12-05 18:04:00,2014-12-06 06:00:00,2014-12-06 07:23:00,SUCCESS,83.0,39065.64
Washing_Machine_2014-12-05_02,Washing Machine,2014-12-05 18:40:00,2014-12-05 19:54:00,2014-12-05 18:45:00,2014-12-05 19:59:00,SUCCESS,74.0,35236.02
Washing_Machine_2014-12-07_01,Washing Machine,2014-12-07 10:14:00,2014-12-07 11:26:00,2014-12-08 06:00:00,2014-12-08 07:12:00,SUCCESS,72.0,34214.79
Washing_Machine_2014-12-09_01,Washing Machine,2014-12-09 19:51:00,2014-12-09 21:04:00,2014-12-10 06:00:00,2014-12-10 07:13:00,SUCCESS,73.0,38017.12
Washing_Machine_2014-12-10_01,Washing Machine,2014-12-10 18:16:00,2014-12-10 19:32:00,2014-12-11 06:00:00,2014-12-11 07:16:00,SUCCESS,76.0,45406.76
Washing_Machine_2014-12-12_01,Washing Machine,2014-12-12 06:08:00,2014-12-12 07:32:00,2014-12-12 06:13:00,2014-12-12 07:37:00,SUCCESS,84.0,47398.53
Washing_Machine_2014-12-13_01,Washing Machine,2014-12-13 11:33:00,2014-12-13 13:03:00,2014-12-14 06:00:00,2014-12-14 07:30:00,SUCCESS,90.0,43521.87
Washing_Machine_2014-12-17_01,Washing Machine,2014-12-17 17:23:00,2014-12-17 18:53:00,2014-12-18 06:00:00,2014-12-18 07:30:00,SUCCESS,90.0,46787.51
Washing_Machine_2014-12-17_02,Washing Machine,2014-12-17 19:00:00,2014-12-17 20:03:00,2014-12-17 19:05:00,2014-12-17 20:08:00,SUCCESS,63.0,39198.36
Washing_Machine_2014-12-17_03,Washing Machine,2014-12-17 20:06:00,2014-12-17 20:24:00,2014-12-17 20:11:00,2014-12-17 20:29:00,SUCCESS,18.0,2611.57
Washing_Machine_2014-12-19_01,Washing Machine,2014-12-19 19:10:00,2014-12-19 20:28:00,2014-12-20 06:00:00,2014-12-20 07:18:00,SUCCESS,78.0,44113.74
Washing_Machine_2014-12-21_02,Washing Machine,2014-12-21 07:22:00,2014-12-21 08:33:00,2014-12-21 07:27:00,2014-12-21 08:38:00,SUCCESS,71.0,42876.98
Washing_Machine_2014-12-23_01,Washing Machine,2014-12-23 09:21:00,2014-12-23 10:40:00,2014-12-24 06:00:00,2014-12-24 07:19:00,SUCCESS,79.0,45450.35
Washing_Machine_2014-12-23_02,Washing Machine,2014-12-23 11:17:00,2014-12-23 12:59:00,2014-12-23 11:22:00,2014-12-23 13:04:00,SUCCESS,102.0,55878.12
Washing_Machine_2014-12-23_03,Washing Machine,2014-12-23 13:00:00,2014-12-23 14:25:00,2014-12-23 13:05:00,2014-12-23 14:30:00,SUCCESS,85.0,41038.35
Washing_Machine_2014-12-28_01,Washing Machine,2014-12-28 10:28:00,2014-12-28 11:48:00,2014-12-29 06:00:00,2014-12-29 07:20:00,SUCCESS,80.0,38798.9
Washing_Machine_2014-12-29_01,Washing Machine,2014-12-29 07:57:00,2014-12-29 09:19:00,2014-12-30 06:00:00,2014-12-30 07:22:00,SUCCESS,82.0,42631.71
Washing_Machine_2014-12-30_01,Washing Machine,2014-12-30 12:45:00,2014-12-30 13:58:00,2014-12-31 06:00:00,2014-12-31 07:13:00,SUCCESS,73.0,46849.78
Washing_Machine_2014-12-30_02,Washing Machine,2014-12-30 14:03:00,2014-12-30 15:14:00,2014-12-30 14:08:00,2014-12-30 15:19:00,SUCCESS,71.0,45010.12
Washing_Machine_2015-01-03_01,Washing Machine,2015-01-03 13:31:00,2015-01-03 15:00:00,2015-01-04 06:00:00,2015-01-04 07:29:00,SUCCESS,89.0,49925.24
Washing_Machine_2015-01-03_02,Washing Machine,2015-01-03 15:03:00,2015-01-03 16:24:00,2015-01-03 15:08:00,2015-01-03 16:29:00,SUCCESS,81.0,43343.0
Washing_Machine_2015-01-05_01,Washing Machine,2015-01-05 07:17:00,2015-01-05 08:39:00,2015-01-05 07:22:00,2015-01-05 08:44:00,SUCCESS,82.0,51539.03
Washing_Machine_2015-01-06_01,Washing Machine,2015-01-06 07:48:00,2015-01-06 09:08:00,2015-01-07 06:00:00,2015-01-07 07:20:00,SUCCESS,80.0,51571.25
Washing_Machine_2015-01-06_02,Washing Machine,2015-01-06 17:28:00,2015-01-06 18:55:00,2015-01-06 17:33:00,2015-01-06 19:00:00,SUCCESS,87.0,48893.97
Washing_Machine_2015-01-09_01,Washing Machine,2015-01-09 07:49:00,2015-01-09 09:11:00,2015-01-10 06:00:00,2015-01-10 07:22:00,SUCCESS,82.0,44175.12
Washing_Machine_2015-01-09_02,Washing Machine,2015-01-09 18:15:00,2015-01-09 19:44:00,2015-01-09 18:20:00,2015-01-09 19:49:00,SUCCESS,89.0,52273.06
Washing_Machine_2015-01-10_01,Washing Machine,2015-01-10 08:27:00,2015-01-10 09:59:00,2015-01-11 06:00:00,2015-01-11 07:32:00,SUCCESS,92.0,43289.95
Washing_Machine_2015-01-14_01,Washing Machine,2015-01-14 17:40:00,2015-01-14 19:03:00,2015-01-15 06:00:00,2015-01-15 07:23:00,SUCCESS,83.0,46810.15
Washing_Machine_2015-01-15_01,Washing Machine,2015-01-15 07:14:00,2015-01-15 08:27:00,2015-01-15 07:19:00,2015-01-15 08:32:00,SUCCESS,73.0,42866.8
Washing_Machine_2015-01-15_02,Washing Machine,2015-01-15 10:56:00,2015-01-15 12:13:00,2015-01-16 06:00:00,2015-01-16 07:17:00,SUCCESS,77.0,45589.56
Washing_Machine_2015-01-16_01,Washing Machine,2015-01-16 17:14:00,2015-01-16 20:15:00,2015-01-17 06:00:00,2015-01-17 09:01:00,SUCCESS,181.0,98542.28
Washing_Machine_2015-01-17_01,Washing Machine,2015-01-17 07:31:00,2015-01-17 08:30:00,2015-01-18 06:00:00,2015-01-18 06:59:00,SUCCESS,59.0,38492.02
Washing_Machine_2015-01-20_01,Washing Machine,2015-01-20 17:02:00,2015-01-20 18:17:00,2015-01-21 06:00:00,2015-01-21 07:15:00,SUCCESS,75.0,37567.56
Washing_Machine_2015-01-22_01,Washing Machine,2015-01-22 07:13:00,2015-01-22 08:37:00,2015-01-22 07:18:00,2015-01-22 08:42:00,SUCCESS,84.0,51097.33
Washing_Machine_2015-01-23_01,Washing Machine,2015-01-23 17:19:00,2015-01-23 18:48:00,2015-01-24 06:00:00,2015-01-24 07:29:00,SUCCESS,89.0,54428.37
Washing_Machine_2015-01-24_01,Washing Machine,2015-01-24 08:00:00,2015-01-24 09:18:00,2015-01-25 06:00:00,2015-01-25 07:18:00,SUCCESS,78.0,37576.75
Washing_Machine_2015-01-25_01,Washing Machine,2015-01-25 08:32:00,2015-01-25 09:04:00,2015-01-26 06:00:00,2015-01-26 06:32:00,SUCCESS,32.0,20775.44
Washing_Machine_2015-01-25_02,Washing Machine,2015-01-25 14:16:00,2015-01-25 14:38:00,2015-01-26 06:32:00,2015-01-26 06:54:00,SUCCESS,22.0,3514.73
Washing_Machine_2015-01-25_03,Washing Machine,2015-01-25 16:56:00,2015-01-25 18:26:00,2015-01-25 17:01:00,2015-01-25 18:31:00,SUCCESS,90.0,40324.78
Washing_Machine_2015-01-26_01,Washing Machine,2015-01-26 17:02:00,2015-01-26 19:05:00,2015-01-27 06:00:00,2015-01-27 08:03:00,SUCCESS,123.0,82543.64
Washing_Machine_2015-01-27_01,Washing Machine,2015-01-27 17:06:00,2015-01-27 18:25:00,2015-01-28 06:00:00,2015-01-28 07:19:00,SUCCESS,79.0,48420.38
Washing_Machine_2015-01-28_01,Washing Machine,2015-01-28 17:24:00,2015-01-28 18:45:00,2015-01-29 06:00:00,2015-01-29 07:21:00,SUCCESS,81.0,44550.4
Washing_Machine_2015-01-29_01,Washing Machine,2015-01-29 17:05:00,2015-01-29 18:31:00,2015-01-30 06:00:00,2015-01-30 07:26:00,SUCCESS,86.0,54439.68
Washing_Machine_2015-01-31_02,Washing Machine,2015-01-31 08:00:00,2015-01-31 08:26:00,2015-02-01 06:00:00,2015-02-01 06:26:00,SUCCESS,26.0,19024.81
Washing_Machine_2015-01-31_03,Washing Machine,2015-01-31 08:40:00,2015-01-31 09:53:00,2015-01-31 08:45:00,2015-01-31 09:58:00,SUCCESS,73.0,36688.74
Washing_Machine_2015-01-31_04,Washing Machine,2015-01-31 10:04:00,2015-01-31 11:40:00,2015-01-31 10:09:00,2015-01-31 11:45:00,SUCCESS,96.0,46915.41
Washing_Machine_2015-01-31_05,Washing Machine,2015-01-31 17:35:00,2015-01-31 18:36:00,2015-02-01 06:26:00,2015-02-01 07:27:00,SUCCESS,61.0,41888.07
Washing_Machine_2015-02-03_01,Washing Machine,2015-02-03 18:48:00,2015-02-03 20:02:00,2015-02-04 06:00:00,2015-02-04 07:14:00,SUCCESS,74.0,41625.1
Washing_Machine_2015-02-05_01,Washing Machine,2015-02-05 17:09:00,2015-02-05 18:25:00,2015-02-06 06:00:00,2015-02-06 07:16:00,SUCCESS,76.0,50937.04
Washing_Machine_2015-02-06_01,Washing Machine,2015-02-06 18:26:00,2015-02-06 20:03:00,2015-02-07 06:00:00,2015-02-07 07:37:00,SUCCESS,97.0,51518.73
Washing_Machine_2015-02-07_01,Washing Machine,2015-02-07 06:52:00,2015-02-07 08:01:00,2015-02-07 06:57:00,2015-02-07 08:06:00,SUCCESS,69.0,29115.05
Washing_Machine_2015-02-11_01,Washing Machine,2015-02-11 08:02:00,2015-02-11 09:34:00,2015-02-12 06:00:00,2015-02-12 07:32:00,SUCCESS,92.0,50706.69
Washing_Machine_2015-02-11_02,Washing Machine,2015-02-11 17:12:00,2015-02-11 18:29:00,2015-02-11 17:17:00,2015-02-11 18:34:00,SUCCESS,77.0,47613.23
Washing_Machine_2015-02-11_03,Washing Machine,2015-02-11 18:58:00,2015-02-11 20:19:00,2015-02-11 19:03:00,2015-02-11 20:24:00,SUCCESS,81.0,52716.46
Washing_Machine_2015-02-13_01,Washing Machine,2015-02-13 17:53:00,2015-02-13 18:57:00,2015-02-14 06:00:00,2015-02-14 07:04:00,SUCCESS,64.0,37030.54
Washing_Machine_2015-02-14_01,Washing Machine,2015-02-14 08:02:00,2015-02-14 09:12:00,2015-02-15 06:00:00,2015-02-15 07:10:00,SUCCESS,70.0,43040.77
Washing_Machine_2015-02-15_01,Washing Machine,2015-02-15 10:41:00,2015-02-15 11:48:00,2015-02-16 06:00:00,2015-02-16 07:07:00,SUCCESS,67.0,44749.85
Washing_Machine_2015-02-16_01,Washing Machine,2015-02-16 08:35:00,2015-02-16 09:44:00,2015-02-17 06:00:00,2015-02-17 07:09:00,SUCCESS,69.0,29305.36
Washing_Machine_2015-02-17_01,Washing Machine,2015-02-17 06:35:00,2015-02-17 07:55:00,2015-02-17 06:40:00,2015-02-17 08:00:00,SUCCESS,80.0,37685.83
Washing_Machine_2015-02-17_02,Washing Machine,2015-02-17 07:59:00,2015-02-17 09:02:00,2015-02-18 06:00:00,2015-02-18 07:03:00,SUCCESS,63.0,38897.78
Washing_Machine_2015-02-19_01,Washing Machine,2015-02-19 08:48:00,2015-02-19 10:07:00,2015-02-20 06:00:00,2015-02-20 07:19:00,SUCCESS,79.0,42873.42
Washing_Machine_2015-02-19_02,Washing Machine,2015-02-19 10:09:00,2015-02-19 11:14:00,2015-02-19 10:14:00,2015-02-19 11:19:00,SUCCESS,65.0,33183.61
Washing_Machine_2015-02-21_01,Washing Machine,2015-02-21 08:37:00,2015-02-21 09:49:00,2015-02-22 06:00:00,2015-02-22 07:12:00,SUCCESS,72.0,51660.86
Washing_Machine_2015-02-21_03,Washing Machine,2015-02-21 10:39:00,2015-02-21 11:31:00,2015-02-21 10:44:00,2015-02-21 11:36:00,SUCCESS,52.0,31922.88
Washing_Machine_2015-02-24_01,Washing Machine,2015-02-24 17:29:00,2015-02-24 19:14:00,2015-02-25 06:00:00,2015-02-25 07:45:00,SUCCESS,105.0,82629.18
Washing_Machine_2015-02-25_01,Washing Machine,2015-02-25 16:59:00,2015-02-25 18:00:00,2015-02-26 06:00:00,2015-02-26 07:01:00,SUCCESS,61.0,47583.94
Washing_Machine_2015-02-27_01,Washing Machine,2015-02-27 16:50:00,2015-02-27 18:12:00,2015-02-28 06:00:00,2015-02-28 07:22:00,SUCCESS,82.0,39008.51
Washing_Machine_2015-02-27_02,Washing Machine,2015-02-27 18:27:00,2015-02-27 19:34:00,2015-02-27 18:32:00,2015-02-27 19:39:00,SUCCESS,67.0,35022.36
Washing_Machine_2015-02-28_01,Washing Machine,2015-02-28 08:15:00,2015-02-28 09:08:00,2015-03-01 06:00:00,2015-03-01 06:53:00,SUCCESS,53.0,40697.8
Washing_Machine_2015-03-03_01,Washing Machine,2015-03-03 21:33:00,2015-03-03 22:49:00,2015-03-04 06:00:00,2015-03-04 07:16:00,SUCCESS,76.0,35245.68
Washing_Machine_2015-03-06_01,Washing Machine,2015-03-06 07:53:00,2015-03-06 09:14:00,2015-03-07 06:00:00,2015-03-07 07:21:00,SUCCESS,81.0,43011.78
Washing_Machine_2015-03-06_03,Washing Machine,2015-03-06 11:53:00,2015-03-06 12:57:00,2015-03-06 11:58:00,2015-03-06 13:02:00,SUCCESS,64.0,32524.85
Washing_Machine_2015-03-06_04,Washing Machine,2015-03-06 13:42:00,2015-03-06 15:03:00,2015-03-06 13:47:00,2015-03-06 15:08:00,SUCCESS,81.0,48741.63
Washing_Machine_2015-03-07_01,Washing Machine,2015-03-07 08:37:00,2015-03-07 10:00:00,2015-03-08 06:00:00,2015-03-08 07:23:00,SUCCESS,83.0,53099.46
Washing_Machine_2015-03-09_01,Washing Machine,2015-03-09 17:12:00,2015-03-09 18:35:00,2015-03-10 06:00:00,2015-03-10 07:23:00,SUCCESS,83.0,50388.15
Washing_Machine_2015-03-13_01,Washing Machine,2015-03-13 11:33:00,2015-03-13 12:58:00,2015-03-14 06:00:00,2015-03-14 07:25:00,SUCCESS,85.0,45556.4
Washing_Machine_2015-03-13_02,Washing Machine,2015-03-13 13:54:00,2015-03-13 15:14:00,2015-03-13 13:59:00,2015-03-13 15:19:00,SUCCESS,80.0,48955.25
Washing_Machine_2015-03-13_03,Washing Machine,2015-03-13 17:21:00,2015-03-13 18:39:00,2015-03-13 17:26:00,2015-03-13 18:44:00,SUCCESS,78.0,40772.02
Washing_Machine_2015-03-14_01,Washing Machine,2015-03-14 08:10:00,2015-03-14 09:28:00,2015-03-15 06:00:00,2015-03-15 07:18:00,SUCCESS,78.0,41375.48
Washing_Machine_2015-03-14_02,Washing Machine,2015-03-14 09:35:00,2015-03-14 10:41:00,2015-03-14 09:40:00,2015-03-14 10:46:00,SUCCESS,66.0,38098.93
Washing_Machine_2015-03-17_01,Washing Machine,2015-03-17 17:42:00,2015-03-17 19:03:00,2015-03-18 06:00:00,2015-03-18 07:21:00,SUCCESS,81.0,47065.6
Washing_Machine_2015-03-18_01,Washing Machine,2015-03-18 07:59:00,2015-03-18 09:01:00,2015-03-19 06:00:00,2015-03-19 07:02:00,SUCCESS,62.0,28139.0
Washing_Machine_2015-03-18_02,Washing Machine,2015-03-18 10:25:00,2015-03-18 11:40:00,2015-03-18 10:30:00,2015-03-18 11:45:00,SUCCESS,75.0,44013.2
Washing_Machine_2015-03-18_03,Washing Machine,2015-03-18 12:15:00,2015-03-18 13:28:00,2015-03-18 12:20:00,2015-03-18 13:33:00,SUCCESS,73.0,35258.05
Washing_Machine_2015-03-20_01,Washing Machine,2015-03-20 16:50:00,2015-03-20 17:59:00,2015-03-21 06:00:00,2015-03-21 07:09:00,SUCCESS,69.0,44052.87
Washing_Machine_2015-03-20_02,Washing Machine,2015-03-20 18:05:00,2015-03-20 19:30:00,2015-03-20 18:10:00,2015-03-20 19:35:00,SUCCESS,85.0,40419.72
Washing_Machine_2015-03-21_01,Washing Machine,2015-03-21 08:04:00,2015-03-21 09:15:00,2015-03-22 06:00:00,2015-03-22 07:11:00,SUCCESS,71.0,37959.67
Washing_Machine_2015-03-25_01,Washing Machine,2015-03-25 10:29:00,2015-03-25 11:52:00,2015-03-26 06:00:00,2015-03-26 07:23:00,SUCCESS,83.0,49072.45
Washing_Machine_2015-03-25_02,Washing Machine,2015-03-25 17:31:00,2015-03-25 18:56:00,2015-03-25 17:36:00,2015-03-25 19:01:00,SUCCESS,85.0,48417.34
Washing_Machine_2015-03-27_01,Washing Machine,2015-03-27 07:11:00,2015-03-27 08:36:00,2015-03-27 07:16:00,2015-03-27 08:41:00,SUCCESS,85.0,53838.15
Washing_Machine_2015-03-28_01,Washing Machine,2015-03-28 08:43:00,2015-03-28 09:41:00,2015-03-29 06:00:00,2015-03-29 06:58:00,SUCCESS,58.0,27447.04
Washing_Machine_2015-03-28_02,Washing Machine,2015-03-28 10:03:00,2015-03-28 11:11:00,2015-03-28 10:08:00,2015-03-28 11:16:00,SUCCESS,68.0,41345.92
Washing_Machine_2015-03-28_03,Washing Machine,2015-03-28 15:30:00,2015-03-28 16:39:00,2015-03-28 15:35:00,2015-03-28 16:44:00,SUCCESS,69.0,32849.92
Washing_Machine_2015-03-29_01,Washing Machine,2015-03-29 10:39:00,2015-03-29 11:43:00,2015-03-30 06:00:00,2015-03-30 07:04:00,SUCCESS,64.0,36931.88
Washing_Machine_2015-04-11_01,Washing Machine,2015-04-11 14:38:00,2015-04-11 14:48:00,2015-04-12 06:00:00,2015-04-12 06:10:00,SUCCESS,10.0,1919.6
Washing_Machine_2015-04-11_02,Washing Machine,2015-04-11 18:33:00,2015-04-11 20:36:00,2015-04-11 18:38:00,2015-04-11 20:41:00,SUCCESS,123.0,39705.98
Washing_Machine_2015-04-11_08,Washing Machine,2015-04-11 20:53:00,2015-04-11 20:58:00,2015-04-12 06:10:00,2015-04-12 06:15:00,SUCCESS,5.0,12.57
Washing_Machine_2015-04-11_14,Washing Machine,2015-04-11 21:18:00,2015-04-11 21:25:00,2015-04-12 06:15:00,2015-04-12 06:22:00,SUCCESS,7.0,110.11
Washing_Machine_2015-04-12_01,Washing Machine,2015-04-12 09:24:00,2015-04-12 10:58:00,2015-04-13 06:00:00,2015-04-13 07:34:00,SUCCESS,94.0,45827.19
Washing_Machine_2015-04-17_03,Washing Machine,2015-04-17 16:13:00,2015-04-17 17:05:00,2015-04-18 06:00:00,2015-04-18 06:52:00,SUCCESS,52.0,23188.56
Washing_Machine_2015-04-18_01,Washing Machine,2015-04-18 09:24:00,2015-04-18 10:16:00,2015-04-19 06:00:00,2015-04-19 06:52:00,SUCCESS,52.0,24743.0
Washing_Machine_2015-04-24_01,Washing Machine,2015-04-24 16:21:00,2015-04-24 17:15:00,2015-04-25 06:00:00,2015-04-25 06:54:00,SUCCESS,54.0,31684.09
Washing_Machine_2015-04-24_04,Washing Machine,2015-04-24 18:07:00,2015-04-24 19:00:00,2015-04-24 18:12:00,2015-04-24 19:05:00,SUCCESS,53.0,27465.74
Washing_Machine_2015-04-29_01,Washing Machine,2015-04-29 18:25:00,2015-04-29 19:18:00,2015-04-30 06:00:00,2015-04-30 06:53:00,SUCCESS,53.0,29130.51
Washing_Machine_2015-04-30_01,Washing Machine,2015-04-30 07:09:00,2015-04-30 08:05:00,2015-04-30 07:14:00,2015-04-30 08:10:00,SUCCESS,56.0,29136.83
Washing_Machine_2015-04-30_03,Washing Machine,2015-04-30 08:15:00,2015-04-30 09:07:00,2015-05-01 06:00:00,2015-05-01 06:52:00,SUCCESS,52.0,27557.77
Washing_Machine_2015-05-04_01,Washing Machine,2015-05-04 12:21:00,2015-05-04 13:27:00,2015-05-05 06:00:00,2015-05-05 07:06:00,SUCCESS,66.0,38081.28
Washing_Machine_2015-05-08_01,Washing Machine,2015-05-08 17:37:00,2015-05-08 18:30:00,2015-05-09 06:00:00,2015-05-09 06:53:00,SUCCESS,53.0,27400.62
Washing_Machine_2015-05-08_02,Washing Machine,2015-05-08 21:15:00,2015-05-08 22:09:00,2015-05-08 21:20:00,2015-05-08 22:14:00,SUCCESS,54.0,20661.9
Washing_Machine_2015-05-21_01,Washing Machine,2015-05-21 07:19:00,2015-05-21 08:13:00,2015-05-21 07:24:00,2015-05-21 08:18:00,SUCCESS,54.0,27518.6
Washing_Machine_2015-05-21_02,Washing Machine,2015-05-21 20:46:00,2015-05-21 21:37:00,2015-05-22 06:00:00,2015-05-22 06:51:00,SUCCESS,51.0,29143.78
Washing_Machine_2015-05-30_01,Washing Machine,2015-05-30 10:38:00,2015-05-30 11:31:00,2015-05-31 06:00:00,2015-05-31 06:53:00,SUCCESS,53.0,27722.03
Washing_Machine_2015-06-22_01,Washing Machine,2015-06-22 23:06:00,2015-06-22 23:58:00,2015-06-23 06:00:00,2015-06-23 06:52:00,SUCCESS,52.0,24579.64
Washing_Machine_2015-06-28_01,Washing Machine,2015-06-28 22:40:00,2015-06-28 23:46:00,2015-06-29 06:00:00,2015-06-29 07:06:00,SUCCESS,66.0,30218.63
Washing_Machine_2015-07-02_01,Washing Machine,2015-07-02 18:54:00,2015-07-02 20:02:00,2015-07-03 06:00:00,2015-07-03 07:08:00,SUCCESS,68.0,38191.62
Washing_Machine_2015-07-02_02,Washing Machine,2015-07-02 20:04:00,2015-07-02 20:35:00,2015-07-02 20:09:00,2015-07-02 20:40:00,SUCCESS,31.0,14437.91
Washing_Machine_2015-07-03_01,Washing Machine,2015-07-03 22:37:00,2015-07-03 23:30:00,2015-07-04 06:00:00,2015-07-04 06:53:00,SUCCESS,53.0,26312.91
Washing_Machine_2015-07-04_01,Washing Machine,2015-07-04 18:17:00,2015-07-04 19:09:00,2015-07-05 06:00:00,2015-07-05 06:52:00,SUCCESS,52.0,23466.65
Dishwasher_2014-01-11_01,Dishwasher,2014-01-11 08:17:00,2014-01-11 08:55:00,2014-01-12 06:00:00,2014-01-12 06:38:00,SUCCESS,38.0,53422.55
Dishwasher_2014-01-12_01,Dishwasher,2014-01-12 14:56:00,2014-01-12 15:53:00,2014-01-13 06:00:00,2014-01-13 06:57:00,SUCCESS,57.0,57057.12
Dishwasher_2014-01-12_02,Dishwasher,2014-01-12 18:34:00,2014-01-12 19:09:00,2014-01-12 18:39:00,2014-01-12 19:14:00,SUCCESS,35.0,45227.95
Dishwasher_2014-01-14_01,Dishwasher,2014-01-14 08:38:00,2014-01-14 09:16:00,2014-01-15 06:00:00,2014-01-15 06:38:00,SUCCESS,38.0,52966.39
Dishwasher_2014-01-14_03,Dishwasher,2014-01-14 19:01:00,2014-01-14 19:36:00,2014-01-15 06:38:00,2014-01-15 07:13:00,SUCCESS,35.0,50243.32
Dishwasher_2014-01-15_02,Dishwasher,2014-01-15 20:28:00,2014-01-15 21:04:00,2014-01-16 06:00:00,2014-01-16 06:36:00,SUCCESS,36.0,52688.67
Dishwasher_2014-01-16_01,Dishwasher,2014-01-16 18:57:00,2014-01-16 19:31:00,2014-01-17 06:00:00,2014-01-17 06:34:00,SUCCESS,34.0,41022.23
Dishwasher_2014-01-18_01,Dishwasher,2014-01-18 10:57:00,2014-01-18 11:37:00,2014-01-19 06:00:00,2014-01-19 06:40:00,SUCCESS,40.0,54649.41
Dishwasher_2014-01-19_01,Dishwasher,2014-01-19 19:00:00,2014-01-19 19:36:00,2014-01-20 06:00:00,2014-01-20 06:36:00,SUCCESS,36.0,49741.05
Dishwasher_2014-01-20_01,Dishwasher,2014-01-20 19:58:00,2014-01-20 20:43:00,2014-01-21 06:00:00,2014-01-21 06:45:00,SUCCESS,45.0,54474.1
Dishwasher_2014-01-21_01,Dishwasher,2014-01-21 20:26:00,2014-01-21 21:03:00,2014-01-22 06:00:00,2014-01-22 06:37:00,SUCCESS,37.0,54255.71
Dishwasher_2014-01-22_01,Dishwasher,2014-01-22 19:39:00,2014-01-22 20:17:00,2014-01-23 06:00:00,2014-01-23 06:38:00,SUCCESS,38.0,52181.39
Dishwasher_2014-01-23_01,Dishwasher,2014-01-23 20:00:00,2014-01-23 20:40:00,2014-01-24 06:00:00,2014-01-24 06:40:00,SUCCESS,40.0,50706.67
Dishwasher_2014-01-28_01,Dishwasher,2014-01-28 22:10:00,2014-01-29 01:50:00,2014-01-29 06:00:00,2014-01-29 09:40:00,SUCCESS,220.0,39673.62
Dishwasher_2014-01-30_01,Dishwasher,2014-01-30 06:19:00,2014-01-30 09:40:00,2014-01-30 06:24:00,2014-01-30 09:45:00,SUCCESS,201.0,5784.57
Dishwasher_2014-02-03_01,Dishwasher,2014-02-03 19:43:00,2014-02-03 20:16:00,2014-02-04 06:00:00,2014-02-04 06:33:00,SUCCESS,33.0,17628.83
Dishwasher_2014-02-04_01,Dishwasher,2014-02-04 19:28:00,2014-02-04 21:22:00,2014-02-05 06:00:00,2014-02-05 07:54:00,SUCCESS,114.0,12838.75
Dishwasher_2014-02-05_01,Dishwasher,2014-02-05 21:20:00,2014-02-05 21:36:00,2014-02-06 06:00:00,2014-02-06 06:16:00,SUCCESS,16.0,8599.67
Dishwasher_2014-02-05_02,Dishwasher,2014-02-05 21:37:00,2014-02-05 21:43:00,2014-02-06 06:16:00,2014-02-06 06:22:00,SUCCESS,6.0,40.83
Dishwasher_2014-02-12_01,Dishwasher,2014-02-12 22:08:00,2014-02-12 22:45:00,2014-02-13 06:00:00,2014-02-13 06:37:00,SUCCESS,37.0,13387.33
Dishwasher_2014-02-17_01,Dishwasher,2014-02-17 19:14:00,2014-02-17 22:15:00,2014-02-18 06:00:00,2014-02-18 09:01:00,SUCCESS,181.0,19900.58
Dishwasher_2014-02-20_01,Dishwasher,2014-02-20 20:01:00,2014-02-20 20:36:00,2014-02-21 06:00:00,2014-02-21 06:35:00,SUCCESS,35.0,50176.92
Dishwasher_2014-02-26_01,Dishwasher,2014-02-26 20:02:00,2014-02-26 20:27:00,2014-02-27 06:00:00,2014-02-27 06:25:00,SUCCESS,25.0,31933.16
Dishwasher_2014-02-27_01,Dishwasher,2014-02-27 19:53:00,2014-02-27 20:38:00,2014-02-28 06:00:00,2014-02-28 06:45:00,SUCCESS,45.0,51876.29
Dishwasher_2014-02-28_01,Dishwasher,2014-02-28 19:59:00,2014-02-28 20:35:00,2014-03-01 06:00:00,2014-03-01 06:36:00,SUCCESS,36.0,52907.31
Dishwasher_2014-03-02_01,Dishwasher,2014-03-02 14:57:00,2014-03-02 15:34:00,2014-03-03 06:00:00,2014-03-03 06:37:00,SUCCESS,37.0,54092.82
Dishwasher_2014-03-03_01,Dishwasher,2014-03-03 21:39:00,2014-03-03 22:14:00,2014-03-04 06:00:00,2014-03-04 06:35:00,SUCCESS,35.0,50357.86
Dishwasher_2014-03-04_02,Dishwasher,2014-03-04 19:45:00,2014-03-04 20:21:00,2014-03-05 06:00:00,2014-03-05 06:36:00,SUCCESS,36.0,48753.32
Dishwasher_2014-03-05_02,Dishwasher,2014-03-05 20:12:00,2014-03-05 20:48:00,2014-03-06 06:00:00,2014-03-06 06:36:00,SUCCESS,36.0,51769.91
Dishwasher_2014-03-06_01,Dishwasher,2014-03-06 20:13:00,2014-03-06 20:50:00,2014-03-07 06:00:00,2014-03-07 06:37:00,SUCCESS,37.0,51987.77
Dishwasher_2014-03-07_01,Dishwasher,2014-03-07 19:26:00,2014-03-07 20:01:00,2014-03-08 06:00:00,2014-03-08 06:35:00,SUCCESS,35.0,48304.04
Dishwasher_2014-03-08_01,Dishwasher,2014-03-08 18:46:00,2014-03-08 19:32:00,2014-03-09 06:00:00,2014-03-09 06:46:00,SUCCESS,46.0,51705.93
Dishwasher_2014-03-09_01,Dishwasher,2014-03-09 14:56:00,2014-03-09 15:31:00,2014-03-10 06:00:00,2014-03-10 06:35:00,SUCCESS,35.0,47918.65
Dishwasher_2014-03-10_01,Dishwasher,2014-03-10 19:19:00,2014-03-10 19:54:00,2014-03-11 06:00:00,2014-03-11 06:35:00,SUCCESS,35.0,48679.72
Dishwasher_2014-03-11_01,Dishwasher,2014-03-11 19:31:00,2014-03-11 20:07:00,2014-03-12 06:00:00,2014-03-12 06:36:00,SUCCESS,36.0,49060.88
Dishwasher_2014-03-12_01,Dishwasher,2014-03-12 19:59:00,2014-03-12 20:36:00,2014-03-13 06:00:00,2014-03-13 06:37:00,SUCCESS,37.0,51456.73
Dishwasher_2014-03-14_01,Dishwasher,2014-03-14 12:37:00,2014-03-14 13:14:00,2014-03-15 06:00:00,2014-03-15 06:37:00,SUCCESS,37.0,51612.59
Dishwasher_2014-03-14_03,Dishwasher,2014-03-14 17:36:00,2014-03-14 18:08:00,2014-03-15 06:37:00,2014-03-15 07:09:00,SUCCESS,32.0,40792.56
Dishwasher_2014-03-16_01,Dishwasher,2014-03-16 13:37:00,2014-03-16 14:12:00,2014-03-17 06:00:00,2014-03-17 06:35:00,SUCCESS,35.0,47685.56
Dishwasher_2014-03-16_03,Dishwasher,2014-03-16 20:00:00,2014-03-16 20:41:00,2014-03-17 06:35:00,2014-03-17 07:16:00,SUCCESS,41.0,44099.43
Dishwasher_2014-03-18_01,Dishwasher,2014-03-18 18:57:00,2014-03-18 19:32:00,2014-03-19 06:00:00,2014-03-19 06:35:00,SUCCESS,35.0,48784.41
Dishwasher_2014-03-19_01,Dishwasher,2014-03-19 19:19:00,2014-03-19 20:00:00,2014-03-20 06:00:00,2014-03-20 06:41:00,SUCCESS,41.0,49567.7
Dishwasher_2014-03-21_01,Dishwasher,2014-03-21 13:53:00,2014-03-21 14:29:00,2014-03-22 06:00:00,2014-03-22 06:36:00,SUCCESS,36.0,50144.43
Dishwasher_2014-03-21_02,Dishwasher,2014-03-21 14:30:00,2014-03-21 14:40:00,2014-03-22 06:36:00,2014-03-22 06:46:00,SUCCESS,10.0,393.82
Dishwasher_2014-03-21_03,Dishwasher,2014-03-21 18:59:00,2014-03-21 19:32:00,2014-03-22 06:46:00,2014-03-22 07:19:00,SUCCESS,33.0,43154.11
Dishwasher_2014-03-23_01,Dishwasher,2014-03-23 17:26:00,2014-03-23 18:02:00,2014-03-24 06:00:00,2014-03-24 06:36:00,SUCCESS,36.0,49807.68
Dishwasher_2014-03-23_03,Dishwasher,2014-03-23 18:14:00,2014-03-23 18:44:00,2014-03-24 06:36:00,2014-03-24 07:06:00,SUCCESS,30.0,38889.97
Dishwasher_2014-03-24_01,Dishwasher,2014-03-24 18:43:00,2014-03-24 19:29:00,2014-03-25 06:00:00,2014-03-25 06:46:00,SUCCESS,46.0,50824.67
Dishwasher_2014-03-26_01,Dishwasher,2014-03-26 19:13:00,2014-03-26 19:49:00,2014-03-27 06:00:00,2014-03-27 06:36:00,SUCCESS,36.0,50875.53
Dishwasher_2014-03-27_01,Dishwasher,2014-03-27 21:42:00,2014-03-27 22:19:00,2014-03-28 06:00:00,2014-03-28 06:37:00,SUCCESS,37.0,50679.33
Dishwasher_2014-03-29_01,Dishwasher,2014-03-29 19:13:00,2014-03-29 19:48:00,2014-03-30 06:00:00,2014-03-30 06:35:00,SUCCESS,35.0,49454.75
Dishwasher_2014-03-30_01,Dishwasher,2014-03-30 13:13:00,2014-03-30 13:48:00,2014-03-31 06:00:00,2014-03-31 06:35:00,SUCCESS,35.0,48255.0
Dishwasher_2014-03-31_01,Dishwasher,2014-03-31 16:52:00,2014-03-31 17:28:00,2014-04-01 06:00:00,2014-04-01 06:36:00,SUCCESS,36.0,49863.74
Dishwasher_2014-04-02_01,Dishwasher,2014-04-02 18:51:00,2014-04-02 19:25:00,2014-04-03 06:00:00,2014-04-03 06:34:00,SUCCESS,34.0,47702.65
Dishwasher_2014-04-03_01,Dishwasher,2014-04-03 19:33:00,2014-04-03 20:11:00,2014-04-04 06:00:00,2014-04-04 06:38:00,SUCCESS,38.0,51326.77
Dishwasher_2014-04-05_01,Dishwasher,2014-04-05 08:47:00,2014-04-05 09:33:00,2014-04-06 06:00:00,2014-04-06 06:46:00,SUCCESS,46.0,55813.1
Dishwasher_2014-04-06_01,Dishwasher,2014-04-06 08:42:00,2014-04-06 09:18:00,2014-04-07 06:00:00,2014-04-07 06:36:00,SUCCESS,36.0,49448.07
Dishwasher_2014-04-06_03,Dishwasher,2014-04-06 18:15:00,2014-04-06 18:49:00,2014-04-07 06:36:00,2014-04-07 07:10:00,SUCCESS,34.0,47049.96
Dishwasher_2014-04-08_01,Dishwasher,2014-04-08 16:48:00,2014-04-08 17:24:00,2014-04-09 06:00:00,2014-04-09 06:36:00,SUCCESS,36.0,50454.72
Dishwasher_2014-04-09_01,Dishwasher,2014-04-09 20:53:00,2014-04-09 21:28:00,2014-04-10 06:00:00,2014-04-10 06:35:00,SUCCESS,35.0,40916.67
Dishwasher_2014-04-09_02,Dishwasher,2014-04-09 21:30:00,2014-04-09 21:35:00,2014-04-10 06:35:00,2014-04-10 06:40:00,SUCCESS,5.0,136.2
Dishwasher_2014-04-10_01,Dishwasher,2014-04-10 18:12:00,2014-04-10 18:48:00,2014-04-11 06:00:00,2014-04-11 06:36:00,SUCCESS,36.0,50027.28
Dishwasher_2014-04-12_01,Dishwasher,2014-04-12 16:38:00,2014-04-12 17:19:00,2014-04-13 06:00:00,2014-04-13 06:41:00,SUCCESS,41.0,41363.14
Dishwasher_2014-04-13_01,Dishwasher,2014-04-13 18:42:00,2014-04-13 19:17:00,2014-04-14 06:00:00,2014-04-14 06:35:00,SUCCESS,35.0,49083.12
Dishwasher_2014-04-14_01,Dishwasher,2014-04-14 18:52:00,2014-04-14 19:35:00,2014-04-15 06:00:00,2014-04-15 06:43:00,SUCCESS,43.0,49103.37
Dishwasher_2014-04-15_01,Dishwasher,2014-04-15 18:05:00,2014-04-15 18:39:00,2014-04-16 06:00:00,2014-04-16 06:34:00,SUCCESS,34.0,46728.5
Dishwasher_2014-04-16_01,Dishwasher,2014-04-16 18:42:00,2014-04-16 19:16:00,2014-04-17 06:00:00,2014-04-17 06:34:00,SUCCESS,34.0,46361.68
Dishwasher_2014-04-18_01,Dishwasher,2014-04-18 20:06:00,2014-04-18 20:42:00,2014-04-19 06:00:00,2014-04-19 06:36:00,SUCCESS,36.0,51273.73
Dishwasher_2014-04-19_02,Dishwasher,2014-04-19 17:59:00,2014-04-19 18:35:00,2014-04-20 06:00:00,2014-04-20 06:36:00,SUCCESS,36.0,50498.13
Dishwasher_2014-04-20_01,Dishwasher,2014-04-20 21:06:00,2014-04-20 21:41:00,2014-04-21 06:00:00,2014-04-21 06:35:00,SUCCESS,35.0,48881.78
Dishwasher_2014-04-21_01,Dishwasher,2014-04-21 15:30:00,2014-04-21 16:07:00,2014-04-22 06:00:00,2014-04-22 06:37:00,SUCCESS,37.0,48191.06
Dishwasher_2014-04-22_01,Dishwasher,2014-04-22 18:18:00,2014-04-22 18:53:00,2014-04-23 06:00:00,2014-04-23 06:35:00,SUCCESS,35.0,50134.08
Dishwasher_2014-04-23_01,Dishwasher,2014-04-23 17:52:00,2014-04-23 18:35:00,2014-04-24 06:00:00,2014-04-24 06:43:00,SUCCESS,43.0,49949.54
Dishwasher_2014-04-24_01,Dishwasher,2014-04-24 18:53:00,2014-04-24 19:28:00,2014-04-25 06:00:00,2014-04-25 06:35:00,SUCCESS,35.0,47527.78
Dishwasher_2014-04-25_01,Dishwasher,2014-04-25 19:10:00,2014-04-25 19:46:00,2014-04-26 06:00:00,2014-04-26 06:36:00,SUCCESS,36.0,49518.64
Dishwasher_2014-04-27_01,Dishwasher,2014-04-27 15:09:00,2014-04-27 15:45:00,2014-04-28 06:00:00,2014-04-28 06:36:00,SUCCESS,36.0,49229.31
Dishwasher_2014-04-28_01,Dishwasher,2014-04-28 18:51:00,2014-04-28 19:27:00,2014-04-29 06:00:00,2014-04-29 06:36:00,SUCCESS,36.0,48574.84
Dishwasher_2014-04-29_01,Dishwasher,2014-04-29 18:31:00,2014-04-29 19:05:00,2014-04-30 06:00:00,2014-04-30 06:34:00,SUCCESS,34.0,48076.12
Dishwasher_2014-04-30_01,Dishwasher,2014-04-30 18:04:00,2014-04-30 18:38:00,2014-05-01 06:00:00,2014-05-01 06:34:00,SUCCESS,34.0,46945.19
Dishwasher_2014-05-02_01,Dishwasher,2014-05-02 17:41:00,2014-05-02 18:18:00,2014-05-03 06:00:00,2014-05-03 06:37:00,SUCCESS,37.0,49337.58
Dishwasher_2014-05-03_01,Dishwasher,2014-05-03 19:15:00,2014-05-03 19:58:00,2014-05-04 06:00:00,2014-05-04 06:43:00,SUCCESS,43.0,48597.87
Dishwasher_2014-05-05_01,Dishwasher,2014-05-05 15:14:00,2014-05-05 15:49:00,2014-05-06 06:00:00,2014-05-06 06:35:00,SUCCESS,35.0,47007.45
Dishwasher_2014-05-06_01,Dishwasher,2014-05-06 18:04:00,2014-05-06 18:43:00,2014-05-07 06:00:00,2014-05-07 06:39:00,SUCCESS,39.0,47984.88
Dishwasher_2014-05-07_01,Dishwasher,2014-05-07 18:46:00,2014-05-07 19:20:00,2014-05-08 06:00:00,2014-05-08 06:34:00,SUCCESS,34.0,47279.67
Dishwasher_2014-05-08_01,Dishwasher,2014-05-08 19:38:00,2014-05-08 20:13:00,2014-05-09 06:00:00,2014-05-09 06:35:00,SUCCESS,35.0,47282.29
Dishwasher_2014-05-10_01,Dishwasher,2014-05-10 18:55:00,2014-05-10 19:30:00,2014-05-11 06:00:00,2014-05-11 06:35:00,SUCCESS,35.0,47434.66
Dishwasher_2014-05-11_01,Dishwasher,2014-05-11 18:05:00,2014-05-11 18:40:00,2014-05-12 06:00:00,2014-05-12 06:35:00,SUCCESS,35.0,47651.27
Dishwasher_2014-05-12_02,Dishwasher,2014-05-12 19:30:00,2014-05-12 20:05:00,2014-05-13 06:00:00,2014-05-13 06:35:00,SUCCESS,35.0,48924.53
Dishwasher_2014-05-13_01,Dishwasher,2014-05-13 18:28:00,2014-05-13 19:11:00,2014-05-14 06:00:00,2014-05-14 06:43:00,SUCCESS,43.0,46630.94
Dishwasher_2014-05-14_01,Dishwasher,2014-05-14 19:21:00,2014-05-14 19:55:00,2014-05-15 06:00:00,2014-05-15 06:34:00,SUCCESS,34.0,46256.97
Dishwasher_2014-05-15_01,Dishwasher,2014-05-15 19:49:00,2014-05-15 20:22:00,2014-05-16 06:00:00,2014-05-16 06:33:00,SUCCESS,33.0,46022.79
Dishwasher_2014-05-16_01,Dishwasher,2014-05-16 19:25:00,2014-05-16 19:58:00,2014-05-17 06:00:00,2014-05-17 06:33:00,SUCCESS,33.0,28366.0
Dishwasher_2014-05-17_01,Dishwasher,2014-05-17 19:33:00,2014-05-17 20:06:00,2014-05-18 06:00:00,2014-05-18 06:33:00,SUCCESS,33.0,42385.77
Dishwasher_2014-05-18_01,Dishwasher,2014-05-18 14:26:00,2014-05-18 14:59:00,2014-05-19 06:00:00,2014-05-19 06:33:00,SUCCESS,33.0,43012.7
Dishwasher_2014-05-18_03,Dishwasher,2014-05-18 16:31:00,2014-05-18 17:01:00,2014-05-19 06:33:00,2014-05-19 07:03:00,SUCCESS,30.0,36402.57
Dishwasher_2014-05-19_01,Dishwasher,2014-05-19 21:00:00,2014-05-19 21:33:00,2014-05-20 06:00:00,2014-05-20 06:33:00,SUCCESS,33.0,42782.15
Dishwasher_2014-05-21_01,Dishwasher,2014-05-21 20:03:00,2014-05-21 20:45:00,2014-05-22 06:00:00,2014-05-22 06:42:00,SUCCESS,42.0,45832.54
Dishwasher_2014-05-22_01,Dishwasher,2014-05-22 19:33:00,2014-05-22 20:06:00,2014-05-23 06:00:00,2014-05-23 06:33:00,SUCCESS,33.0,45962.26
Dishwasher_2014-05-23_01,Dishwasher,2014-05-23 19:07:00,2014-05-23 19:41:00,2014-05-24 06:00:00,2014-05-24 06:34:00,SUCCESS,34.0,46767.61
Dishwasher_2014-05-24_01,Dishwasher,2014-05-24 07:28:00,2014-05-24 08:01:00,2014-05-25 06:00:00,2014-05-25 06:33:00,SUCCESS,33.0,43736.82
Dishwasher_2014-05-25_01,Dishwasher,2014-05-25 10:03:00,2014-05-25 10:38:00,2014-05-26 06:00:00,2014-05-26 06:35:00,SUCCESS,35.0,48004.19
Dishwasher_2014-05-26_01,Dishwasher,2014-05-26 11:35:00,2014-05-26 12:10:00,2014-05-27 06:00:00,2014-05-27 06:35:00,SUCCESS,35.0,47005.93
Dishwasher_2014-05-27_03,Dishwasher,2014-05-27 18:45:00,2014-05-27 19:29:00,2014-05-28 06:00:00,2014-05-28 06:44:00,SUCCESS,44.0,47514.29
Dishwasher_2014-05-28_01,Dishwasher,2014-05-28 18:16:00,2014-05-28 19:00:00,2014-05-29 06:00:00,2014-05-29 06:44:00,SUCCESS,44.0,48719.7
Dishwasher_2014-05-29_01,Dishwasher,2014-05-29 18:07:00,2014-05-29 18:42:00,2014-05-30 06:00:00,2014-05-30 06:35:00,SUCCESS,35.0,49093.8
Dishwasher_2014-05-31_01,Dishwasher,2014-05-31 08:58:00,2014-05-31 09:34:00,2014-06-01 06:00:00,2014-06-01 06:36:00,SUCCESS,36.0,49126.81
Dishwasher_2014-06-01_01,Dishwasher,2014-06-01 14:56:00,2014-06-01 15:31:00,2014-06-02 06:00:00,2014-06-02 06:35:00,SUCCESS,35.0,47789.88
Dishwasher_2014-06-01_03,Dishwasher,2014-06-01 16:45:00,2014-06-01 17:15:00,2014-06-02 06:35:00,2014-06-02 07:05:00,SUCCESS,30.0,22950.85
Dishwasher_2014-06-03_03,Dishwasher,2014-06-03 19:08:00,2014-06-03 19:41:00,2014-06-04 06:00:00,2014-06-04 06:33:00,SUCCESS,33.0,42346.45
Dishwasher_2014-06-04_01,Dishwasher,2014-06-04 19:06:00,2014-06-04 19:39:00,2014-06-05 06:00:00,2014-06-05 06:33:00,SUCCESS,33.0,45015.2
Dishwasher_2014-06-05_01,Dishwasher,2014-06-05 17:49:00,2014-06-05 18:32:00,2014-06-06 06:00:00,2014-06-06 06:43:00,SUCCESS,43.0,46688.71
Dishwasher_2014-06-06_01,Dishwasher,2014-06-06 14:23:00,2014-06-06 15:45:00,2014-06-07 06:00:00,2014-06-07 07:22:00,SUCCESS,82.0,77487.07
Dishwasher_2014-06-08_01,Dishwasher,2014-06-08 07:08:00,2014-06-08 07:41:00,2014-06-08 07:13:00,2014-06-08 07:46:00,SUCCESS,33.0,33326.79
Dishwasher_2014-06-09_01,Dishwasher,2014-06-09 17:02:00,2014-06-09 17:36:00,2014-06-10 06:00:00,2014-06-10 06:34:00,SUCCESS,34.0,43681.32
Dishwasher_2014-06-10_01,Dishwasher,2014-06-10 18:04:00,2014-06-10 18:37:00,2014-06-11 06:00:00,2014-06-11 06:33:00,SUCCESS,33.0,44392.39
Dishwasher_2014-06-13_03,Dishwasher,2014-06-13 20:21:00,2014-06-13 20:53:00,2014-06-14 06:00:00,2014-06-14 06:32:00,SUCCESS,32.0,42848.46
Dishwasher_2014-06-14_01,Dishwasher,2014-06-14 18:13:00,2014-06-14 18:53:00,2014-06-15 06:00:00,2014-06-15 06:40:00,SUCCESS,40.0,42992.23
Dishwasher_2014-06-16_01,Dishwasher,2014-06-16 10:07:00,2014-06-16 10:41:00,2014-06-17 06:00:00,2014-06-17 06:34:00,SUCCESS,34.0,707.89
Dishwasher_2014-06-17_01,Dishwasher,2014-06-17 18:07:00,2014-06-17 18:39:00,2014-06-18 06:00:00,2014-06-18 06:32:00,SUCCESS,32.0,44307.55
Dishwasher_2014-06-19_01,Dishwasher,2014-06-19 18:39:00,2014-06-19 19:17:00,2014-06-20 06:00:00,2014-06-20 06:38:00,SUCCESS,38.0,46144.64
Dishwasher_2014-06-22_02,Dishwasher,2014-06-22 20:32:00,2014-06-22 21:05:00,2014-06-23 06:00:00,2014-06-23 06:33:00,SUCCESS,33.0,43812.37
Dishwasher_2014-06-23_01,Dishwasher,2014-06-23 19:48:00,2014-06-23 20:19:00,2014-06-24 06:00:00,2014-06-24 06:31:00,SUCCESS,31.0,41034.81
Dishwasher_2014-06-24_01,Dishwasher,2014-06-24 18:10:00,2014-06-24 18:41:00,2014-06-25 06:00:00,2014-06-25 06:31:00,SUCCESS,31.0,38669.9
Dishwasher_2014-06-28_01,Dishwasher,2014-06-28 08:44:00,2014-06-28 09:28:00,2014-06-29 06:00:00,2014-06-29 06:44:00,SUCCESS,44.0,47724.83
Dishwasher_2014-06-29_01,Dishwasher,2014-06-29 08:52:00,2014-06-29 09:25:00,2014-06-30 06:00:00,2014-06-30 06:33:00,SUCCESS,33.0,45607.84
Dishwasher_2014-06-29_03,Dishwasher,2014-06-29 16:38:00,2014-06-29 17:10:00,2014-06-30 06:33:00,2014-06-30 07:05:00,SUCCESS,32.0,41665.34
Dishwasher_2014-06-30_01,Dishwasher,2014-06-30 18:06:00,2014-06-30 18:39:00,2014-07-01 06:00:00,2014-07-01 06:33:00,SUCCESS,33.0,44384.33
Dishwasher_2014-07-02_01,Dishwasher,2014-07-02 18:23:00,2014-07-02 18:56:00,2014-07-03 06:00:00,2014-07-03 06:33:00,SUCCESS,33.0,44156.22
Dishwasher_2014-07-03_01,Dishwasher,2014-07-03 18:35:00,2014-07-03 19:07:00,2014-07-04 06:00:00,2014-07-04 06:32:00,SUCCESS,32.0,43515.87
Dishwasher_2014-07-05_01,Dishwasher,2014-07-05 16:43:00,2014-07-05 17:16:00,2014-07-06 06:00:00,2014-07-06 06:33:00,SUCCESS,33.0,43647.2
Dishwasher_2014-07-07_01,Dishwasher,2014-07-07 17:49:00,2014-07-07 18:22:00,2014-07-08 06:00:00,2014-07-08 06:33:00,SUCCESS,33.0,42531.14
Dishwasher_2014-07-08_01,Dishwasher,2014-07-08 20:42:00,2014-07-08 21:23:00,2014-07-09 06:00:00,2014-07-09 06:41:00,SUCCESS,41.0,43844.9
Dishwasher_2014-07-11_03,Dishwasher,2014-07-11 18:19:00,2014-07-11 18:50:00,2014-07-12 06:00:00,2014-07-12 06:31:00,SUCCESS,31.0,39622.64
Dishwasher_2014-07-12_01,Dishwasher,2014-07-12 20:07:00,2014-07-12 20:39:00,2014-07-13 06:00:00,2014-07-13 06:32:00,SUCCESS,32.0,40328.42
Dishwasher_2014-07-13_01,Dishwasher,2014-07-13 16:41:00,2014-07-13 17:13:00,2014-07-14 06:00:00,2014-07-14 06:32:00,SUCCESS,32.0,38878.55
Dishwasher_2014-08-09_01,Dishwasher,2014-08-09 12:18:00,2014-08-09 12:59:00,2014-08-10 06:00:00,2014-08-10 06:41:00,SUCCESS,41.0,42839.39
Dishwasher_2014-08-09_04,Dishwasher,2014-08-09 20:07:00,2014-08-09 20:37:00,2014-08-10 06:41:00,2014-08-10 07:11:00,SUCCESS,30.0,38012.12
Dishwasher_2014-08-11_01,Dishwasher,2014-08-11 14:37:00,2014-08-11 15:10:00,2014-08-12 06:00:00,2014-08-12 06:33:00,SUCCESS,33.0,45770.92
Dishwasher_2014-08-12_02,Dishwasher,2014-08-12 11:38:00,2014-08-12 12:10:00,2014-08-13 06:00:00,2014-08-13 06:32:00,SUCCESS,32.0,41709.22
Dishwasher_2014-08-12_04,Dishwasher,2014-08-12 20:33:00,2014-08-12 21:04:00,2014-08-13 06:32:00,2014-08-13 07:03:00,SUCCESS,31.0,35381.48
Dishwasher_2014-08-15_01,Dishwasher,2014-08-15 07:04:00,2014-08-15 07:37:00,2014-08-15 07:09:00,2014-08-15 07:42:00,SUCCESS,33.0,43975.2
Dishwasher_2014-08-16_01,Dishwasher,2014-08-16 12:09:00,2014-08-16 12:43:00,2014-08-17 06:00:00,2014-08-17 06:34:00,SUCCESS,34.0,44747.58
Dishwasher_2014-08-17_01,Dishwasher,2014-08-17 18:03:00,2014-08-17 18:46:00,2014-08-18 06:00:00,2014-08-18 06:43:00,SUCCESS,43.0,46099.36
Dishwasher_2014-08-19_01,Dishwasher,2014-08-19 18:23:00,2014-08-19 19:01:00,2014-08-20 06:00:00,2014-08-20 06:38:00,SUCCESS,38.0,46817.32
Dishwasher_2014-08-20_01,Dishwasher,2014-08-20 19:07:00,2014-08-20 19:40:00,2014-08-21 06:00:00,2014-08-21 06:33:00,SUCCESS,33.0,43074.38
Dishwasher_2014-08-22_01,Dishwasher,2014-08-22 19:27:00,2014-08-22 20:01:00,2014-08-23 06:00:00,2014-08-23 06:34:00,SUCCESS,34.0,47632.1
Dishwasher_2014-08-23_01,Dishwasher,2014-08-23 19:45:00,2014-08-23 20:18:00,2014-08-24 06:00:00,2014-08-24 06:33:00,SUCCESS,33.0,45132.51
Dishwasher_2014-08-25_01,Dishwasher,2014-08-25 12:25:00,2014-08-25 13:05:00,2014-08-26 06:00:00,2014-08-26 06:40:00,SUCCESS,40.0,49613.34
Dishwasher_2014-08-25_03,Dishwasher,2014-08-25 23:10:00,2014-08-25 23:43:00,2014-08-26 06:40:00,2014-08-26 07:13:00,SUCCESS,33.0,43557.48
Dishwasher_2014-08-27_01,Dishwasher,2014-08-27 18:40:00,2014-08-27 19:14:00,2014-08-28 06:00:00,2014-08-28 06:34:00,SUCCESS,34.0,48366.95
Dishwasher_2014-08-29_01,Dishwasher,2014-08-29 17:08:00,2014-08-29 17:51:00,2014-08-30 06:00:00,2014-08-30 06:43:00,SUCCESS,43.0,48293.31
Dishwasher_2014-09-02_01,Dishwasher,2014-09-02 19:29:00,2014-09-02 20:01:00,2014-09-03 06:00:00,2014-09-03 06:32:00,SUCCESS,32.0,44827.71
Dishwasher_2014-09-03_01,Dishwasher,2014-09-03 20:43:00,2014-09-03 21:15:00,2014-09-04 06:00:00,2014-09-04 06:32:00,SUCCESS,32.0,43180.96
Dishwasher_2014-09-04_01,Dishwasher,2014-09-04 21:24:00,2014-09-04 21:57:00,2014-09-05 06:00:00,2014-09-05 06:33:00,SUCCESS,33.0,44318.52
Dishwasher_2014-09-05_01,Dishwasher,2014-09-05 19:23:00,2014-09-05 19:55:00,2014-09-06 06:00:00,2014-09-06 06:32:00,SUCCESS,32.0,43237.91
Dishwasher_2014-09-06_01,Dishwasher,2014-09-06 20:34:00,2014-09-06 21:06:00,2014-09-07 06:00:00,2014-09-07 06:32:00,SUCCESS,32.0,44672.15
Dishwasher_2014-09-07_01,Dishwasher,2014-09-07 18:06:00,2014-09-07 18:39:00,2014-09-08 06:00:00,2014-09-08 06:33:00,SUCCESS,33.0,43678.85
Dishwasher_2014-09-08_01,Dishwasher,2014-09-08 18:41:00,2014-09-08 19:22:00,2014-09-09 06:00:00,2014-09-09 06:41:00,SUCCESS,41.0,43979.15
Dishwasher_2014-09-09_01,Dishwasher,2014-09-09 19:13:00,2014-09-09 19:45:00,2014-09-10 06:00:00,2014-09-10 06:32:00,SUCCESS,32.0,42949.54
Dishwasher_2014-09-10_01,Dishwasher,2014-09-10 19:55:00,2014-09-10 20:28:00,2014-09-11 06:00:00,2014-09-11 06:33:00,SUCCESS,33.0,41908.64
Dishwasher_2014-09-11_01,Dishwasher,2014-09-11 19:19:00,2014-09-11 19:52:00,2014-09-12 06:00:00,2014-09-12 06:33:00,SUCCESS,33.0,42580.28
Dishwasher_2014-09-13_01,Dishwasher,2014-09-13 20:05:00,2014-09-13 20:43:00,2014-09-14 06:00:00,2014-09-14 06:38:00,SUCCESS,38.0,47105.05
Dishwasher_2014-09-15_01,Dishwasher,2014-09-15 20:09:00,2014-09-15 20:42:00,2014-09-16 06:00:00,2014-09-16 06:33:00,SUCCESS,33.0,46858.98
Dishwasher_2014-09-17_01,Dishwasher,2014-09-17 16:53:00,2014-09-17 17:27:00,2014-09-18 06:00:00,2014-09-18 06:34:00,SUCCESS,34.0,46288.39
Dishwasher_2014-09-17_03,Dishwasher,2014-09-17 18:48:00,2014-09-17 19:17:00,2014-09-18 06:34:00,2014-09-18 07:03:00,SUCCESS,29.0,35858.21
Dishwasher_2014-09-19_03,Dishwasher,2014-09-19 19:42:00,2014-09-19 20:14:00,2014-09-20 06:00:00,2014-09-20 06:32:00,SUCCESS,32.0,43433.88
Dishwasher_2014-09-21_01,Dishwasher,2014-09-21 12:01:00,2014-09-21 12:35:00,2014-09-22 06:00:00,2014-09-22 06:34:00,SUCCESS,34.0,46237.14
Dishwasher_2014-09-21_03,Dishwasher,2014-09-21 19:15:00,2014-09-21 19:46:00,2014-09-22 06:34:00,2014-09-22 07:05:00,SUCCESS,31.0,39754.86
Dishwasher_2014-09-22_01,Dishwasher,2014-09-22 18:28:00,2014-09-22 19:02:00,2014-09-23 06:00:00,2014-09-23 06:34:00,SUCCESS,34.0,44944.16
Dishwasher_2014-09-24_01,Dishwasher,2014-09-24 17:27:00,2014-09-24 18:01:00,2014-09-25 06:00:00,2014-09-25 06:34:00,SUCCESS,34.0,46599.96
Dishwasher_2014-09-24_03,Dishwasher,2014-09-24 19:19:00,2014-09-24 19:48:00,2014-09-25 06:34:00,2014-09-25 07:03:00,SUCCESS,29.0,36459.93
Dishwasher_2014-09-25_01,Dishwasher,2014-09-25 22:19:00,2014-09-25 22:52:00,2014-09-26 06:00:00,2014-09-26 06:33:00,SUCCESS,33.0,45826.96
Dishwasher_2014-09-26_02,Dishwasher,2014-09-26 23:55:00,2014-09-27 00:37:00,2014-09-27 06:00:00,2014-09-27 06:42:00,SUCCESS,42.0,47359.75
Dishwasher_2014-09-28_01,Dishwasher,2014-09-28 10:05:00,2014-09-28 10:42:00,2014-09-29 06:00:00,2014-09-29 06:37:00,SUCCESS,37.0,46102.52
Dishwasher_2014-09-28_03,Dishwasher,2014-09-28 18:21:00,2014-09-28 18:52:00,2014-09-29 06:37:00,2014-09-29 07:08:00,SUCCESS,31.0,42157.78
Dishwasher_2014-09-29_01,Dishwasher,2014-09-29 22:06:00,2014-09-29 22:38:00,2014-09-30 06:00:00,2014-09-30 06:32:00,SUCCESS,32.0,43076.07
Dishwasher_2014-10-01_01,Dishwasher,2014-10-01 19:14:00,2014-10-01 19:47:00,2014-10-02 06:00:00,2014-10-02 06:33:00,SUCCESS,33.0,43289.32
Dishwasher_2014-10-04_01,Dishwasher,2014-10-04 10:03:00,2014-10-04 10:37:00,2014-10-05 06:00:00,2014-10-05 06:34:00,SUCCESS,34.0,45146.12
Dishwasher_2014-10-04_03,Dishwasher,2014-10-04 20:51:00,2014-10-04 21:24:00,2014-10-05 06:34:00,2014-10-05 07:07:00,SUCCESS,33.0,43679.0
Dishwasher_2014-10-06_03,Dishwasher,2014-10-06 18:39:00,2014-10-06 19:13:00,2014-10-07 06:00:00,2014-10-07 06:34:00,SUCCESS,34.0,45049.2
Dishwasher_2014-10-08_01,Dishwasher,2014-10-08 07:57:00,2014-10-08 08:33:00,2014-10-09 06:00:00,2014-10-09 06:36:00,SUCCESS,36.0,49987.04
Dishwasher_2014-10-08_03,Dishwasher,2014-10-08 18:55:00,2014-10-08 19:29:00,2014-10-09 06:36:00,2014-10-09 07:10:00,SUCCESS,34.0,45545.16
Dishwasher_2014-10-10_01,Dishwasher,2014-10-10 08:04:00,2014-10-10 08:39:00,2014-10-11 06:00:00,2014-10-11 06:35:00,SUCCESS,35.0,49598.5
Dishwasher_2014-10-12_01,Dishwasher,2014-10-12 15:22:00,2014-10-12 15:58:00,2014-10-13 06:00:00,2014-10-13 06:36:00,SUCCESS,36.0,50227.1
Dishwasher_2014-10-13_01,Dishwasher,2014-10-13 20:07:00,2014-10-13 20:41:00,2014-10-14 06:00:00,2014-10-14 06:34:00,SUCCESS,34.0,48291.93
Dishwasher_2014-10-14_01,Dishwasher,2014-10-14 18:47:00,2014-10-14 19:22:00,2014-10-15 06:00:00,2014-10-15 06:35:00,SUCCESS,35.0,46499.79
Dishwasher_2014-10-15_02,Dishwasher,2014-10-15 18:52:00,2014-10-15 19:35:00,2014-10-16 06:00:00,2014-10-16 06:43:00,SUCCESS,43.0,48130.51
Dishwasher_2014-10-17_02,Dishwasher,2014-10-17 08:09:00,2014-10-17 08:44:00,2014-10-18 06:00:00,2014-10-18 06:35:00,SUCCESS,35.0,47188.66
Dishwasher_2014-10-19_03,Dishwasher,2014-10-19 19:27:00,2014-10-19 20:00:00,2014-10-20 06:00:00,2014-10-20 06:33:00,SUCCESS,33.0,44077.35
Dishwasher_2014-10-21_01,Dishwasher,2014-10-21 18:48:00,2014-10-21 19:22:00,2014-10-22 06:00:00,2014-10-22 06:34:00,SUCCESS,34.0,47225.63
Dishwasher_2014-10-22_01,Dishwasher,2014-10-22 19:01:00,2014-10-22 19:37:00,2014-10-23 06:00:00,2014-10-23 06:36:00,SUCCESS,36.0,47901.97
Dishwasher_2014-10-23_01,Dishwasher,2014-10-23 23:35:00,2014-10-24 00:10:00,2014-10-24 06:00:00,2014-10-24 06:35:00,SUCCESS,35.0,46289.62
Dishwasher_2014-10-25_01,Dishwasher,2014-10-25 07:30:00,2014-10-25 08:14:00,2014-10-26 06:00:00,2014-10-26 06:44:00,SUCCESS,44.0,51051.85
Dishwasher_2014-10-26_01,Dishwasher,2014-10-26 19:20:00,2014-10-26 19:55:00,2014-10-27 06:00:00,2014-10-27 06:35:00,SUCCESS,35.0,47888.25
Dishwasher_2014-10-28_01,Dishwasher,2014-10-28 18:17:00,2014-10-28 18:50:00,2014-10-29 06:00:00,2014-10-29 06:33:00,SUCCESS,33.0,44545.35
Dishwasher_2014-10-30_01,Dishwasher,2014-10-30 12:28:00,2014-10-30 13:03:00,2014-10-31 06:00:00,2014-10-31 06:35:00,SUCCESS,35.0,47686.43
Dishwasher_2014-10-31_01,Dishwasher,2014-10-31 18:56:00,2014-10-31 19:35:00,2014-11-01 06:00:00,2014-11-01 06:39:00,SUCCESS,39.0,47898.87
Dishwasher_2014-11-07_01,Dishwasher,2014-11-07 19:42:00,2014-11-07 20:18:00,2014-11-08 06:00:00,2014-11-08 06:36:00,SUCCESS,36.0,49688.92
Dishwasher_2014-11-08_01,Dishwasher,2014-11-08 19:58:00,2014-11-08 20:33:00,2014-11-09 06:00:00,2014-11-09 06:35:00,SUCCESS,35.0,49570.94
Dishwasher_2014-11-10_01,Dishwasher,2014-11-10 19:31:00,2014-11-10 20:07:00,2014-11-11 06:00:00,2014-11-11 06:36:00,SUCCESS,36.0,51007.67
Dishwasher_2014-11-11_01,Dishwasher,2014-11-11 18:28:00,2014-11-11 19:04:00,2014-11-12 06:00:00,2014-11-12 06:36:00,SUCCESS,36.0,48658.19
Dishwasher_2014-11-12_01,Dishwasher,2014-11-12 18:49:00,2014-11-12 19:24:00,2014-11-13 06:00:00,2014-11-13 06:35:00,SUCCESS,35.0,49495.16
Dishwasher_2014-11-14_01,Dishwasher,2014-11-14 18:21:00,2014-11-14 19:05:00,2014-11-15 06:00:00,2014-11-15 06:44:00,SUCCESS,44.0,50627.29
Dishwasher_2014-11-18_01,Dishwasher,2014-11-18 20:22:00,2014-11-18 20:58:00,2014-11-19 06:00:00,2014-11-19 06:36:00,SUCCESS,36.0,49996.31
Dishwasher_2014-11-25_01,Dishwasher,2014-11-25 19:41:00,2014-11-25 20:18:00,2014-11-26 06:00:00,2014-11-26 06:37:00,SUCCESS,37.0,51136.18
Dishwasher_2014-11-26_01,Dishwasher,2014-11-26 18:57:00,2014-11-26 19:34:00,2014-11-27 06:00:00,2014-11-27 06:37:00,SUCCESS,37.0,53611.32
Dishwasher_2014-11-28_01,Dishwasher,2014-11-28 08:06:00,2014-11-28 08:42:00,2014-11-29 06:00:00,2014-11-29 06:36:00,SUCCESS,36.0,52311.08
Dishwasher_2014-11-28_03,Dishwasher,2014-11-28 18:09:00,2014-11-28 18:43:00,2014-11-29 06:36:00,2014-11-29 07:10:00,SUCCESS,34.0,47413.2
Dishwasher_2014-11-30_01,Dishwasher,2014-11-30 17:24:00,2014-11-30 18:00:00,2014-12-01 06:00:00,2014-12-01 06:36:00,SUCCESS,36.0,49742.71
Dishwasher_2014-12-01_01,Dishwasher,2014-12-01 20:44:00,2014-12-01 21:28:00,2014-12-02 06:00:00,2014-12-02 06:44:00,SUCCESS,44.0,51607.74
Dishwasher_2014-12-02_01,Dishwasher,2014-12-02 19:23:00,2014-12-02 19:58:00,2014-12-03 06:00:00,2014-12-03 06:35:00,SUCCESS,35.0,47871.06
Dishwasher_2014-12-03_01,Dishwasher,2014-12-03 18:34:00,2014-12-03 19:09:00,2014-12-04 06:00:00,2014-12-04 06:35:00,SUCCESS,35.0,50189.14
Dishwasher_2014-12-04_01,Dishwasher,2014-12-04 18:44:00,2014-12-04 19:20:00,2014-12-05 06:00:00,2014-12-05 06:36:00,SUCCESS,36.0,50759.1
Dishwasher_2014-12-05_01,Dishwasher,2014-12-05 19:24:00,2014-12-05 20:01:00,2014-12-06 06:00:00,2014-12-06 06:37:00,SUCCESS,37.0,51674.27
Dishwasher_2014-12-06_01,Dishwasher,2014-12-06 16:14:00,2014-12-06 16:50:00,2014-12-07 06:00:00,2014-12-07 06:36:00,SUCCESS,36.0,48591.28
Dishwasher_2014-12-08_01,Dishwasher,2014-12-08 08:02:00,2014-12-08 08:39:00,2014-12-09 06:00:00,2014-12-09 06:37:00,SUCCESS,37.0,52750.4
Dishwasher_2014-12-08_03,Dishwasher,2014-12-08 18:29:00,2014-12-08 19:04:00,2014-12-09 06:37:00,2014-12-09 07:12:00,SUCCESS,35.0,46915.3
Dishwasher_2014-12-09_01,Dishwasher,2014-12-09 21:45:00,2014-12-09 22:33:00,2014-12-10 06:00:00,2014-12-10 06:48:00,SUCCESS,48.0,55064.84
Dishwasher_2014-12-10_01,Dishwasher,2014-12-10 19:46:00,2014-12-10 20:22:00,2014-12-11 06:00:00,2014-12-11 06:36:00,SUCCESS,36.0,50701.59
Dishwasher_2014-12-11_01,Dishwasher,2014-12-11 18:46:00,2014-12-11 19:23:00,2014-12-12 06:00:00,2014-12-12 06:37:00,SUCCESS,37.0,51248.25
Dishwasher_2014-12-14_01,Dishwasher,2014-12-14 13:00:00,2014-12-14 13:39:00,2014-12-15 06:00:00,2014-12-15 06:39:00,SUCCESS,39.0,53493.17
Dishwasher_2014-12-14_03,Dishwasher,2014-12-14 18:14:00,2014-12-14 18:48:00,2014-12-15 06:39:00,2014-12-15 07:13:00,SUCCESS,34.0,44868.93
Dishwasher_2014-12-15_01,Dishwasher,2014-12-15 19:36:00,2014-12-15 20:17:00,2014-12-16 06:00:00,2014-12-16 06:41:00,SUCCESS,41.0,52302.61
Dishwasher_2014-12-17_01,Dishwasher,2014-12-17 08:15:00,2014-12-17 08:52:00,2014-12-18 06:00:00,2014-12-18 06:37:00,SUCCESS,37.0,53303.13
Dishwasher_2014-12-17_04,Dishwasher,2014-12-17 20:00:00,2014-12-17 20:34:00,2014-12-18 06:37:00,2014-12-18 07:11:00,SUCCESS,34.0,47400.98
Dishwasher_2014-12-20_01,Dishwasher,2014-12-20 08:52:00,2014-12-20 09:29:00,2014-12-21 06:00:00,2014-12-21 06:37:00,SUCCESS,37.0,51925.57
Dishwasher_2014-12-22_02,Dishwasher,2014-12-22 11:43:00,2014-12-22 12:21:00,2014-12-23 06:00:00,2014-12-23 06:38:00,SUCCESS,38.0,51242.78
Dishwasher_2014-12-23_01,Dishwasher,2014-12-23 12:14:00,2014-12-23 12:50:00,2014-12-24 06:00:00,2014-12-24 06:36:00,SUCCESS,36.0,50229.94
Dishwasher_2014-12-24_01,Dishwasher,2014-12-24 20:25:00,2014-12-24 21:01:00,2014-12-25 06:00:00,2014-12-25 06:36:00,SUCCESS,36.0,51735.98
Dishwasher_2014-12-25_04,Dishwasher,2014-12-25 14:09:00,2014-12-25 15:28:00,2014-12-26 06:00:00,2014-12-26 07:19:00,SUCCESS,79.0,72095.74
Dishwasher_2014-12-25_07,Dishwasher,2014-12-25 16:12:00,2014-12-25 16:43:00,2014-12-25 16:17:00,2014-12-25 16:48:00,SUCCESS,31.0,38281.03
Dishwasher_2014-12-25_09,Dishwasher,2014-12-25 16:56:00,2014-12-25 17:36:00,2014-12-25 17:01:00,2014-12-25 17:41:00,SUCCESS,40.0,38678.58
Dishwasher_2014-12-27_01,Dishwasher,2014-12-27 22:23:00,2014-12-27 23:00:00,2014-12-28 06:00:00,2014-12-28 06:37:00,SUCCESS,37.0,54652.9
Dishwasher_2014-12-29_01,Dishwasher,2014-12-29 13:11:00,2014-12-29 13:48:00,2014-12-30 06:00:00,2014-12-30 06:37:00,SUCCESS,37.0,53975.94
Dishwasher_2014-12-30_01,Dishwasher,2014-12-30 12:57:00,2014-12-30 13:34:00,2014-12-31 06:00:00,2014-12-31 06:37:00,SUCCESS,37.0,52707.44
Dishwasher_2014-12-30_03,Dishwasher,2014-12-30 18:39:00,2014-12-30 19:14:00,2014-12-31 06:37:00,2014-12-31 07:12:00,SUCCESS,35.0,47644.18
Dishwasher_2015-01-01_01,Dishwasher,2015-01-01 17:07:00,2015-01-01 17:45:00,2015-01-02 06:00:00,2015-01-02 06:38:00,SUCCESS,38.0,54455.91
Dishwasher_2015-01-02_01,Dishwasher,2015-01-02 11:15:00,2015-01-02 11:51:00,2015-01-03 06:00:00,2015-01-03 06:36:00,SUCCESS,36.0,50353.84
Dishwasher_2015-01-03_02,Dishwasher,2015-01-03 13:01:00,2015-01-03 13:20:00,2015-01-04 06:00:00,2015-01-04 06:19:00,SUCCESS,19.0,17447.21
Dishwasher_2015-01-03_03,Dishwasher,2015-01-03 13:59:00,2015-01-03 14:24:00,2015-01-04 06:19:00,2015-01-04 06:44:00,SUCCESS,25.0,38989.91
Dishwasher_2015-01-04_01,Dishwasher,2015-01-04 15:00:00,2015-01-04 15:47:00,2015-01-05 06:00:00,2015-01-05 06:47:00,SUCCESS,47.0,54267.26
Dishwasher_2015-01-05_04,Dishwasher,2015-01-05 18:50:00,2015-01-05 19:28:00,2015-01-06 06:00:00,2015-01-06 06:38:00,SUCCESS,38.0,51860.54
Dishwasher_2015-01-06_01,Dishwasher,2015-01-06 18:28:00,2015-01-06 19:04:00,2015-01-07 06:00:00,2015-01-07 06:36:00,SUCCESS,36.0,49876.03
Dishwasher_2015-01-07_01,Dishwasher,2015-01-07 21:03:00,2015-01-07 21:40:00,2015-01-08 06:00:00,2015-01-08 06:37:00,SUCCESS,37.0,53945.72
Dishwasher_2015-01-09_01,Dishwasher,2015-01-09 16:13:00,2015-01-09 16:50:00,2015-01-10 06:00:00,2015-01-10 06:37:00,SUCCESS,37.0,51425.12
Dishwasher_2015-01-11_01,Dishwasher,2015-01-11 10:21:00,2015-01-11 10:57:00,2015-01-12 06:00:00,2015-01-12 06:36:00,SUCCESS,36.0,52386.79
Dishwasher_2015-01-11_03,Dishwasher,2015-01-11 19:59:00,2015-01-11 20:34:00,2015-01-12 06:36:00,2015-01-12 07:11:00,SUCCESS,35.0,48337.82
Dishwasher_2015-01-13_01,Dishwasher,2015-01-13 19:06:00,2015-01-13 19:51:00,2015-01-14 06:00:00,2015-01-14 06:45:00,SUCCESS,45.0,52101.89
Dishwasher_2015-01-14_01,Dishwasher,2015-01-14 20:40:00,2015-01-14 21:17:00,2015-01-15 06:00:00,2015-01-15 06:37:00,SUCCESS,37.0,53188.31
Dishwasher_2015-01-15_01,Dishwasher,2015-01-15 18:46:00,2015-01-15 19:25:00,2015-01-16 06:00:00,2015-01-16 06:39:00,SUCCESS,39.0,51758.52
Dishwasher_2015-01-17_01,Dishwasher,2015-01-17 19:38:00,2015-01-17 20:15:00,2015-01-18 06:00:00,2015-01-18 06:37:00,SUCCESS,37.0,53102.96
Dishwasher_2015-01-19_03,Dishwasher,2015-01-19 20:34:00,2015-01-19 21:10:00,2015-01-20 06:00:00,2015-01-20 06:36:00,SUCCESS,36.0,50686.08
Dishwasher_2015-01-20_01,Dishwasher,2015-01-20 20:45:00,2015-01-20 21:21:00,2015-01-21 06:00:00,2015-01-21 06:36:00,SUCCESS,36.0,51310.42
Dishwasher_2015-01-21_01,Dishwasher,2015-01-21 19:11:00,2015-01-21 19:49:00,2015-01-22 06:00:00,2015-01-22 06:38:00,SUCCESS,38.0,52752.96
Dishwasher_2015-01-23_01,Dishwasher,2015-01-23 12:47:00,2015-01-23 13:34:00,2015-01-24 06:00:00,2015-01-24 06:47:00,SUCCESS,47.0,56266.75
Dishwasher_2015-01-23_03,Dishwasher,2015-01-23 18:55:00,2015-01-23 19:30:00,2015-01-24 06:47:00,2015-01-24 07:22:00,SUCCESS,35.0,47610.83
Dishwasher_2015-01-25_06,Dishwasher,2015-01-25 18:34:00,2015-01-25 20:02:00,2015-01-26 06:00:00,2015-01-26 07:28:00,SUCCESS,88.0,86327.15
Dishwasher_2015-01-26_01,Dishwasher,2015-01-26 20:27:00,2015-01-26 21:03:00,2015-01-27 06:00:00,2015-01-27 06:36:00,SUCCESS,36.0,49397.66
Dishwasher_2015-01-27_01,Dishwasher,2015-01-27 19:14:00,2015-01-27 19:50:00,2015-01-28 06:00:00,2015-01-28 06:36:00,SUCCESS,36.0,52256.61
Dishwasher_2015-01-28_01,Dishwasher,2015-01-28 19:17:00,2015-01-28 19:54:00,2015-01-29 06:00:00,2015-01-29 06:37:00,SUCCESS,37.0,53426.49
Dishwasher_2015-01-30_01,Dishwasher,2015-01-30 21:24:00,2015-01-30 22:10:00,2015-01-31 06:00:00,2015-01-31 06:46:00,SUCCESS,46.0,55965.99
Dishwasher_2015-02-01_01,Dishwasher,2015-02-01 10:11:00,2015-02-01 10:47:00,2015-02-02 06:00:00,2015-02-02 06:36:00,SUCCESS,36.0,52417.61
Dishwasher_2015-02-01_03,Dishwasher,2015-02-01 14:54:00,2015-02-01 15:28:00,2015-02-02 06:36:00,2015-02-02 07:10:00,SUCCESS,34.0,47567.29
Dishwasher_2015-02-02_01,Dishwasher,2015-02-02 20:02:00,2015-02-02 23:03:00,2015-02-03 06:00:00,2015-02-03 09:01:00,SUCCESS,181.0,18885.13
Dishwasher_2015-02-03_01,Dishwasher,2015-02-03 18:41:00,2015-02-03 19:18:00,2015-02-04 06:00:00,2015-02-04 06:37:00,SUCCESS,37.0,50428.36
Dishwasher_2015-02-04_01,Dishwasher,2015-02-04 19:42:00,2015-02-04 20:19:00,2015-02-05 06:00:00,2015-02-05 06:37:00,SUCCESS,37.0,53896.26
Dishwasher_2015-02-05_01,Dishwasher,2015-02-05 18:20:00,2015-02-05 18:58:00,2015-02-06 06:00:00,2015-02-06 06:38:00,SUCCESS,38.0,53497.92
Dishwasher_2015-02-07_01,Dishwasher,2015-02-07 17:22:00,2015-02-07 18:00:00,2015-02-08 06:00:00,2015-02-08 06:38:00,SUCCESS,38.0,53871.01
Dishwasher_2015-02-08_01,Dishwasher,2015-02-08 10:39:00,2015-02-08 11:24:00,2015-02-09 06:00:00,2015-02-09 06:45:00,SUCCESS,45.0,52946.12
Dishwasher_2015-02-09_02,Dishwasher,2015-02-09 19:36:00,2015-02-09 20:13:00,2015-02-10 06:00:00,2015-02-10 06:37:00,SUCCESS,37.0,51467.21
Dishwasher_2015-02-10_01,Dishwasher,2015-02-10 20:22:00,2015-02-10 20:59:00,2015-02-11 06:00:00,2015-02-11 06:37:00,SUCCESS,37.0,51605.9
Dishwasher_2015-02-11_01,Dishwasher,2015-02-11 22:02:00,2015-02-11 22:38:00,2015-02-12 06:00:00,2015-02-12 06:36:00,SUCCESS,36.0,52500.71
Dishwasher_2015-02-12_01,Dishwasher,2015-02-12 18:45:00,2015-02-12 19:28:00,2015-02-13 06:00:00,2015-02-13 06:43:00,SUCCESS,43.0,54833.26
Dishwasher_2015-02-14_01,Dishwasher,2015-02-14 11:48:00,2015-02-14 12:25:00,2015-02-15 06:00:00,2015-02-15 06:37:00,SUCCESS,37.0,53375.65
Dishwasher_2015-02-15_01,Dishwasher,2015-02-15 17:24:00,2015-02-15 18:01:00,2015-02-16 06:00:00,2015-02-16 06:37:00,SUCCESS,37.0,53591.96
Dishwasher_2015-02-16_01,Dishwasher,2015-02-16 22:03:00,2015-02-16 22:38:00,2015-02-17 06:00:00,2015-02-17 06:35:00,SUCCESS,35.0,52411.31
Dishwasher_2015-02-17_01,Dishwasher,2015-02-17 18:58:00,2015-02-17 19:43:00,2015-02-18 06:00:00,2015-02-18 06:45:00,SUCCESS,45.0,52614.36
Dishwasher_2015-02-18_03,Dishwasher,2015-02-18 15:01:00,2015-02-18 15:36:00,2015-02-19 06:00:00,2015-02-19 06:35:00,SUCCESS,35.0,50326.71
Dishwasher_2015-02-18_05,Dishwasher,2015-02-18 18:28:00,2015-02-18 19:01:00,2015-02-19 06:35:00,2015-02-19 07:08:00,SUCCESS,33.0,42555.77
Dishwasher_2015-02-19_01,Dishwasher,2015-02-19 18:44:00,2015-02-19 19:20:00,2015-02-20 06:00:00,2015-02-20 06:36:00,SUCCESS,36.0,51619.95
Dishwasher_2015-02-21_04,Dishwasher,2015-02-21 12:34:00,2015-02-21 14:01:00,2015-02-22 06:00:00,2015-02-22 07:27:00,SUCCESS,87.0,86242.46
Dishwasher_2015-02-22_01,Dishwasher,2015-02-22 20:54:00,2015-02-22 21:31:00,2015-02-23 06:00:00,2015-02-23 06:37:00,SUCCESS,37.0,54238.34
Dishwasher_2015-02-24_01,Dishwasher,2015-02-24 08:10:00,2015-02-24 08:49:00,2015-02-25 06:00:00,2015-02-25 06:39:00,SUCCESS,39.0,52897.54
Dishwasher_2015-02-25_01,Dishwasher,2015-02-25 19:02:00,2015-02-25 19:48:00,2015-02-26 06:00:00,2015-02-26 06:46:00,SUCCESS,46.0,54901.75
Dishwasher_2015-02-26_01,Dishwasher,2015-02-26 20:03:00,2015-02-26 20:39:00,2015-02-27 06:00:00,2015-02-27 06:36:00,SUCCESS,36.0,51995.22
Dishwasher_2015-02-27_01,Dishwasher,2015-02-27 21:07:00,2015-02-27 21:42:00,2015-02-28 06:00:00,2015-02-28 06:35:00,SUCCESS,35.0,50870.67
Dishwasher_2015-02-28_01,Dishwasher,2015-02-28 19:09:00,2015-02-28 19:45:00,2015-03-01 06:00:00,2015-03-01 06:36:00,SUCCESS,36.0,50729.09
Dishwasher_2015-03-01_01,Dishwasher,2015-03-01 18:32:00,2015-03-01 19:08:00,2015-03-02 06:00:00,2015-03-02 06:36:00,SUCCESS,36.0,51098.61
Dishwasher_2015-03-04_03,Dishwasher,2015-03-04 19:54:00,2015-03-04 20:38:00,2015-03-05 06:00:00,2015-03-05 06:44:00,SUCCESS,44.0,50606.01
Dishwasher_2015-03-05_01,Dishwasher,2015-03-05 22:14:00,2015-03-05 22:51:00,2015-03-06 06:00:00,2015-03-06 06:37:00,SUCCESS,37.0,53602.45
Dishwasher_2015-03-06_01,Dishwasher,2015-03-06 21:16:00,2015-03-06 21:51:00,2015-03-07 06:00:00,2015-03-07 06:35:00,SUCCESS,35.0,50092.71
Dishwasher_2015-03-07_01,Dishwasher,2015-03-07 12:46:00,2015-03-07 14:12:00,2015-03-08 06:00:00,2015-03-08 07:26:00,SUCCESS,86.0,82501.79
Dishwasher_2015-03-08_01,Dishwasher,2015-03-08 08:30:00,2015-03-08 09:06:00,2015-03-09 06:00:00,2015-03-09 06:36:00,SUCCESS,36.0,49402.31
Dishwasher_2015-03-09_01,Dishwasher,2015-03-09 20:54:00,2015-03-09 21:31:00,2015-03-10 06:00:00,2015-03-10 06:37:00,SUCCESS,37.0,52697.73
Dishwasher_2015-03-10_01,Dishwasher,2015-03-10 20:23:00,2015-03-10 20:59:00,2015-03-11 06:00:00,2015-03-11 06:36:00,SUCCESS,36.0,49858.3
Dishwasher_2015-03-11_01,Dishwasher,2015-03-11 18:22:00,2015-03-11 19:07:00,2015-03-12 06:00:00,2015-03-12 06:45:00,SUCCESS,45.0,51451.32
Dishwasher_2015-03-12_01,Dishwasher,2015-03-12 18:25:00,2015-03-12 19:01:00,2015-03-13 06:00:00,2015-03-13 06:36:00,SUCCESS,36.0,48403.3
Dishwasher_2015-03-13_01,Dishwasher,2015-03-13 18:48:00,2015-03-13 19:23:00,2015-03-14 06:00:00,2015-03-14 06:35:00,SUCCESS,35.0,49883.26
Dishwasher_2015-03-15_01,Dishwasher,2015-03-15 19:24:00,2015-03-15 20:01:00,2015-03-16 06:00:00,2015-03-16 06:37:00,SUCCESS,37.0,51023.77
Dishwasher_2015-03-16_02,Dishwasher,2015-03-16 19:25:00,2015-03-16 20:00:00,2015-03-17 06:00:00,2015-03-17 06:35:00,SUCCESS,35.0,51702.9
Dishwasher_2015-03-17_02,Dishwasher,2015-03-17 18:57:00,2015-03-17 20:29:00,2015-03-18 06:00:00,2015-03-18 07:32:00,SUCCESS,92.0,87603.84
Dishwasher_2015-03-18_01,Dishwasher,2015-03-18 20:14:00,2015-03-18 20:49:00,2015-03-19 06:00:00,2015-03-19 06:35:00,SUCCESS,35.0,49363.06
Dishwasher_2015-03-19_01,Dishwasher,2015-03-19 19:18:00,2015-03-19 20:02:00,2015-03-20 06:00:00,2015-03-20 06:44:00,SUCCESS,44.0,52376.35
Dishwasher_2015-03-20_01,Dishwasher,2015-03-20 20:36:00,2015-03-20 21:11:00,2015-03-21 06:00:00,2015-03-21 06:35:00,SUCCESS,35.0,51963.38
Dishwasher_2015-03-24_01,Dishwasher,2015-03-24 20:53:00,2015-03-24 21:29:00,2015-03-25 06:00:00,2015-03-25 06:36:00,SUCCESS,36.0,50508.52
Dishwasher_2015-03-25_01,Dishwasher,2015-03-25 19:06:00,2015-03-25 19:42:00,2015-03-26 06:00:00,2015-03-26 06:36:00,SUCCESS,36.0,49642.33
Dishwasher_2015-03-26_01,Dishwasher,2015-03-26 20:07:00,2015-03-26 20:44:00,2015-03-27 06:00:00,2015-03-27 06:37:00,SUCCESS,37.0,51755.36
Dishwasher_2015-03-28_05,Dishwasher,2015-03-28 16:16:00,2015-03-28 17:54:00,2015-03-29 06:00:00,2015-03-29 07:38:00,SUCCESS,98.0,87954.18
Dishwasher_2015-03-29_01,Dishwasher,2015-03-29 10:58:00,2015-03-29 11:35:00,2015-03-30 06:00:00,2015-03-30 06:37:00,SUCCESS,37.0,51741.18
Dishwasher_2015-03-29_03,Dishwasher,2015-03-29 19:27:00,2015-03-29 20:02:00,2015-03-30 06:37:00,2015-03-30 07:12:00,SUCCESS,35.0,46836.67
Dishwasher_2015-03-30_01,Dishwasher,2015-03-30 20:27:00,2015-03-30 21:03:00,2015-03-31 06:00:00,2015-03-31 06:36:00,SUCCESS,36.0,50735.26
Dishwasher_2015-04-02_01,Dishwasher,2015-04-02 22:16:00,2015-04-02 23:41:00,2015-04-03 06:00:00,2015-04-03 07:25:00,SUCCESS,85.0,83762.47
Dishwasher_2015-04-11_04,Dishwasher,2015-04-11 18:03:00,2015-04-11 18:38:00,2015-04-12 06:00:00,2015-04-12 06:35:00,SUCCESS,35.0,38779.3
Dishwasher_2015-04-12_01,Dishwasher,2015-04-12 09:27:00,2015-04-12 10:00:00,2015-04-13 06:00:00,2015-04-13 06:33:00,SUCCESS,33.0,40661.4
Dishwasher_2015-04-13_01,Dishwasher,2015-04-13 08:17:00,2015-04-13 08:50:00,2015-04-14 06:00:00,2015-04-14 06:33:00,SUCCESS,33.0,43288.31
Dishwasher_2015-04-16_01,Dishwasher,2015-04-16 15:40:00,2015-04-16 17:14:00,2015-04-17 06:00:00,2015-04-17 07:34:00,SUCCESS,94.0,61132.4
Dishwasher_2015-04-18_01,Dishwasher,2015-04-18 14:33:00,2015-04-18 14:48:00,2015-04-19 06:00:00,2015-04-19 06:15:00,SUCCESS,15.0,17327.56
Dishwasher_2015-04-18_02,Dishwasher,2015-04-18 14:49:00,2015-04-18 15:12:00,2015-04-19 06:15:00,2015-04-19 06:38:00,SUCCESS,23.0,22697.35
Dishwasher_2015-04-20_01,Dishwasher,2015-04-20 18:19:00,2015-04-20 18:53:00,2015-04-21 06:00:00,2015-04-21 06:34:00,SUCCESS,34.0,39754.1
Dishwasher_2015-04-21_01,Dishwasher,2015-04-21 21:21:00,2015-04-21 21:55:00,2015-04-22 06:00:00,2015-04-22 06:34:00,SUCCESS,34.0,36492.37
Dishwasher_2015-04-23_01,Dishwasher,2015-04-23 19:00:00,2015-04-23 19:33:00,2015-04-24 06:00:00,2015-04-24 06:33:00,SUCCESS,33.0,41083.34
Dishwasher_2015-04-28_01,Dishwasher,2015-04-28 16:48:00,2015-04-28 17:21:00,2015-04-29 06:00:00,2015-04-29 06:33:00,SUCCESS,33.0,39714.82
Dishwasher_2015-04-30_01,Dishwasher,2015-04-30 08:21:00,2015-04-30 09:01:00,2015-05-01 06:00:00,2015-05-01 06:40:00,SUCCESS,40.0,43938.74
Dishwasher_2015-05-02_01,Dishwasher,2015-05-02 17:07:00,2015-05-02 17:40:00,2015-05-03 06:00:00,2015-05-03 06:33:00,SUCCESS,33.0,41316.27
Dishwasher_2015-05-02_02,Dishwasher,2015-05-02 22:40:00,2015-05-02 23:14:00,2015-05-03 06:33:00,2015-05-03 07:07:00,SUCCESS,34.0,40203.73
Dishwasher_2015-05-02_03,Dishwasher,2015-05-02 23:35:00,2015-05-03 00:09:00,2015-05-03 07:30:00,2015-05-03 08:04:00,SUCCESS,34.0,36052.41
Dishwasher_2015-05-06_01,Dishwasher,2015-05-06 16:29:00,2015-05-06 17:03:00,2015-05-07 06:00:00,2015-05-07 06:34:00,SUCCESS,34.0,40334.45
Dishwasher_2015-05-08_01,Dishwasher,2015-05-08 20:05:00,2015-05-08 20:43:00,2015-05-09 06:00:00,2015-05-09 06:38:00,SUCCESS,38.0,41959.38
Dishwasher_2015-05-10_01,Dishwasher,2015-05-10 22:34:00,2015-05-10 23:07:00,2015-05-11 06:00:00,2015-05-11 06:33:00,SUCCESS,33.0,39935.22
Dishwasher_2015-05-20_01,Dishwasher,2015-05-20 21:56:00,2015-05-20 22:34:00,2015-05-21 06:00:00,2015-05-21 06:38:00,SUCCESS,38.0,44159.24
Dishwasher_2015-05-24_01,Dishwasher,2015-05-24 12:00:00,2015-05-24 12:33:00,2015-05-25 06:00:00,2015-05-25 06:33:00,SUCCESS,33.0,39615.92
Dishwasher_2015-05-25_01,Dishwasher,2015-05-25 21:43:00,2015-05-25 22:17:00,2015-05-26 06:00:00,2015-05-26 06:34:00,SUCCESS,34.0,41108.22
Dishwasher_2015-05-27_01,Dishwasher,2015-05-27 08:58:00,2015-05-27 09:31:00,2015-05-28 06:00:00,2015-05-28 06:33:00,SUCCESS,33.0,39751.64
Dishwasher_2015-05-29_01,Dishwasher,2015-05-29 08:24:00,2015-05-29 08:59:00,2015-05-30 06:00:00,2015-05-30 06:35:00,SUCCESS,35.0,43402.36
Dishwasher_2015-06-03_01,Dishwasher,2015-06-03 08:12:00,2015-06-03 08:50:00,2015-06-04 06:00:00,2015-06-04 06:38:00,SUCCESS,38.0,41685.44
Dishwasher_2015-06-05_01,Dishwasher,2015-06-05 23:41:00,2015-06-06 00:14:00,2015-06-06 06:00:00,2015-06-06 06:33:00,SUCCESS,33.0,37603.85
Dishwasher_2015-06-09_01,Dishwasher,2015-06-09 08:30:00,2015-06-09 09:03:00,2015-06-10 06:00:00,2015-06-10 06:33:00,SUCCESS,33.0,41388.57
Dishwasher_2015-06-09_02,Dishwasher,2015-06-09 21:13:00,2015-06-09 21:46:00,2015-06-10 06:33:00,2015-06-10 07:06:00,SUCCESS,33.0,38065.81
Dishwasher_2015-06-18_01,Dishwasher,2015-06-18 08:47:00,2015-06-18 09:20:00,2015-06-19 06:00:00,2015-06-19 06:33:00,SUCCESS,33.0,38899.59
Dishwasher_2015-06-22_01,Dishwasher,2015-06-22 22:35:00,2015-06-22 23:08:00,2015-06-23 06:00:00,2015-06-23 06:33:00,SUCCESS,33.0,37447.78
Dishwasher_2015-06-25_01,Dishwasher,2015-06-25 18:36:00,2015-06-25 19:06:00,2015-06-26 06:00:00,2015-06-26 06:30:00,SUCCESS,30.0,36694.76
Dishwasher_2015-06-28_01,Dishwasher,2015-06-28 09:58:00,2015-06-28 10:30:00,2015-06-29 06:00:00,2015-06-29 06:32:00,SUCCESS,32.0,35742.96
Dishwasher_2015-06-29_01,Dishwasher,2015-06-29 23:14:00,2015-06-29 23:52:00,2015-06-30 06:00:00,2015-06-30 06:38:00,SUCCESS,38.0,39860.69
Dishwasher_2015-07-04_01,Dishwasher,2015-07-04 14:09:00,2015-07-04 14:41:00,2015-07-05 06:00:00,2015-07-05 06:32:00,SUCCESS,32.0,34235.75
